time,pos1,pos2,vel1,vel2,acc1,acc2,tau0,tau1
0,0,0,0,0,0,0,-0.79431,-0.524171
0.001,0.00000260209,-0.0000161882,0.00516841,-0.0322534,5.16841,-32.2534,-0.798232,-0.524692
0.002,0.0000102471,-0.0000642311,0.0100866,-0.0637123,4.91819,-31.4589,-0.80213,-0.525226
0.003,0.0000226876,-0.000143344,0.0147603,-0.0943949,4.6737,-30.6826,-0.806007,-0.525774
0.004,0.0000396818,-0.000252758,0.0191947,-0.124319,4.4344,-29.9241,-0.80986,-0.526334
0.005,0.0000609932,-0.000391725,0.0233954,-0.153502,4.2007,-29.183,-0.813692,-0.526906
0.006,0.0000863906,-0.000559512,0.0273676,-0.181961,3.9722,-28.459,-0.8175,-0.527491
0.007,0.000115648,-0.000755402,0.0311162,-0.209713,3.7486,-27.752,-0.821287,-0.528087
0.008,0.000148545,-0.000978698,0.0346465,-0.236773,3.5303,-27.06,-0.82505,-0.528694
0.009,0.000184864,-0.00122872,0.0379631,-0.263158,3.31660000000001,-26.385,-0.828792,-0.529311
0.01,0.000224396,-0.00150479,0.0410711,-0.288884,3.108,-25.7259999999999,-0.832511,-0.52994
0.011,0.000266933,-0.00180626,0.0439749,-0.313965,2.9038,-25.081,-0.836207,-0.530577
0.012,0.000312274,-0.0021325,0.0466793,-0.338416,2.7044,-24.451,-0.839881,-0.531225
0.013,0.000360222,-0.00248288,0.0491887,-0.362252,2.5094,-23.836,-0.843533,-0.531882
0.014,0.000410583,-0.0028568,0.0515075,-0.385487,2.31879999999999,-23.235,-0.847162,-0.532547
0.015,0.000463169,-0.00325365,0.05364,-0.408135,2.1325,-22.648,-0.850769,-0.533222
0.016,0.000517797,-0.00367287,0.0555904,-0.430209,1.9504,-22.074,-0.854354,-0.533904
0.017,0.000574286,-0.00411388,0.0573629,-0.451723,1.7725,-21.514,-0.857916,-0.534594
0.018,0.00063246,-0.00457613,0.0589614,-0.472689,1.5985,-20.9660000000001,-0.861456,-0.535292
0.019,0.000692148,-0.00505907,0.0603899,-0.493121,1.42850000000001,-20.4319999999999,-0.864973,-0.535996
0.02,0.00075318,-0.00556219,0.0616522,-0.51303,1.26229999999999,-19.909,-0.868468,-0.536708
0.021,0.000815394,-0.00608496,0.0627522,-0.532429,1.1,-19.399,-0.87194,-0.537426
0.022,0.000878628,-0.00662688,0.0636936,-0.551329,0.941400000000011,-18.9,-0.87539,-0.538151
0.023,0.000942725,-0.00718745,0.0644798,-0.569742,0.7862,-18.413,-0.878818,-0.538881
0.024,0.00100753,-0.0077662,0.0651146,-0.58768,0.63479999999999,-17.938,-0.882223,-0.539617
0.025,0.0010729,-0.00836265,0.0656013,-0.605153,0.486700000000006,-17.4730000000001,-0.885605,-0.540358
0.026,0.00113868,-0.00897635,0.0659434,-0.622172,0.342099999999999,-17.0189999999999,-0.888966,-0.541105
0.027,0.00120474,-0.00960684,0.0661441,-0.638747,0.200699999999998,-16.575,-0.892303,-0.541856
0.028,0.00127092,-0.0102537,0.0662067,-0.65489,0.0625999999999959,-16.143,-0.895618,-0.542612
0.029,0.0013371,-0.0109165,0.0661344,-0.670609,-0.0722999999999973,-15.719,-0.898911,-0.543372
0.03,0.00140314,-0.0115948,0.0659303,-0.685915,-0.204099999999999,-15.3060000000001,-0.902181,-0.544136
0.031,0.00146892,-0.0122882,0.0655975,-0.700818,-0.332799999999994,-14.903,-0.905429,-0.544904
0.032,0.00153429,-0.0129963,0.0651389,-0.715326,-0.458600000000003,-14.508,-0.908654,-0.545676
0.033,0.00159915,-0.0137187,0.0645575,-0.72945,-0.581399999999995,-14.124,-0.911856,-0.54645
0.034,0.00166336,-0.014455,0.0638561,-0.743197,-0.701400000000004,-13.7469999999999,-0.915036,-0.547228
0.035,0.00172682,-0.015205,0.0630375,-0.756577,-0.818600000000002,-13.38,-0.918193,-0.548008
0.036,0.0017894,-0.0159681,0.0621045,-0.769598,-0.933000000000002,-13.021,-0.921328,-0.548791
0.037,0.00185099,-0.016744,0.0610598,-0.782269,-1.0447,-12.671,-0.924439,-0.549577
0.038,0.00191148,-0.0175325,0.0599059,-0.794598,-1.1539,-12.329,-0.927529,-0.550364
0.039,0.00197076,-0.0183331,0.0586454,-0.806593,-1.2605,-11.995,-0.930595,-0.551154
0.04,0.00202873,-0.0191456,0.057281,-0.818261,-1.3644,-11.668,-0.933638,-0.551945
0.041,0.00208529,-0.0199695,0.055815,-0.829611,-1.466,-11.35,-0.936659,-0.552737
0.042,0.00214032,-0.0208047,0.0542498,-0.840649,-1.56519999999999,-11.038,-0.939657,-0.553531
0.043,0.00219375,-0.0216507,0.0525879,-0.851384,-1.66190000000001,-10.7350000000001,-0.942632,-0.554326
0.044,0.00224547,-0.0225074,0.0508315,-0.861822,-1.7564,-10.4379999999999,-0.945585,-0.555121
0.045,0.00229538,-0.0233743,0.0489829,-0.87197,-1.8486,-10.148,-0.948514,-0.555918
0.046,0.0023434,-0.0242512,0.0470444,-0.881834,-1.9385,-9.86399999999998,-0.95142,-0.556714
0.047,0.00238944,-0.0251379,0.0450181,-0.891423,-2.0263,-9.58899999999995,-0.954304,-0.557512
0.048,0.0024334,-0.026034,0.0429062,-0.900742,-2.1119,-9.31900000000007,-0.957164,-0.558309
0.049,0.00247522,-0.0269393,0.0407107,-0.909797,-2.19549999999999,-9.05499999999992,-0.960002,-0.559106
0.05,0.0025148,-0.0278535,0.0384337,-0.918595,-2.277,-8.79800000000008,-0.962816,-0.559903
0.051,0.00255206,-0.0287764,0.0360773,-0.927141,-2.35640000000002,-8.54599999999999,-0.965607,-0.560699
0.052,0.00258692,-0.0297077,0.0336433,-0.935442,-2.434,-8.301,-0.968375,-0.561495
0.053,0.00261932,-0.0306472,0.0311337,-0.943504,-2.5096,-8.06200000000001,-0.97112,-0.56229
0.054,0.00264916,-0.0315946,0.0285504,-0.951332,-2.5833,-7.82799999999994,-0.973842,-0.563084
0.055,0.00267639,-0.0325497,0.0258952,-0.958932,-2.6552,-7.60000000000004,-0.976541,-0.563876
0.056,0.00270093,-0.0335124,0.02317,-0.966309,-2.7252,-7.37699999999996,-0.979216,-0.564668
0.057,0.00272271,-0.0344823,0.0203766,-0.973468,-2.7934,-7.15900000000002,-0.981868,-0.565458
0.058,0.00274166,-0.0354593,0.0175166,-0.980414,-2.86,-6.946,-0.984496,-0.566247
0.059,0.00275772,-0.0364431,0.0145918,-0.987154,-2.92480000000002,-6.74000000000001,-0.987101,-0.567034
0.06,0.00277082,-0.0374335,0.0116038,-0.99369,-2.988,-6.53599999999998,-0.989683,-0.567819
0.061,0.0027809,-0.0384304,0.00855432,-1.00003,-3.04948,-6.34000000000001,-0.992242,-0.568602
0.062,0.0027879,-0.0394335,0.00544494,-1.00618,-3.10938,-6.15000000000009,-0.994776,-0.569382
0.063,0.00279177,-0.0404427,0.00227724,-1.01213,-3.1677,-5.94999999999989,-0.997288,-0.570161
0.064,0.00279244,-0.0414577,-0.000947245,-1.01791,-3.224485,-5.78000000000011,-0.999775,-0.570937
0.065,0.00278986,-0.0424784,-0.004227,-1.0235,-3.279755,-5.58999999999998,-1.00224,-0.57171
0.066,0.00278396,-0.0435046,-0.00756054,-1.02892,-3.33354,-5.41999999999998,-1.00468,-0.572481
0.067,0.00277471,-0.0445362,-0.0109464,-1.03417,-3.38586,-5.24999999999997,-1.0071,-0.573248
0.068,0.00276205,-0.0455729,-0.0143832,-1.03925,-3.4368,-5.07999999999997,-1.00949,-0.574013
0.069,0.00274593,-0.0466146,-0.0178695,-1.04417,-3.4863,-4.92000000000003,-1.01186,-0.574775
0.07,0.0027263,-0.0476612,-0.0214039,-1.04893,-3.5344,-4.75999999999987,-1.0142,-0.575533
0.071,0.00270311,-0.0487124,-0.0249851,-1.05353,-3.58120000000005,-4.60000000000022,-1.01653,-0.576288
0.072,0.00267631,-0.0497682,-0.0286118,-1.05798,-3.6267,-4.44999999999984,-1.01882,-0.577039
0.073,0.00264587,-0.0508284,-0.0322827,-1.06229,-3.67089999999999,-4.31000000000003,-1.0211,-0.577787
0.074,0.00261173,-0.0518927,-0.0359965,-1.06645,-3.7138,-4.15999999999994,-1.02335,-0.578531
0.075,0.00257386,-0.0529612,-0.0397519,-1.07046,-3.7554,-4.01000000000007,-1.02557,-0.579271
0.076,0.00253221,-0.0540336,-0.0435478,-1.07435,-3.79589999999999,-3.88999999999995,-1.02778,-0.580007
0.077,0.00248675,-0.0551099,-0.047383,-1.07809,-3.8352,-3.74000000000007,-1.02995,-0.580739
0.078,0.00243743,-0.0561898,-0.0512562,-1.08171,-3.8732,-3.61999999999995,-1.03211,-0.581467
0.079,0.00238422,-0.0572732,-0.0551664,-1.0852,-3.91019999999999,-3.48999999999999,-1.03424,-0.582191
0.08,0.00232708,-0.0583601,-0.0591124,-1.08856,-3.946,-3.36000000000003,-1.03634,-0.58291
0.081,0.00226598,-0.0594503,-0.063093,-1.0918,-3.98059999999999,-3.24000000000013,-1.03842,-0.583624
0.082,0.00220089,-0.0605437,-0.0671073,-1.09493,-4.0143,-3.12999999999985,-1.04048,-0.584334
0.083,0.00213176,-0.0616401,-0.0711541,-1.09793,-4.0468,-3.00000000000011,-1.04251,-0.585039
0.084,0.00205857,-0.0627395,-0.0752324,-1.10083,-4.0783,-2.8999999999999,-1.04452,-0.585739
0.085,0.00198128,-0.0638418,-0.0793412,-1.10361,-4.10879999999999,-2.78,-1.0465,-0.586435
0.086,0.00189987,-0.0649467,-0.0834794,-1.10628,-4.13820000000005,-2.66999999999998,-1.04846,-0.587125
0.087,0.00181431,-0.0660543,-0.0876461,-1.10885,-4.16670000000001,-2.56999999999996,-1.0504,-0.58781
0.088,0.00172457,-0.0671644,-0.0918402,-1.11132,-4.19409999999999,-2.47000000000019,-1.05231,-0.58849
0.089,0.00163062,-0.0682769,-0.096061,-1.11369,-4.22079999999999,-2.36999999999998,-1.05419,-0.589164
0.09,0.00153244,-0.0693917,-0.100307,-1.11596,-4.246,-2.26999999999999,-1.05606,-0.589833
0.091,0.00143,-0.0705088,-0.104578,-1.11813,-4.27100000000001,-2.17,-1.05789,-0.590496
0.092,0.00132327,-0.071628,-0.108873,-1.12021,-4.29499999999999,-2.07999999999986,-1.0597,-0.591154
0.093,0.00121224,-0.0727492,-0.113191,-1.1222,-4.318,-1.99000000000016,-1.06149,-0.591806
0.094,0.00109688,-0.0738723,-0.117531,-1.1241,-4.33999999999999,-1.90000000000001,-1.06325,-0.592452
0.095,0.000977175,-0.0749974,-0.121891,-1.12592,-4.36,-1.81999999999993,-1.06499,-0.593093
0.096,0.000853094,-0.0761242,-0.126273,-1.12765,-4.38199999999999,-1.73000000000001,-1.0667,-0.593727
0.097,0.000724622,-0.0772526,-0.130674,-1.12929,-4.40100000000001,-1.63999999999986,-1.06839,-0.594355
0.098,0.00059174,-0.0783827,-0.135093,-1.13086,-4.41899999999998,-1.57000000000007,-1.07005,-0.594977
0.099,0.00045443,-0.0795143,-0.13953,-1.13235,-4.43699999999999,-1.48999999999999,-1.07169,-0.595593
0.1,0.000312673,-0.0806474,-0.143985,-1.13376,-4.45500000000001,-1.41000000000013,-1.07331,-0.596202
0.101,0.000166454,-0.0817818,-0.148456,-1.1351,-4.471,-1.3399999999999,-1.07489,-0.596805
0.102,0.0000157554,-0.0829176,-0.152942,-1.13636,-4.48600000000005,-1.26000000000006,-1.07646,-0.597402
0.103,-0.000139437,-0.0840545,-0.157444,-1.13755,-4.502,-1.19000000000002,-1.07799,-0.597991
0.104,-0.000299138,-0.0851927,-0.16196,-1.13868,-4.51599999999999,-1.12999999999985,-1.07951,-0.598575
0.105,-0.000463361,-0.0863319,-0.166489,-1.13973,-4.529,-1.04999999999999,-1.08099,-0.599151
0.106,-0.000632119,-0.0874721,-0.17103,-1.14072,-4.54099999999999,-0.990000000000046,-1.08246,-0.599721
0.107,-0.000805426,-0.0886133,-0.175584,-1.14164,-4.554,-0.920000000000031,-1.08389,-0.600283
0.108,-0.000983292,-0.0897554,-0.180149,-1.1425,-4.56500000000001,-0.860000000000082,-1.08531,-0.600839
0.109,-0.00116573,-0.0908983,-0.184725,-1.1433,-4.57599999999999,-0.799999999999911,-1.08669,-0.601387
0.11,-0.00135275,-0.092042,-0.189311,-1.14404,-4.586,-0.739999999999962,-1.08805,-0.601929
0.111,-0.00154435,-0.0931863,-0.193907,-1.14472,-4.59599999999999,-0.680000000000013,-1.08939,-0.602463
0.112,-0.00174056,-0.0943314,-0.198511,-1.14534,-4.60399999999999,-0.620000000000064,-1.0907,-0.60299
0.113,-0.00194138,-0.095477,-0.203123,-1.14591,-4.612,-0.569999999999959,-1.09198,-0.603509
0.114,-0.00214681,-0.0966232,-0.207743,-1.14642,-4.62000000000001,-0.51000000000001,-1.09324,-0.604021
0.115,-0.00235687,-0.0977698,-0.21237,-1.14687,-4.62699999999999,-0.450000000000061,-1.09448,-0.604526
0.116,-0.00257155,-0.0989169,-0.217003,-1.14728,-4.63299999999999,-0.410000000000021,-1.09569,-0.605023
0.117,-0.00279088,-0.100064,-0.221642,-1.14763,-4.639,-0.34999999999985,-1.09687,-0.605512
0.118,-0.00301484,-0.101212,-0.226286,-1.14794,-4.64400000000004,-0.310000000000037,-1.09803,-0.605993
0.119,-0.00324345,-0.10236,-0.230935,-1.14819,-4.64900000000001,-0.250000000000083,-1.09916,-0.606467
0.12,-0.00347671,-0.103509,-0.235588,-1.1484,-4.65299999999999,-0.210000000000043,-1.10026,-0.606933
0.121,-0.00371463,-0.104657,-0.240245,-1.14856,-4.65699999999999,-0.159999999999938,-1.10134,-0.607391
0.122,-0.0039572,-0.105806,-0.244904,-1.14868,-4.65900000000002,-0.119999999999898,-1.1024,-0.607841
0.123,-0.00420444,-0.106954,-0.249566,-1.14875,-4.662,-0.0700000000000144,-1.10343,-0.608283
0.124,-0.00445634,-0.108103,-0.25423,-1.14877,-4.664,-0.020000000000131,-1.10443,-0.608716
0.125,-0.0047129,-0.109252,-0.258895,-1.14876,-4.66499999999997,0.0100000000000655,-1.1054,-0.609142
0.126,-0.00497413,-0.110401,-0.263562,-1.1487,-4.66700000000003,0.0599999999999489,-1.10636,-0.609559
0.127,-0.00524002,-0.111549,-0.268229,-1.1486,-4.66699999999997,0.0999999999999889,-1.10728,-0.609968
0.128,-0.00551058,-0.112698,-0.272895,-1.14847,-4.666,0.129999999999963,-1.10818,-0.610368
0.129,-0.00578581,-0.113846,-0.277562,-1.14829,-4.66699999999997,0.180000000000069,-1.10905,-0.61076
0.13,-0.00606571,-0.114994,-0.282227,-1.14808,-4.66500000000003,0.210000000000043,-1.1099,-0.611144
0.131,-0.00635027,-0.116142,-0.286891,-1.14783,-4.664,0.250000000000083,-1.11072,-0.611519
0.132,-0.00663949,-0.11729,-0.291553,-1.14754,-4.662,0.289999999999901,-1.11152,-0.611885
0.133,-0.00693337,-0.118437,-0.296213,-1.14722,-4.65999999999999,0.320000000000098,-1.11228,-0.612242
0.134,-0.00723191,-0.119584,-0.300869,-1.14686,-4.65599999999999,0.359999999999916,-1.11303,-0.612591
0.135,-0.00753511,-0.120731,-0.305523,-1.14646,-4.65399999999999,0.399999999999956,-1.11374,-0.612931
0.136,-0.00784296,-0.121877,-0.310173,-1.14604,-4.64999999999998,0.420000000000087,-1.11443,-0.613262
0.137,-0.00815545,-0.123023,-0.314819,-1.14558,-4.64600000000003,0.459999999999905,-1.1151,-0.613584
0.138,-0.00847259,-0.124169,-0.31946,-1.14509,-4.641,0.490000000000101,-1.11574,-0.613897
0.139,-0.00879437,-0.125313,-0.324097,-1.14457,-4.637,0.519999999999854,-1.11635,-0.614201
0.14,-0.00912079,-0.126458,-0.328728,-1.14401,-4.63099999999999,0.560000000000116,-1.11693,-0.614496
0.141,-0.00945183,-0.127601,-0.333354,-1.14343,-4.62600000000009,0.580000000000041,-1.11749,-0.614782
0.142,-0.00978749,-0.128745,-0.337973,-1.14282,-4.61900000000004,0.609999999999999,-1.11803,-0.615059
0.143,-0.0101278,-0.129887,-0.342586,-1.14218,-4.61299999999997,0.639999999999973,-1.11853,-0.615326
0.144,-0.0104727,-0.131029,-0.347192,-1.14151,-4.60599999999999,0.669999999999948,-1.11901,-0.615584
0.145,-0.0108222,-0.13217,-0.351791,-1.14081,-4.59900000000002,0.699999999999922,-1.11947,-0.615832
0.146,-0.0111762,-0.13331,-0.356382,-1.14008,-4.59099999999995,0.730000000000119,-1.1199,-0.616071
0.147,-0.0115349,-0.13445,-0.360965,-1.13933,-4.583,0.750000000000028,-1.1203,-0.616301
0.148,-0.0118982,-0.135589,-0.365539,-1.13855,-4.57400000000002,0.780000000000002,-1.12067,-0.616521
0.149,-0.012266,-0.136727,-0.370106,-1.13775,-4.56699999999998,0.799999999999911,-1.12102,-0.616731
0.15,-0.0126384,-0.137865,-0.374662,-1.13692,-4.556,0.830000000000108,-1.12134,-0.616932
0.151,-0.0130153,-0.139001,-0.37921,-1.13606,-4.54799999999999,0.85999999999986,-1.12164,-0.617123
0.152,-0.0133968,-0.140137,-0.383748,-1.13518,-4.53799999999998,0.879999999999991,-1.1219,-0.617304
0.153,-0.0137828,-0.141271,-0.388275,-1.13428,-4.527,0.900000000000122,-1.12215,-0.617475
0.154,-0.0141733,-0.142405,-0.392793,-1.13335,-4.51800000000002,0.929999999999875,-1.12236,-0.617637
0.155,-0.0145684,-0.143538,-0.397299,-1.1324,-4.50600000000001,0.950000000000006,-1.12255,-0.617788
0.156,-0.0149679,-0.14467,-0.401794,-1.13142,-4.49499999999997,0.97999999999998,-1.12271,-0.61793
0.157,-0.015372,-0.145801,-0.406278,-1.13043,-4.48399999999998,0.990000000000046,-1.12285,-0.618062
0.158,-0.0157805,-0.146931,-0.410751,-1.12941,-4.473,1.02000000000002,-1.12296,-0.618183
0.159,-0.0161935,-0.14806,-0.415211,-1.12837,-4.46000000000002,1.03999999999993,-1.12304,-0.618295
0.16,-0.0166109,-0.149188,-0.419658,-1.1273,-4.44699999999998,1.07000000000013,-1.12309,-0.618396
0.161,-0.0170328,-0.150314,-0.424094,-1.12622,-4.43600000000005,1.07999999999997,-1.12312,-0.618487
0.162,-0.0174591,-0.15144,-0.428516,-1.12512,-4.42199999999998,1.1000000000001,-1.12313,-0.618568
0.163,-0.0178898,-0.152565,-0.432925,-1.12399,-4.40899999999999,1.12999999999985,-1.1231,-0.618639
0.164,-0.0183249,-0.153688,-0.43732,-1.12284,-4.39499999999998,1.14999999999998,-1.12305,-0.618699
0.165,-0.0187644,-0.15481,-0.441701,-1.12168,-4.38100000000002,1.16000000000005,-1.12297,-0.618749
0.166,-0.0192083,-0.155931,-0.446069,-1.12049,-4.36799999999998,1.19000000000002,-1.12287,-0.618789
0.167,-0.0196566,-0.157051,-0.450422,-1.11929,-4.35299999999999,1.20000000000009,-1.12273,-0.618818
0.168,-0.0201092,-0.15817,-0.45476,-1.11806,-4.338,1.22999999999984,-1.12258,-0.618836
0.169,-0.0205661,-0.159287,-0.459083,-1.11682,-4.32300000000002,1.24000000000013,-1.12239,-0.618844
0.17,-0.0210273,-0.160404,-0.463391,-1.11555,-4.30799999999998,1.26999999999988,-1.12218,-0.618842
0.171,-0.0214929,-0.161519,-0.467683,-1.11427,-4.29200000000001,1.27999999999995,-1.12194,-0.618829
0.172,-0.0219627,-0.162632,-0.47196,-1.11297,-4.27700000000009,1.30000000000011,-1.12167,-0.618805
0.173,-0.0224368,-0.163744,-0.47622,-1.11165,-4.25999999999998,1.31999999999999,-1.12138,-0.61877
0.174,-0.0229151,-0.164855,-0.480464,-1.11032,-4.24400000000002,1.33000000000005,-1.12106,-0.618725
0.175,-0.0233977,-0.165965,-0.484692,-1.10896,-4.22800000000001,1.36000000000003,-1.12071,-0.618669
0.176,-0.0238845,-0.167073,-0.488902,-1.10759,-4.20999999999999,1.36999999999987,-1.12034,-0.618602
0.177,-0.0243755,-0.16818,-0.493096,-1.1062,-4.19399999999997,1.39,-1.11994,-0.618525
0.178,-0.0248707,-0.169286,-0.497272,-1.10479,-4.17600000000001,1.41000000000013,-1.11951,-0.618436
0.179,-0.02537,-0.17039,-0.50143,-1.10337,-4.15800000000005,1.41999999999998,-1.11906,-0.618337
0.18,-0.0258735,-0.171492,-0.505571,-1.10193,-4.14099999999995,1.43999999999988,-1.11857,-0.618226
0.181,-0.0263812,-0.172594,-0.509693,-1.10047,-4.12199999999996,1.46000000000002,-1.11807,-0.618105
0.182,-0.0268929,-0.173693,-0.513797,-1.099,-4.10399999999999,1.47000000000008,-1.11753,-0.617972
0.183,-0.0274088,-0.174792,-0.517883,-1.0975,-4.08600000000003,1.50000000000006,-1.11697,-0.617829
0.184,-0.0279287,-0.175888,-0.521949,-1.096,-4.06600000000001,1.49999999999983,-1.11638,-0.617674
0.185,-0.0284526,-0.176984,-0.525997,-1.09447,-4.04800000000005,1.53000000000003,-1.11576,-0.617509
0.186,-0.0289807,-0.178077,-0.530025,-1.09293,-4.02799999999992,1.5400000000001,-1.11512,-0.617332
0.187,-0.0295127,-0.17917,-0.534034,-1.09137,-4.00900000000004,1.56,-1.11445,-0.617144
0.188,-0.0300487,-0.18026,-0.538023,-1.0898,-3.98900000000002,1.56999999999985,-1.11375,-0.616945
0.189,-0.0305887,-0.181349,-0.541991,-1.08821,-3.96799999999997,1.5900000000002,-1.11303,-0.616735
0.19,-0.0311327,-0.182437,-0.54594,-1.08661,-3.94899999999998,1.59999999999982,-1.11227,-0.616513
0.191,-0.0316806,-0.183522,-0.549868,-1.08499,-3.92800000000004,1.62000000000018,-1.1115,-0.61628
0.192,-0.0322324,-0.184606,-0.553775,-1.08335,-3.90699999999999,1.63999999999986,-1.11069,-0.616036
0.193,-0.0327881,-0.185689,-0.557662,-1.0817,-3.88699999999997,1.64999999999993,-1.10986,-0.615781
0.194,-0.0333477,-0.18677,-0.561527,-1.08003,-3.865,1.67000000000006,-1.109,-0.615514
0.195,-0.0339112,-0.187849,-0.565371,-1.07835,-3.84399999999995,1.68000000000012,-1.10811,-0.615236
0.196,-0.0344785,-0.188927,-0.569193,-1.07665,-3.82199999999999,1.69999999999981,-1.1072,-0.614946
0.197,-0.0350496,-0.190002,-0.572994,-1.07494,-3.80100000000005,1.7100000000001,-1.10626,-0.614645
0.198,-0.0356245,-0.191076,-0.576773,-1.07321,-3.77899999999997,1.73000000000001,-1.10529,-0.614332
0.199,-0.0362031,-0.192149,-0.580529,-1.07146,-3.75599999999998,1.74999999999992,-1.10429,-0.614008
0.2,-0.0367855,-0.193219,-0.584263,-1.0697,-3.73400000000001,1.75999999999998,-1.10327,-0.613673
0.201,-0.0373716,-0.194288,-0.587974,-1.06793,-3.71100000000002,1.77000000000005,-1.10222,-0.613326
0.202,-0.0379614,-0.195355,-0.591662,-1.06614,-3.68800000000002,1.78999999999996,-1.10115,-0.612968
0.203,-0.0385549,-0.19642,-0.595328,-1.06434,-3.66599999999994,1.80000000000002,-1.10004,-0.612598
0.204,-0.0391521,-0.197484,-0.59897,-1.06252,-3.64200000000013,1.8200000000002,-1.09891,-0.612216
0.205,-0.0397529,-0.198545,-0.602589,-1.06068,-3.61900000000004,1.83999999999984,-1.09776,-0.611823
0.206,-0.0403573,-0.199605,-0.606184,-1.05884,-3.5949999999999,1.84000000000006,-1.09657,-0.611419
0.207,-0.0409652,-0.200663,-0.609755,-1.05697,-3.5710000000001,1.87000000000004,-1.09536,-0.611002
0.208,-0.0415768,-0.201719,-0.613302,-1.05509,-3.54699999999996,1.87999999999988,-1.09412,-0.610575
0.209,-0.0421918,-0.202773,-0.616825,-1.0532,-3.52299999999994,1.89000000000017,-1.09286,-0.610135
0.21,-0.0428104,-0.203826,-0.620323,-1.05129,-3.498,1.90999999999985,-1.09156,-0.609684
0.211,-0.0434325,-0.204876,-0.623797,-1.04937,-3.47400000000008,1.92000000000014,-1.09024,-0.609222
0.212,-0.044058,-0.205924,-0.627246,-1.04744,-3.44899999999992,1.92999999999999,-1.0889,-0.608747
0.213,-0.0446869,-0.206971,-0.630669,-1.04548,-3.42300000000006,1.95999999999996,-1.08752,-0.608261
0.214,-0.0453193,-0.208015,-0.634068,-1.04352,-3.39899999999993,1.95999999999996,-1.08612,-0.607764
0.215,-0.0459551,-0.209058,-0.637441,-1.04154,-3.37300000000007,1.98000000000009,-1.08469,-0.607254
0.216,-0.0465942,-0.210098,-0.640789,-1.03954,-3.34800000000001,2,-1.08324,-0.606733
0.217,-0.0472366,-0.211137,-0.64411,-1.03753,-3.3209999999999,2.00999999999984,-1.08176,-0.606201
0.218,-0.0478824,-0.212173,-0.647406,-1.03551,-3.29600000000007,2.02000000000013,-1.08025,-0.605656
0.219,-0.0485314,-0.213208,-0.650676,-1.03347,-3.26999999999999,2.03999999999982,-1.07871,-0.6051
0.22,-0.0491837,-0.21424,-0.653919,-1.03142,-3.24299999999999,2.05000000000011,-1.07715,-0.604533
0.221,-0.0498393,-0.215271,-0.657136,-1.02935,-3.21700000000002,2.07000000000001,-1.07556,-0.603953
0.222,-0.050498,-0.216299,-0.660325,-1.02727,-3.18899999999999,2.08000000000008,-1.07394,-0.603362
0.223,-0.0511599,-0.217325,-0.663488,-1.02518,-3.16299999999991,2.08999999999992,-1.0723,-0.60276
0.224,-0.051825,-0.218349,-0.666624,-1.02307,-3.13600000000002,2.11000000000005,-1.07063,-0.602145
0.225,-0.0524931,-0.219371,-0.669733,-1.02095,-3.10900000000003,2.1199999999999,-1.06893,-0.601519
0.226,-0.0531644,-0.220391,-0.672814,-1.01881,-3.081,2.14000000000003,-1.0672,-0.600882
0.227,-0.0538388,-0.221409,-0.675868,-1.01666,-3.054,2.15000000000009,-1.06545,-0.600232
0.228,-0.0545161,-0.222425,-0.678893,-1.01449,-3.02499999999994,2.17,-1.06367,-0.599571
0.229,-0.0551965,-0.223438,-0.681891,-1.01231,-2.99800000000005,2.17999999999985,-1.06187,-0.598899
0.23,-0.0558799,-0.224449,-0.68486,-1.01012,-2.969,2.19000000000013,-1.06004,-0.598214
0.231,-0.0565663,-0.225458,-0.687802,-1.00791,-2.942,2.20999999999982,-1.05818,-0.597518
0.232,-0.0572555,-0.226465,-0.690714,-1.00569,-2.91200000000002,2.22000000000011,-1.05629,-0.596811
0.233,-0.0579477,-0.22747,-0.693598,-1.00345,-2.88399999999999,2.24000000000002,-1.05438,-0.596092
0.234,-0.0586427,-0.228472,-0.696453,-1.0012,-2.85499999999994,2.24999999999986,-1.05244,-0.595361
0.235,-0.0593406,-0.229472,-0.699279,-0.998935,-2.82600000000007,2.26500000000013,-1.05047,-0.594619
0.236,-0.0600412,-0.23047,-0.702076,-0.996657,-2.79700000000005,2.278,-1.04847,-0.593865
0.237,-0.0607447,-0.231465,-0.704843,-0.994365,-2.76699999999996,2.29199999999996,-1.04645,-0.593099
0.238,-0.0614509,-0.232458,-0.70758,-0.992059,-2.73699999999999,2.30600000000003,-1.04441,-0.592323
0.239,-0.0621599,-0.233449,-0.710288,-0.98974,-2.70800000000004,2.31900000000007,-1.04233,-0.591534
0.24,-0.0628715,-0.234438,-0.712966,-0.987407,-2.67799999999996,2.33299999999992,-1.04023,-0.590734
0.241,-0.0635858,-0.235424,-0.715614,-0.98506,-2.64799999999998,2.34699999999999,-1.0381,-0.589923
0.242,-0.0643027,-0.236408,-0.718232,-0.982699,-2.61800000000001,2.36100000000006,-1.03595,-0.5891
0.243,-0.0650222,-0.23739,-0.720819,-0.980325,-2.587,2.37399999999998,-1.03377,-0.588266
0.244,-0.0657443,-0.238369,-0.723376,-0.977937,-2.55700000000003,2.38800000000005,-1.03156,-0.58742
0.245,-0.066469,-0.239345,-0.725901,-0.975536,-2.525,2.40099999999998,-1.02932,-0.586563
0.246,-0.0671961,-0.24032,-0.728396,-0.973121,-2.49500000000002,2.41499999999994,-1.02706,-0.585695
0.247,-0.0679258,-0.241292,-0.73086,-0.970693,-2.46399999999991,2.42799999999998,-1.02477,-0.584815
0.248,-0.0686578,-0.242261,-0.733292,-0.968251,-2.4320000000001,2.44200000000005,-1.02245,-0.583924
0.249,-0.0693923,-0.243228,-0.735693,-0.965796,-2.40099999999998,2.45499999999998,-1.02011,-0.583022
0.25,-0.0701292,-0.244193,-0.738062,-0.963328,-2.36899999999995,2.46800000000002,-1.01774,-0.582109
0.251,-0.0708684,-0.245155,-0.7404,-0.960846,-2.33799999999995,2.48199999999998,-1.01535,-0.581184
0.252,-0.07161,-0.246114,-0.742706,-0.958351,-2.30600000000003,2.49500000000002,-1.01293,-0.580249
0.253,-0.0723538,-0.247072,-0.744979,-0.955843,-2.27299999999997,2.50799999999995,-1.01048,-0.579302
0.254,-0.0730999,-0.248026,-0.74722,-0.953322,-2.24100000000005,2.52099999999999,-1.008,-0.578344
0.255,-0.0738483,-0.248978,-0.749429,-0.950788,-2.20900000000001,2.53400000000003,-1.0055,-0.577375
0.256,-0.0745988,-0.249928,-0.751605,-0.948242,-2.17599999999995,2.54599999999993,-1.00297,-0.576395
0.257,-0.0753515,-0.250875,-0.753748,-0.945682,-2.143,2.56,-1.00042,-0.575404
0.258,-0.0761063,-0.251819,-0.755859,-0.943109,-2.11099999999997,2.57300000000005,-0.997835,-0.574402
0.259,-0.0768632,-0.252761,-0.757936,-0.940524,-2.0770000000001,2.58499999999995,-0.995227,-0.57339
0.26,-0.0776221,-0.2537,-0.75998,-0.937926,-2.04399999999993,2.59799999999999,-0.992592,-0.572366
0.261,-0.0783831,-0.254637,-0.76199,-0.935316,-2.00999999999995,2.61,-0.989931,-0.571332
0.262,-0.0791461,-0.255571,-0.763967,-0.932693,-1.977,2.62300000000004,-0.987243,-0.570287
0.263,-0.079911,-0.256502,-0.765911,-0.930057,-1.94400000000006,2.63599999999997,-0.984529,-0.569231
0.264,-0.0806779,-0.257431,-0.76782,-0.92741,-1.90899999999994,2.64700000000006,-0.981789,-0.568164
0.265,-0.0814467,-0.258357,-0.769695,-0.92475,-1.87500000000007,2.65999999999999,-0.979022,-0.567087
0.266,-0.0822173,-0.25928,-0.771536,-0.922078,-1.84099999999998,2.67200000000001,-0.976229,-0.566
0.267,-0.0829897,-0.260201,-0.773342,-0.919394,-1.80599999999997,2.68399999999991,-0.973409,-0.564902
0.268,-0.083764,-0.261119,-0.775114,-0.916698,-1.77199999999999,2.69600000000003,-0.970563,-0.563793
0.269,-0.0845399,-0.262034,-0.776852,-0.91399,-1.73800000000002,2.70800000000004,-0.967691,-0.562674
0.27,-0.0853177,-0.262947,-0.778554,-0.91127,-1.70199999999998,2.71999999999994,-0.964792,-0.561545
0.271,-0.086097,-0.263857,-0.780221,-0.908539,-1.66700000000008,2.73100000000004,-0.961868,-0.560406
0.272,-0.0868781,-0.264764,-0.781853,-0.905796,-1.63199999999997,2.74299999999994,-0.958917,-0.559256
0.273,-0.0876607,-0.265669,-0.78345,-0.903042,-1.59699999999996,2.75400000000003,-0.955939,-0.558096
0.274,-0.088445,-0.26657,-0.785011,-0.900276,-1.56100000000003,2.76600000000004,-0.952936,-0.556926
0.275,-0.0892307,-0.267469,-0.786537,-0.8975,-1.52600000000003,2.776,-0.949906,-0.555746
0.276,-0.090018,-0.268365,-0.788026,-0.894712,-1.48899999999996,2.78800000000001,-0.94685,-0.554557
0.277,-0.0908068,-0.269258,-0.78948,-0.891913,-1.45399999999995,2.79899999999999,-0.943768,-0.553357
0.278,-0.091597,-0.270149,-0.790897,-0.889104,-1.417,2.80899999999995,-0.94066,-0.552147
0.279,-0.0923886,-0.271037,-0.792279,-0.886284,-1.38199999999999,2.82000000000004,-0.937526,-0.550928
0.28,-0.0931815,-0.271922,-0.793623,-0.883453,-1.34400000000001,2.83099999999991,-0.934366,-0.549699
0.281,-0.0939758,-0.272804,-0.794931,-0.880612,-1.30800000000009,2.84100000000009,-0.93118,-0.54846
0.282,-0.0947714,-0.273683,-0.796203,-0.87776,-1.27200000000001,2.85200000000012,-0.927967,-0.547212
0.283,-0.0955682,-0.274559,-0.797437,-0.874899,-1.23399999999996,2.861,-0.924729,-0.545954
0.284,-0.0963662,-0.275433,-0.798634,-0.872027,-1.197,2.87199999999998,-0.921465,-0.544687
0.285,-0.0971654,-0.276303,-0.799794,-0.869146,-1.16000000000005,2.88100000000002,-0.918175,-0.543411
0.286,-0.0979658,-0.277171,-0.800917,-0.866255,-1.12299999999998,2.89099999999997,-0.914859,-0.542125
0.287,-0.0987673,-0.278036,-0.802002,-0.863354,-1.085,2.90100000000004,-0.911517,-0.54083
0.288,-0.0995698,-0.278898,-0.803049,-0.860444,-1.04700000000002,2.90999999999997,-0.908149,-0.539527
0.289,-0.100373,-0.279756,-0.804058,-0.857525,-1.00900000000004,2.919,-0.904756,-0.538214
0.29,-0.101178,-0.280613,-0.805029,-0.854597,-0.970999999999943,2.92799999999993,-0.901336,-0.536892
0.291,-0.101983,-0.281466,-0.805963,-0.85166,-0.93399999999999,2.93700000000008,-0.897891,-0.535561
0.292,-0.10279,-0.282316,-0.806857,-0.848714,-0.894000000000061,2.946,-0.89442,-0.534222
0.293,-0.103597,-0.283163,-0.807714,-0.84576,-0.856999999999996,2.95400000000001,-0.890924,-0.532874
0.294,-0.104405,-0.284007,-0.808531,-0.842797,-0.816999999999956,2.96299999999994,-0.887402,-0.531518
0.295,-0.105214,-0.284849,-0.80931,-0.839826,-0.778999999999973,2.97100000000005,-0.883854,-0.530152
0.296,-0.106024,-0.285687,-0.81005,-0.836848,-0.740000000000073,2.97799999999992,-0.88028,-0.528779
0.297,-0.106834,-0.286522,-0.810751,-0.833861,-0.700999999999951,2.98700000000007,-0.876681,-0.527397
0.298,-0.107645,-0.287355,-0.811412,-0.830867,-0.661000000000022,2.99399999999994,-0.873056,-0.526007
0.299,-0.108457,-0.288184,-0.812034,-0.827865,-0.622000000000011,3.00200000000006,-0.869406,-0.524609
0.3,-0.109269,-0.28901,-0.812617,-0.824857,-0.583,3.00800000000001,-0.86573,-0.523203
0.301,-0.110082,-0.289834,-0.813159,-0.821841,-0.541999999999931,3.0159999999999,-0.862029,-0.521789
0.302,-0.110896,-0.290654,-0.813662,-0.818819,-0.503000000000031,3.02200000000008,-0.858303,-0.520367
0.303,-0.11171,-0.291471,-0.814125,-0.81579,-0.462999999999991,3.02899999999995,-0.854551,-0.518938
0.304,-0.112524,-0.292286,-0.814548,-0.812754,-0.423000000000062,3.03600000000004,-0.850773,-0.517501
0.305,-0.113339,-0.293097,-0.81493,-0.809713,-0.381999999999993,3.04099999999996,-0.846971,-0.516056
0.306,-0.114154,-0.293905,-0.815272,-0.806665,-0.341999999999953,3.04800000000005,-0.843142,-0.514604
0.307,-0.114969,-0.29471,-0.815573,-0.803612,-0.300999999999995,3.05299999999997,-0.839289,-0.513145
0.308,-0.115785,-0.295512,-0.815834,-0.800554,-0.260999999999955,3.058,-0.835411,-0.511678
0.309,-0.116601,-0.296311,-0.816053,-0.79749,-0.21900000000008,3.06399999999995,-0.831507,-0.510205
0.31,-0.117417,-0.297107,-0.816232,-0.794422,-0.178999999999929,3.06800000000007,-0.827578,-0.508724
0.311,-0.118233,-0.2979,-0.816369,-0.791348,-0.137000000000054,3.07399999999991,-0.823624,-0.507236
0.312,-0.11905,-0.29869,-0.816465,-0.78827,-0.0959999999999849,3.07800000000002,-0.819645,-0.505742
0.313,-0.119866,-0.299477,-0.816519,-0.785188,-0.0539999999999984,3.08200000000003,-0.81564,-0.504241
0.314,-0.120683,-0.30026,-0.816532,-0.782102,-0.0130000000000407,3.08600000000003,-0.811611,-0.502734
0.315,-0.121499,-0.301041,-0.816503,-0.779012,0.0290000000000567,3.08999999999992,-0.807557,-0.50122
0.316,-0.122316,-0.301818,-0.816432,-0.775919,0.0709999999999322,3.09300000000001,-0.803477,-0.4997
0.317,-0.123132,-0.302593,-0.816318,-0.772822,0.114000000000058,3.09700000000001,-0.799373,-0.498174
0.318,-0.123948,-0.303364,-0.816163,-0.769722,0.155000000000016,3.09999999999999,-0.795244,-0.496641
0.319,-0.124764,-0.304132,-0.815965,-0.76662,0.19799999999992,3.10200000000005,-0.79109,-0.495103
0.32,-0.12558,-0.304897,-0.815725,-0.763515,0.240000000000018,3.10499999999991,-0.786911,-0.493559
0.321,-0.126396,-0.305659,-0.815442,-0.760409,0.283000000000033,3.10600000000005,-0.782708,-0.492009
0.322,-0.127211,-0.306418,-0.815116,-0.7573,0.326000000000048,3.10900000000003,-0.778479,-0.490454
0.323,-0.128026,-0.307174,-0.814747,-0.75419,0.368999999999952,3.10999999999994,-0.774226,-0.488893
0.324,-0.128841,-0.307926,-0.814334,-0.751078,0.412999999999996,3.112,-0.769948,-0.487327
0.325,-0.129655,-0.308676,-0.813879,-0.747966,0.454999999999983,3.112,-0.765646,-0.485756
0.326,-0.130468,-0.309422,-0.81338,-0.744853,0.499000000000027,3.11300000000003,-0.761319,-0.484179
0.327,-0.131281,-0.310166,-0.812838,-0.741739,0.542000000000042,3.11399999999995,-0.756967,-0.482598
0.328,-0.132094,-0.310906,-0.812252,-0.738625,0.585999999999975,3.11400000000006,-0.752591,-0.481012
0.329,-0.132906,-0.311643,-0.811622,-0.735512,0.630000000000019,3.11299999999992,-0.748191,-0.479421
0.33,-0.133717,-0.312377,-0.810948,-0.732399,0.673999999999952,3.11300000000003,-0.743766,-0.477826
0.331,-0.134528,-0.313108,-0.81023,-0.729287,0.717999999999996,3.112,-0.739316,-0.476226
0.332,-0.135338,-0.313835,-0.809468,-0.726176,0.76200000000004,3.11099999999997,-0.734842,-0.474623
0.333,-0.136147,-0.31456,-0.808661,-0.723066,0.807000000000001,3.11000000000005,-0.730344,-0.473015
0.334,-0.136955,-0.315282,-0.80781,-0.719959,0.850999999999934,3.10699999999997,-0.725822,-0.471403
0.335,-0.137762,-0.316,-0.806914,-0.716853,0.896000000000007,3.10600000000005,-0.721275,-0.469787
0.336,-0.138569,-0.316715,-0.805973,-0.71375,0.940999999999969,3.10299999999996,-0.716704,-0.468168
0.337,-0.139374,-0.317427,-0.804987,-0.71065,0.986000000000042,3.09999999999999,-0.712109,-0.466545
0.338,-0.140179,-0.318137,-0.803957,-0.707552,1.02999999999997,3.09800000000004,-0.70749,-0.464918
0.339,-0.140982,-0.318843,-0.80288,-0.704459,1.07699999999999,3.09300000000001,-0.702847,-0.463289
0.34,-0.141784,-0.319545,-0.801759,-0.701369,1.12100000000004,3.08999999999992,-0.69818,-0.461656
0.341,-0.142586,-0.320245,-0.800592,-0.698283,1.16700000000003,3.08600000000003,-0.693488,-0.46002
0.342,-0.143386,-0.320942,-0.799379,-0.695201,1.21300000000002,3.08200000000003,-0.688773,-0.458382
0.343,-0.144184,-0.321636,-0.798121,-0.692125,1.25799999999998,3.07599999999996,-0.684034,-0.456741
0.344,-0.144982,-0.322326,-0.796816,-0.689054,1.30500000000007,3.0710000000001,-0.679271,-0.455097
0.345,-0.145778,-0.323014,-0.795466,-0.685988,1.34999999999996,3.06600000000001,-0.674484,-0.453451
0.346,-0.146573,-0.323698,-0.794069,-0.682928,1.39699999999998,3.06000000000006,-0.669673,-0.451803
0.347,-0.147366,-0.32438,-0.792626,-0.679875,1.44299999999997,3.05299999999997,-0.664839,-0.450153
0.348,-0.148158,-0.325058,-0.791137,-0.676828,1.48900000000007,3.04700000000002,-0.659981,-0.448501
0.349,-0.148948,-0.325733,-0.789601,-0.673788,1.53599999999998,3.03999999999993,-0.655099,-0.446847
0.35,-0.149737,-0.326406,-0.788018,-0.670756,1.583,3.03200000000003,-0.650194,-0.445192
0.351,-0.150524,-0.327075,-0.786388,-0.667732,1.63000000000002,3.02400000000002,-0.645265,-0.443536
0.352,-0.15131,-0.327741,-0.784712,-0.664716,1.67600000000001,3.01600000000002,-0.640312,-0.441878
0.353,-0.152094,-0.328404,-0.782988,-0.661708,1.72399999999995,3.00800000000001,-0.635336,-0.440219
0.354,-0.152876,-0.329064,-0.781217,-0.658709,1.77099999999997,2.99899999999997,-0.630337,-0.438559
0.355,-0.153656,-0.329722,-0.779398,-0.65572,1.81900000000001,2.98900000000002,-0.625314,-0.436899
0.356,-0.154435,-0.330376,-0.777532,-0.652741,1.86600000000003,2.97899999999995,-0.620268,-0.435237
0.357,-0.155211,-0.331027,-0.775619,-0.649771,1.91300000000005,2.97000000000003,-0.615199,-0.433576
0.358,-0.155986,-0.331675,-0.773657,-0.646813,1.96199999999991,2.95800000000001,-0.610106,-0.431914
0.359,-0.156759,-0.332321,-0.771648,-0.643865,2.00900000000004,2.94799999999995,-0.60499,-0.430252
0.36,-0.157529,-0.332963,-0.769591,-0.640929,2.05699999999997,2.93600000000005,-0.599852,-0.428591
0.361,-0.158298,-0.333603,-0.767485,-0.638004,2.10600000000005,2.92499999999995,-0.594689,-0.426929
0.362,-0.159064,-0.334239,-0.765332,-0.635092,2.15299999999996,2.91200000000002,-0.589504,-0.425269
0.363,-0.159828,-0.334873,-0.763129,-0.632193,2.20300000000006,2.89899999999998,-0.584296,-0.423608
0.364,-0.16059,-0.335504,-0.760879,-0.629306,2.24999999999997,2.88699999999997,-0.579065,-0.421949
0.365,-0.16135,-0.336131,-0.758579,-0.626434,2.29999999999997,2.87199999999998,-0.573811,-0.420291
0.366,-0.162108,-0.336756,-0.756231,-0.623575,2.34800000000001,2.85900000000005,-0.568534,-0.418633
0.367,-0.162863,-0.337379,-0.753834,-0.62073,2.39699999999998,2.84499999999998,-0.563235,-0.416978
0.368,-0.163615,-0.337998,-0.751388,-0.617901,2.44600000000006,2.82899999999997,-0.557912,-0.415323
0.369,-0.164365,-0.338614,-0.748893,-0.615086,2.49499999999991,2.81500000000001,-0.552567,-0.413671
0.37,-0.165113,-0.339228,-0.746348,-0.612288,2.54500000000002,2.79799999999996,-0.547199,-0.41202
0.371,-0.165858,-0.339839,-0.743754,-0.609505,2.59399999999998,2.78300000000009,-0.541809,-0.410372
0.372,-0.1666,-0.340447,-0.741111,-0.606739,2.64300000000006,2.76599999999993,-0.536396,-0.408725
0.373,-0.16734,-0.341052,-0.738418,-0.603991,2.69299999999994,2.74800000000008,-0.53096,-0.407082
0.374,-0.168077,-0.341655,-0.735675,-0.601259,2.74300000000005,2.73199999999995,-0.525502,-0.405441
0.375,-0.168812,-0.342255,-0.732882,-0.598546,2.79299999999993,2.71299999999996,-0.520022,-0.403802
0.376,-0.169543,-0.342852,-0.730039,-0.595851,2.84300000000004,2.695,-0.514519,-0.402167
0.377,-0.170272,-0.343447,-0.727147,-0.593176,2.892,2.67499999999998,-0.508994,-0.400535
0.378,-0.170997,-0.344038,-0.724203,-0.590519,2.94399999999994,2.65700000000002,-0.503447,-0.398907
0.379,-0.17172,-0.344628,-0.72121,-0.587883,2.99300000000002,2.63599999999997,-0.497877,-0.397282
0.38,-0.17244,-0.345214,-0.718166,-0.585267,3.04400000000004,2.61600000000006,-0.492286,-0.395661
0.381,-0.173156,-0.345798,-0.715072,-0.582671,3.09399999999993,2.59599999999993,-0.486672,-0.394044
0.382,-0.17387,-0.34638,-0.711927,-0.580097,3.14500000000006,2.57400000000007,-0.481036,-0.392431
0.383,-0.17458,-0.346958,-0.708731,-0.577545,3.19599999999997,2.552,-0.475378,-0.390823
0.384,-0.175287,-0.347535,-0.705484,-0.575016,3.247,2.529,-0.469698,-0.389219
0.385,-0.175991,-0.348108,-0.702186,-0.572509,3.29800000000002,2.50699999999992,-0.463996,-0.387621
0.386,-0.176692,-0.34868,-0.698837,-0.570025,3.34899999999993,2.48400000000004,-0.458273,-0.386027
0.387,-0.177389,-0.349249,-0.695436,-0.567565,3.40099999999998,2.46000000000002,-0.452527,-0.384438
0.388,-0.178082,-0.349815,-0.691985,-0.565129,3.45100000000009,2.43599999999999,-0.44676,-0.382855
0.389,-0.178773,-0.350379,-0.688482,-0.562719,3.50299999999992,2.41000000000002,-0.440971,-0.381278
0.39,-0.179459,-0.35094,-0.684927,-0.560333,3.55500000000008,2.386,-0.435161,-0.379707
0.391,-0.180142,-0.351499,-0.68132,-0.557974,3.60699999999991,2.359,-0.429329,-0.378141
0.392,-0.180822,-0.352056,-0.677662,-0.555641,3.65800000000005,2.33299999999992,-0.423475,-0.376582
0.393,-0.181498,-0.352611,-0.673952,-0.553334,3.70999999999999,2.30700000000006,-0.4176,-0.37503
0.394,-0.18217,-0.353163,-0.67019,-0.551055,3.76200000000004,2.27900000000003,-0.411703,-0.373484
0.395,-0.182838,-0.353713,-0.666375,-0.548804,3.8149999999999,2.251,-0.405785,-0.371945
0.396,-0.183503,-0.354261,-0.662509,-0.546582,3.86600000000003,2.22199999999994,-0.399846,-0.370414
0.397,-0.184163,-0.354806,-0.65859,-0.544388,3.919,2.19400000000003,-0.393886,-0.36889
0.398,-0.18482,-0.355349,-0.654618,-0.542224,3.97199999999997,2.16399999999994,-0.387904,-0.367373
0.399,-0.185472,-0.355891,-0.650594,-0.54009,4.02400000000002,2.13400000000008,-0.381901,-0.365864
0.4,-0.186121,-0.35643,-0.646517,-0.537987,4.07699999999999,2.10299999999996,-0.375877,-0.364364
0.401,-0.186765,-0.356967,-0.642388,-0.535915,4.12900000000005,2.07199999999996,-0.369832,-0.362871
0.402,-0.187406,-0.357501,-0.638206,-0.533874,4.1819999999999,2.04100000000007,-0.363766,-0.361388
0.403,-0.188042,-0.358034,-0.63397,-0.531866,4.23600000000001,2.00800000000001,-0.357679,-0.359913
0.404,-0.188674,-0.358565,-0.629682,-0.529891,4.28800000000007,1.97499999999995,-0.351571,-0.358446
0.405,-0.189301,-0.359094,-0.62534,-0.527949,4.34199999999995,1.942,-0.345442,-0.35699
0.406,-0.189924,-0.359621,-0.620946,-0.526041,4.39400000000001,1.90800000000002,-0.339292,-0.355542
0.407,-0.190543,-0.360146,-0.616497,-0.524168,4.44900000000028,1.87300000000012,-0.333122,-0.354105
0.408,-0.191157,-0.360669,-0.611996,-0.522329,4.50099999999997,1.83899999999992,-0.326931,-0.352677
0.409,-0.191767,-0.361191,-0.60744,-0.520527,4.556,1.80200000000008,-0.320719,-0.351259
0.41,-0.192372,-0.36171,-0.602831,-0.51876,4.60899999999997,1.76699999999996,-0.314487,-0.349852
0.411,-0.192973,-0.362228,-0.598168,-0.517031,4.66299999999997,1.72899999999998,-0.308235,-0.348455
0.412,-0.193568,-0.362745,-0.593452,-0.515339,4.71600000000005,1.69200000000003,-0.301961,-0.34707
0.413,-0.194159,-0.363259,-0.588681,-0.513685,4.77099999999997,1.65400000000004,-0.295668,-0.345695
0.414,-0.194746,-0.363772,-0.583856,-0.512069,4.82499999999996,1.61599999999995,-0.289354,-0.344332
0.415,-0.195327,-0.364283,-0.578977,-0.510493,4.87900000000007,1.57600000000002,-0.28302,-0.34298
0.416,-0.195904,-0.364793,-0.574044,-0.508956,4.93299999999996,1.53700000000001,-0.276665,-0.341641
0.417,-0.196475,-0.365301,-0.569056,-0.50746,4.98799999999999,1.49599999999994,-0.270291,-0.340313
0.418,-0.197042,-0.365808,-0.564014,-0.506005,5.04199999999999,1.45499999999998,-0.263896,-0.338998
0.419,-0.197603,-0.366313,-0.558917,-0.504591,5.09700000000001,1.41400000000003,-0.257481,-0.337696
0.42,-0.19816,-0.366817,-0.553766,-0.50322,5.15100000000001,1.37100000000001,-0.251046,-0.336406
0.421,-0.198711,-0.36732,-0.54856,-0.501892,5.20599999999993,1.32799999999999,-0.244591,-0.335129
0.422,-0.199257,-0.367821,-0.543298,-0.500607,5.2620000000001,1.28499999999998,-0.238116,-0.333866
0.423,-0.199797,-0.368321,-0.537982,-0.499366,5.31599999999998,1.24100000000005,-0.231621,-0.332617
0.424,-0.200333,-0.36882,-0.532611,-0.49817,5.37100000000001,1.19599999999997,-0.225107,-0.331381
0.425,-0.200862,-0.369317,-0.527185,-0.497019,5.42599999999993,1.15100000000001,-0.218573,-0.33016
0.426,-0.201387,-0.369814,-0.521703,-0.495914,5.48199999999998,1.10499999999997,-0.212019,-0.328953
0.427,-0.201906,-0.370309,-0.516167,-0.494856,5.53599999999998,1.058,-0.205445,-0.327761
0.428,-0.202419,-0.370803,-0.510574,-0.493846,5.59300000000007,1.01000000000001,-0.198852,-0.326584
0.429,-0.202927,-0.371297,-0.504926,-0.492883,5.64799999999998,0.962999999999991,-0.192239,-0.325423
0.43,-0.203429,-0.371789,-0.499223,-0.491969,5.70300000000001,0.914000000000025,-0.185606,-0.324276
0.431,-0.203925,-0.372281,-0.493464,-0.491104,5.75899999999995,0.865000000000004,-0.178955,-0.323146
0.432,-0.204416,-0.372771,-0.487648,-0.490289,5.81599999999998,0.815000000000009,-0.172283,-0.322032
0.433,-0.204901,-0.373261,-0.481777,-0.489525,5.87100000000001,0.763999999999986,-0.165593,-0.320934
0.434,-0.205379,-0.373751,-0.47585,-0.488812,5.92700000000001,0.712999999999963,-0.158883,-0.319853
0.435,-0.205852,-0.374239,-0.469867,-0.488151,5.98300000000001,0.661000000000022,-0.152154,-0.318788
0.436,-0.206319,-0.374727,-0.463828,-0.487542,6.03899999999996,0.609000000000026,-0.145406,-0.317741
0.437,-0.20678,-0.375214,-0.457732,-0.486987,6.09599999999999,0.554999999999972,-0.138638,-0.316712
0.438,-0.207235,-0.375701,-0.45158,-0.486486,6.15200000000004,0.501000000000029,-0.131852,-0.3157
0.439,-0.207683,-0.376187,-0.445372,-0.486039,6.20799999999999,0.446999999999975,-0.125046,-0.314707
0.44,-0.208125,-0.376673,-0.439106,-0.485649,6.26599999999999,0.390000000000001,-0.118221,-0.313732
0.441,-0.208561,-0.377159,-0.432785,-0.485314,6.32100000000002,0.334999999999974,-0.111378,-0.312776
0.442,-0.208991,-0.377644,-0.426406,-0.485036,6.37899999999996,0.278,-0.104515,-0.311838
0.443,-0.209414,-0.378129,-0.419971,-0.484815,6.43500000000002,0.221000000000026,-0.097634,-0.31092
0.444,-0.209831,-0.378613,-0.413478,-0.484653,6.49299999999997,0.161999999999995,-0.0907339,-0.310022
0.445,-0.210241,-0.379098,-0.406929,-0.48455,6.54900000000002,0.10300000000002,-0.083815,-0.309144
0.446,-0.210645,-0.379582,-0.400322,-0.484506,6.60699999999997,0.0439999999999885,-0.0768775,-0.308285
0.447,-0.211042,-0.380067,-0.393658,-0.484523,6.664,-0.0169999999999892,-0.0699212,-0.307448
0.448,-0.211432,-0.380552,-0.386937,-0.484601,6.72100000000003,-0.0780000000000224,-0.0629464,-0.306631
0.449,-0.211815,-0.381036,-0.380158,-0.484742,6.77899999999997,-0.141000000000002,-0.0559529,-0.305835
0.45,-0.212192,-0.381521,-0.373322,-0.484944,6.836,-0.20199999999998,-0.048941,-0.305061
0.451,-0.212562,-0.382006,-0.366428,-0.485211,6.89400000000001,-0.267000000000017,-0.0419106,-0.304309
0.452,-0.212925,-0.382492,-0.359476,-0.485541,6.95199999999995,-0.329999999999997,-0.0348617,-0.303579
0.453,-0.213281,-0.382977,-0.352467,-0.485937,7.00900000000004,-0.396000000000007,-0.0277945,-0.302872
0.454,-0.21363,-0.383463,-0.345399,-0.486398,7.06799999999996,-0.460999999999989,-0.0207089,-0.302187
0.455,-0.213972,-0.38395,-0.338274,-0.486926,7.12499999999999,-0.528000000000028,-0.013605,-0.301525
0.456,-0.214306,-0.384437,-0.33109,-0.487521,7.18400000000002,-0.594999999999956,-0.00648286,-0.300887
0.457,-0.214634,-0.384925,-0.323848,-0.488184,7.24199999999996,-0.663000000000024,0.000657505,-0.300273
0.458,-0.214954,-0.385414,-0.316548,-0.488917,7.30000000000002,-0.732999999999983,0.00781605,-0.299683
0.459,-0.215267,-0.385903,-0.30919,-0.489718,7.35799999999997,-0.800999999999995,0.0149927,-0.299118
0.46,-0.215572,-0.386393,-0.301772,-0.490591,7.41800000000003,-0.873000000000012,0.0221875,-0.298577
0.461,-0.21587,-0.386884,-0.294297,-0.491535,7.475,-0.943999999999999,0.0294003,-0.298061
0.462,-0.216161,-0.387376,-0.286762,-0.492551,7.53499999999995,-1.01600000000002,0.0366311,-0.297572
0.463,-0.216444,-0.387869,-0.279169,-0.49364,7.59300000000001,-1.08900000000001,0.04388,-0.297108
0.464,-0.216719,-0.388364,-0.271516,-0.494802,7.65300000000001,-1.162,0.0511467,-0.29667
0.465,-0.216987,-0.388859,-0.263805,-0.49604,7.71099999999996,-1.23799999999996,0.0584314,-0.296259
0.466,-0.217247,-0.389356,-0.256034,-0.497353,7.77100000000002,-1.31300000000001,0.0657339,-0.295875
0.467,-0.217499,-0.389854,-0.248205,-0.498742,7.82899999999997,-1.38900000000003,0.0730542,-0.295518
0.468,-0.217743,-0.390353,-0.240315,-0.500209,7.89,-1.46699999999999,0.0803923,-0.295189
0.469,-0.21798,-0.390854,-0.232367,-0.501754,7.94800000000044,-1.5450000000001,0.0877482,-0.294889
0.47,-0.218208,-0.391357,-0.224358,-0.503378,8.00899999999998,-1.62399999999996,0.0951218,-0.294617
0.471,-0.218428,-0.391861,-0.21629,-0.505081,8.06799999999999,-1.70300000000001,0.102513,-0.294373
0.472,-0.21864,-0.392367,-0.208162,-0.506866,8.12799999999999,-1.78500000000004,0.109922,-0.294159
0.473,-0.218845,-0.392875,-0.199975,-0.508732,8.18699999999999,-1.86599999999992,0.117349,-0.293975
0.474,-0.21904,-0.393385,-0.191727,-0.51068,8.248,-1.94800000000006,0.124793,-0.293821
0.475,-0.219228,-0.393896,-0.183419,-0.512713,8.308,-2.03299999999995,0.132255,-0.293697
0.476,-0.219407,-0.39441,-0.175051,-0.514829,8.36799999999998,-2.116,0.139734,-0.293604
0.477,-0.219578,-0.394926,-0.166622,-0.517031,8.42900000000001,-2.20200000000004,0.147231,-0.293542
0.478,-0.21974,-0.395444,-0.158133,-0.519319,8.48899999999999,-2.28799999999995,0.154745,-0.293512
0.479,-0.219894,-0.395965,-0.149583,-0.521694,8.54999999999999,-2.37500000000001,0.162277,-0.293514
0.48,-0.22004,-0.396488,-0.140972,-0.524158,8.611,-2.46400000000002,0.169826,-0.293549
0.481,-0.220176,-0.397013,-0.132301,-0.526711,8.67099999999998,-2.55300000000003,0.177393,-0.293617
0.482,-0.220304,-0.397541,-0.123568,-0.529353,8.733,-2.64199999999992,0.184977,-0.293718
0.483,-0.220423,-0.398072,-0.114775,-0.532087,8.79299999999999,-2.73400000000001,0.192578,-0.293852
0.484,-0.220534,-0.398605,-0.10592,-0.534913,8.85499999999999,-2.82599999999999,0.200197,-0.294021
0.485,-0.220635,-0.399142,-0.0970037,-0.537832,8.91629999999999,-2.919,0.207833,-0.294225
0.486,-0.220728,-0.399681,-0.088026,-0.540845,8.9777,-3.01300000000004,0.215486,-0.294463
0.487,-0.220811,-0.400224,-0.0789866,-0.543953,9.03939999999998,-3.108,0.223156,-0.294737
0.488,-0.220886,-0.400769,-0.0698854,-0.547157,9.1012,-3.20399999999998,0.230844,-0.295048
0.489,-0.220951,-0.401318,-0.0607224,-0.550458,9.16299999999999,-3.301,0.238549,-0.295394
0.49,-0.221007,-0.40187,-0.0514972,-0.553858,9.22519999999999,-3.39999999999996,0.246272,-0.295777
0.491,-0.221054,-0.402426,-0.0422099,-0.557356,9.28729999999999,-3.498,0.254011,-0.296198
0.492,-0.221091,-0.402985,-0.0328603,-0.560955,9.34959999999999,-3.59900000000002,0.261768,-0.296657
0.493,-0.221119,-0.403548,-0.0234482,-0.564655,9.4121,-3.70000000000003,0.269542,-0.297154
0.494,-0.221138,-0.404114,-0.0139735,-0.568458,9.47469999999999,-3.803,0.277333,-0.297689
0.495,-0.221147,-0.404685,-0.00443601,-0.572364,9.53748999999999,-3.90599999999996,0.285141,-0.298264
0.496,-0.221147,-0.405259,0.00516436,-0.576375,9.60036999999999,-4.01099999999998,0.292967,-0.298878
0.497,-0.221137,-0.405838,0.0148278,-0.580491,9.66343999999999,-4.11600000000001,0.30081,-0.299533
0.498,-0.221117,-0.40642,0.0245544,-0.584714,9.72659999999999,-4.22299999999997,0.308669,-0.300229
0.499,-0.221088,-0.407007,0.0343444,-0.589045,9.78999999999999,-4.33100000000008,0.316546,-0.300965
0.5,-0.221049,-0.407598,0.0441979,-0.593485,9.85349999999999,-4.44,0.32444,-0.301743
0.501,-0.220999,-0.408194,0.054115,-0.598035,9.9171,-4.54999999999994,0.332352,-0.302564
0.502,-0.22094,-0.408795,0.064096,-0.602697,9.98099999999999,-4.66200000000005,0.34028,-0.303427
0.503,-0.220871,-0.4094,0.074141,-0.607471,10.045,-4.77399999999994,0.348225,-0.304333
0.504,-0.220792,-0.41001,0.0842501,-0.612358,10.1091,-4.88699999999997,0.356188,-0.305283
0.505,-0.220703,-0.410624,0.0944235,-0.617361,10.1734,-5.00300000000009,0.364168,-0.306278
0.506,-0.220603,-0.411244,0.104661,-0.62248,10.2375,-5.11899999999998,0.372165,-0.307317
0.507,-0.220493,-0.41187,0.114964,-0.627716,10.303,-5.23600000000001,0.380179,-0.308401
0.508,-0.220373,-0.4125,0.125331,-0.63307,10.367,-5.35399999999997,0.38821,-0.309531
0.509,-0.220243,-0.413136,0.135764,-0.638544,10.433,-5.47399999999997,0.396259,-0.310708
0.51,-0.220102,-0.413777,0.146261,-0.644139,10.497,-5.59500000000001,0.404324,-0.311932
0.511,-0.21995,-0.414424,0.156824,-0.649857,10.563,-5.718,0.412407,-0.313203
0.512,-0.219788,-0.415077,0.167453,-0.655697,10.629,-5.83999999999995,0.420507,-0.314522
0.513,-0.219615,-0.415736,0.178147,-0.661663,10.694,-5.96600000000002,0.428625,-0.31589
0.514,-0.219432,-0.4164,0.188907,-0.667754,10.76,-6.09099999999995,0.436759,-0.317307
0.515,-0.219237,-0.417071,0.199733,-0.673973,10.826,-6.21900000000008,0.444911,-0.318773
0.516,-0.219032,-0.417748,0.210626,-0.68032,10.893,-6.34699999999999,0.45308,-0.32029
0.517,-0.218816,-0.418432,0.221585,-0.686797,10.959,-6.47699999999995,0.461266,-0.321858
0.518,-0.218589,-0.419122,0.23261,-0.693406,11.025,-6.60899999999997,0.46947,-0.323478
0.519,-0.218351,-0.419819,0.243703,-0.700147,11.093,-6.74099999999999,0.477691,-0.32515
0.52,-0.218101,-0.420523,0.254862,-0.707021,11.159,-6.87400000000004,0.485929,-0.326874
0.521,-0.217841,-0.421233,0.266089,-0.714032,11.227,-7.01099999999998,0.494185,-0.328652
0.522,-0.217569,-0.421951,0.277384,-0.721178,11.295,-7.14599999999998,0.502458,-0.330483
0.523,-0.217286,-0.422676,0.288746,-0.728463,11.362,-7.28499999999998,0.510749,-0.33237
0.524,-0.216992,-0.423408,0.300176,-0.735887,11.43,-7.42399999999998,0.519057,-0.334311
0.525,-0.216686,-0.424147,0.311674,-0.743452,11.498,-7.56500000000004,0.527383,-0.336308
0.526,-0.216368,-0.424895,0.32324,-0.75116,11.566,-7.70800000000004,0.535726,-0.338362
0.527,-0.216039,-0.42565,0.334875,-0.759011,11.6349999999999,-7.85099999999993,0.544087,-0.340472
0.528,-0.215698,-0.426413,0.346579,-0.767007,11.704,-7.996,0.552465,-0.342641
0.529,-0.215346,-0.427184,0.358352,-0.775149,11.773,-8.14199999999997,0.560861,-0.344867
0.53,-0.214982,-0.427963,0.370194,-0.78344,11.842,-8.29100000000004,0.569275,-0.347153
0.531,-0.214605,-0.428751,0.382105,-0.79188,11.9109999999999,-8.44,0.577706,-0.349498
0.532,-0.214217,-0.429547,0.394087,-0.800471,11.982,-8.59100000000001,0.586155,-0.351904
0.533,-0.213817,-0.430352,0.406138,-0.809214,12.051,-8.74299999999994,0.594623,-0.354371
0.534,-0.213405,-0.431166,0.418259,-0.818111,12.121,-8.89700000000004,0.603107,-0.356899
0.535,-0.212981,-0.431988,0.430451,-0.827164,12.192,-9.05299999999997,0.61161,-0.35949
0.536,-0.212544,-0.43282,0.442713,-0.836374,12.262,-9.20999999999993,0.620131,-0.362144
0.537,-0.212095,-0.433661,0.455046,-0.845742,12.333,-9.36800000000003,0.62867,-0.364861
0.538,-0.211634,-0.434512,0.467451,-0.85527,12.405,-9.52799999999997,0.637227,-0.367643
0.539,-0.21116,-0.435372,0.479927,-0.86496,12.476,-9.68999999999997,0.645802,-0.37049
0.54,-0.210674,-0.436242,0.492474,-0.874813,12.547,-9.85299999999999,0.654395,-0.373402
0.541,-0.210175,-0.437122,0.505094,-0.884831,12.62,-10.0180000000001,0.663007,-0.376382
0.542,-0.209664,-0.438012,0.517785,-0.895015,12.691,-10.184,0.671636,-0.379428
0.543,-0.20914,-0.438912,0.530549,-0.905367,12.764,-10.352,0.680284,-0.382542
0.544,-0.208603,-0.439823,0.543386,-0.915889,12.837,-10.5219999999999,0.688951,-0.385725
0.545,-0.208053,-0.440744,0.556296,-0.926582,12.91,-10.6930000000001,0.697636,-0.388978
0.546,-0.20749,-0.441676,0.569279,-0.937447,12.983,-10.865,0.70634,-0.3923
0.547,-0.206914,-0.442619,0.582335,-0.948487,13.0560000000001,-11.0399999999999,0.715062,-0.395694
0.548,-0.206325,-0.443573,0.595466,-0.959703,13.131,-11.216,0.723803,-0.399159
0.549,-0.205723,-0.444538,0.60867,-0.971097,13.204,-11.394,0.732562,-0.402696
0.55,-0.205108,-0.445515,0.621948,-0.98267,13.2779999999999,-11.573,0.74134,-0.406306
0.551,-0.204479,-0.446504,0.635302,-0.994424,13.3540000000001,-11.7539999999999,0.750138,-0.40999
0.552,-0.203837,-0.447504,0.64873,-1.00636,13.428,-11.9359999999999,0.758954,-0.413749
0.553,-0.203182,-0.448517,0.662233,-1.01848,13.5029999999999,-12.1200000000001,0.767789,-0.417583
0.554,-0.202513,-0.449541,0.675811,-1.03079,13.5780000000001,-12.31,0.776643,-0.421493
0.555,-0.20183,-0.450579,0.689466,-1.04328,13.655,-12.4899999999999,0.785517,-0.42548
0.556,-0.201134,-0.451628,0.703196,-1.05597,13.73,-12.6900000000001,0.79441,-0.429545
0.557,-0.200424,-0.452691,0.717003,-1.06884,13.8069999999999,-12.8699999999999,0.803322,-0.433688
0.558,-0.1997,-0.453766,0.730886,-1.08191,13.8830000000001,-13.0699999999999,0.812253,-0.43791
0.559,-0.198962,-0.454855,0.744846,-1.09517,13.96,-13.26,0.821204,-0.442211
0.56,-0.19821,-0.455957,0.758884,-1.10863,14.038,-13.46,0.830175,-0.446594
0.561,-0.197444,-0.457072,0.772998,-1.12229,14.1139999999999,-13.66,0.839165,-0.451058
0.562,-0.196664,-0.458201,0.787191,-1.13614,14.193,-13.8499999999999,0.848175,-0.455605
0.563,-0.195869,-0.459345,0.801461,-1.1502,14.2700000000016,-14.0600000000015,0.857204,-0.460234
0.564,-0.195061,-0.460502,0.81581,-1.16446,14.349,-14.2600000000001,0.866254,-0.464947
0.565,-0.194238,-0.461674,0.830238,-1.17893,14.428,-14.47,0.875323,-0.469745
0.566,-0.1934,-0.46286,0.844744,-1.1936,14.506,-14.6699999999999,0.884413,-0.474628
0.567,-0.192548,-0.464061,0.85933,-1.20848,14.586,-14.88,0.893522,-0.479597
0.568,-0.191682,-0.465277,0.873995,-1.22357,14.6649999999999,-15.09,0.902652,-0.484653
0.569,-0.1908,-0.466508,0.88874,-1.23888,14.745,-15.3099999999999,0.911802,-0.489797
0.57,-0.189904,-0.467755,0.903565,-1.25439,14.825,-15.5099999999999,0.920973,-0.49503
0.571,-0.188993,-0.469017,0.91847,-1.27012,14.905,-15.73,0.930164,-0.500351
0.572,-0.188067,-0.470296,0.933456,-1.28607,14.9859999999999,-15.9500000000001,0.939376,-0.505763
0.573,-0.187126,-0.47159,0.948523,-1.30224,15.067,-16.17,0.948608,-0.511266
0.574,-0.18617,-0.4729,0.963671,-1.31863,15.148,-16.3899999999999,0.957861,-0.51686
0.575,-0.185199,-0.474227,0.978901,-1.33524,15.23,-16.61,0.967134,-0.522547
0.576,-0.184212,-0.475571,0.994213,-1.35207,15.312,-16.8300000000001,0.976429,-0.528326
0.577,-0.18321,-0.476932,1.00961,-1.36913,15.3969999999999,-17.0599999999998,0.985745,-0.5342
0.578,-0.182193,-0.478309,1.02508,-1.38641,15.4700000000001,-17.2799999999999,0.995081,-0.540169
0.579,-0.18116,-0.479705,1.04064,-1.40393,15.56,-17.52,1.00444,-0.546232
0.58,-0.180111,-0.481117,1.05628,-1.42167,15.6400000000001,-17.7400000000001,1.01382,-0.552393
0.581,-0.179047,-0.482548,1.07201,-1.43965,15.7299999999998,-17.9800000000001,1.02322,-0.55865
0.582,-0.177967,-0.483997,1.08782,-1.45786,15.8100000000001,-18.2099999999998,1.03264,-0.565005
0.583,-0.176871,-0.485464,1.10371,-1.47631,15.8899999999999,-18.4500000000001,1.04208,-0.571458
0.584,-0.17576,-0.48695,1.11968,-1.49499,15.97,-18.68,1.05155,-0.578011
0.585,-0.174632,-0.488454,1.13574,-1.51391,16.06,-18.92,1.06103,-0.584663
0.586,-0.173488,-0.489978,1.15189,-1.53307,16.1500000000001,-19.1599999999998,1.07054,-0.591416
0.587,-0.172328,-0.491521,1.16812,-1.55248,16.23,-19.4100000000001,1.08007,-0.598271
0.588,-0.171152,-0.493083,1.18443,-1.57213,16.31,-19.6499999999999,1.08962,-0.605228
0.589,-0.169959,-0.494665,1.20083,-1.59202,16.4,-19.8899999999999,1.0992,-0.612287
0.59,-0.16875,-0.496267,1.21732,-1.61216,16.4899999999999,-20.14,1.10879,-0.61945
0.591,-0.167525,-0.49789,1.23389,-1.63254,16.57,-20.38,1.11841,-0.626717
0.592,-0.166282,-0.499533,1.25054,-1.65318,16.65,-20.64,1.12805,-0.634089
0.593,-0.165023,-0.501196,1.26728,-1.67406,16.74,-20.88,1.13771,-0.641567
0.594,-0.163748,-0.502881,1.28411,-1.6952,16.8300000000001,-21.1399999999999,1.14739,-0.649151
0.595,-0.162455,-0.504587,1.30103,-1.71659,16.9199999999998,-21.39,1.1571,-0.656841
0.596,-0.161145,-0.506314,1.31803,-1.73823,17.0000000000001,-21.6399999999999,1.16683,-0.664639
0.597,-0.159819,-0.508064,1.33512,-1.76014,17.09,-21.9100000000001,1.17658,-0.672545
0.598,-0.158475,-0.509835,1.35229,-1.78229,17.1699999999999,-22.1499999999999,1.18635,-0.68056
0.599,-0.157114,-0.511628,1.36955,-1.80471,17.26,-22.4200000000001,1.19614,-0.688683
0.6,-0.155736,-0.513445,1.3869,-1.82739,17.35,-22.68,1.20596,-0.696917
0.601,-0.15434,-0.515283,1.40434,-1.85033,17.4399999999999,-22.9399999999999,1.2158,-0.705261
0.602,-0.152927,-0.517145,1.42186,-1.87352,17.52,-23.19,1.22566,-0.713715
0.603,-0.151497,-0.519031,1.43947,-1.89699,17.6100000000001,-23.4699999999999,1.23555,-0.722281
0.604,-0.150048,-0.52094,1.45717,-1.92071,17.7,-23.7199999999999,1.24545,-0.730959
0.605,-0.148582,-0.522872,1.47496,-1.9447,17.79,-23.9900000000002,1.25538,-0.739749
0.606,-0.147098,-0.524829,1.49283,-1.96896,17.87,-24.2599999999999,1.26534,-0.748652
0.607,-0.145596,-0.526811,1.5108,-1.99348,17.9699999999998,-24.5199999999999,1.27531,-0.757668
0.608,-0.144077,-0.528817,1.52885,-2.01827,18.0500000000001,-24.7899999999998,1.28531,-0.766798
0.609,-0.142539,-0.530847,1.54698,-2.04333,18.13,-25.0600000000003,1.29533,-0.776041
0.61,-0.140982,-0.532904,1.56521,-2.06866,18.23,-25.3299999999998,1.30537,-0.785399
0.611,-0.139408,-0.534985,1.58352,-2.09426,18.31,-25.5999999999998,1.31543,-0.794872
0.612,-0.137815,-0.537092,1.60192,-2.12012,18.4,-25.8600000000002,1.32552,-0.80446
0.613,-0.136204,-0.539226,1.62041,-2.14626,18.4899999999999,-26.1399999999998,1.33563,-0.814163
0.614,-0.134574,-0.541385,1.63899,-2.17267,18.58,-26.4100000000002,1.34576,-0.823981
0.615,-0.132926,-0.543571,1.65765,-2.19935,18.6600000000001,-26.6799999999998,1.35591,-0.833915
0.616,-0.131259,-0.545784,1.67641,-2.2263,18.7599999999999,-26.9500000000002,1.36609,-0.843965
0.617,-0.129573,-0.548024,1.69524,-2.25353,18.8300000000001,-27.2299999999998,1.37628,-0.854131
0.618,-0.127868,-0.550291,1.71417,-2.28102,18.9299999999999,-27.4899999999998,1.3865,-0.864414
0.619,-0.126145,-0.552586,1.73318,-2.30879,19.01,-27.7700000000003,1.39675,-0.874812
0.62,-0.124402,-0.554909,1.75228,-2.33683,19.1000000000001,-28.0399999999998,1.40701,-0.885328
0.621,-0.12264,-0.55726,1.77147,-2.36514,19.19,-28.3099999999998,1.41729,-0.895959
0.622,-0.120859,-0.55964,1.79074,-2.39373,19.2699999999999,-28.5900000000003,1.4276,-0.906707
0.623,-0.119058,-0.562048,1.8101,-2.42258,19.36,-28.8499999999998,1.43793,-0.917572
0.624,-0.117239,-0.564485,1.82954,-2.45171,19.4399999999999,-29.1299999999998,1.44828,-0.928552
0.625,-0.115399,-0.566952,1.84907,-2.48111,19.53,-29.4000000000003,1.45865,-0.939649
0.626,-0.11354,-0.569448,1.86869,-2.51078,19.62,-29.6699999999998,1.46904,-0.950862
0.627,-0.111662,-0.571974,1.88839,-2.54072,19.7,-29.9399999999998,1.47945,-0.962191
0.628,-0.109764,-0.57453,1.90817,-2.57093,19.7799999999999,-30.2100000000003,1.48988,-0.973635
0.629,-0.107845,-0.577116,1.92804,-2.6014,19.87,-30.4699999999997,1.50033,-0.985195
0.63,-0.105907,-0.579733,1.94799,-2.63215,19.9500000000001,-30.7500000000002,1.5108,-0.99687
0.631,-0.103949,-0.58238,1.96802,-2.66316,20.03,-31.0099999999997,1.5213,-1.00866
0.632,-0.101971,-0.585059,1.98814,-2.69443,20.1199999999999,-31.2700000000001,1.53181,-1.02056
0.633,-0.0999729,-0.58777,2.00834,-2.72597,20.2,-31.5399999999997,1.54234,-1.03258
0.634,-0.0979544,-0.590512,2.02862,-2.75778,20.2800000000001,-31.8100000000001,1.55289,-1.04471
0.635,-0.0959156,-0.593286,2.04898,-2.78984,20.3599999999997,-32.0599999999999,1.56346,-1.05695
0.636,-0.0938564,-0.596092,2.06942,-2.82216,20.4400000000002,-32.3199999999999,1.57405,-1.06931
0.637,-0.0917767,-0.59893,2.08994,-2.85474,20.5199999999999,-32.5800000000002,1.58466,-1.08178
0.638,-0.0896764,-0.601801,2.11054,-2.88758,20.5999999999999,-32.8399999999997,1.59528,-1.09435
0.639,-0.0875555,-0.604706,2.13121,-2.92067,20.6699999999999,-33.09,1.60592,-1.10704
0.64,-0.0854139,-0.607643,2.15196,-2.95402,20.75,-33.35,1.61658,-1.11984
0.641,-0.0832515,-0.610614,2.17279,-2.98761,20.8300000000001,-33.5900000000002,1.62726,-1.13274
0.642,-0.0810682,-0.613619,2.1937,-3.02145,20.9100000000002,-33.8400000000001,1.63795,-1.14576
0.643,-0.078864,-0.616657,2.21468,-3.05554,20.9799999999998,-34.0899999999999,1.64866,-1.15888
0.644,-0.0766388,-0.61973,2.23573,-3.08987,21.0500000000002,-34.3299999999997,1.65939,-1.1721
0.645,-0.0743924,-0.622837,2.25686,-3.12444,21.1299999999999,-34.57,1.67013,-1.18543
0.646,-0.0721249,-0.625979,2.27805,-3.15924,21.1899999999998,-34.8000000000001,1.68088,-1.19886
0.647,-0.0698362,-0.629156,2.29932,-3.19428,21.2699999999999,-35.0399999999999,1.69165,-1.2124
0.648,-0.0675262,-0.632368,2.32066,-3.22955,21.3400000000003,-35.2700000000001,1.70243,-1.22603
0.649,-0.0651948,-0.635615,2.34207,-3.26505,21.4099999999999,-35.4999999999998,1.71323,-1.23977
0.65,-0.062842,-0.638898,2.36354,-3.30078,21.4699999999999,-35.73,1.72404,-1.2536
0.651,-0.0604676,-0.642217,2.38508,-3.33672,21.5399999999999,-35.9400000000001,1.73487,-1.26753
0.652,-0.0580717,-0.645572,2.40668,-3.37288,21.6000000000003,-36.1599999999997,1.7457,-1.28155
0.653,-0.0556542,-0.648963,2.42835,-3.40926,21.6699999999998,-36.3800000000003,1.75655,-1.29567
0.654,-0.0532149,-0.652391,2.45008,-3.44584,21.7299999999998,-36.5799999999998,1.7674,-1.30988
0.655,-0.0507539,-0.655855,2.47187,-3.48263,21.7900000000002,-36.7899999999998,1.77827,-1.32418
0.656,-0.0482711,-0.659357,2.49372,-3.51962,21.8500000000001,-36.9900000000003,1.78915,-1.33857
0.657,-0.0457664,-0.662895,2.51563,-3.55681,21.9099999999996,-37.1899999999998,1.80003,-1.35304
0.658,-0.0432397,-0.666471,2.5376,-3.59418,21.97,-37.3700000000001,1.81093,-1.3676
0.659,-0.0406911,-0.670084,2.55962,-3.63175,22.0199999999999,-37.5699999999996,1.82183,-1.38224
0.66,-0.0381204,-0.673734,2.58169,-3.6695,22.0700000000002,-37.7500000000004,1.83274,-1.39697
0.661,-0.0355276,-0.677423,2.60382,-3.70743,22.1299999999997,-37.9299999999998,1.84365,-1.41177
0.662,-0.0329127,-0.68115,2.626,-3.74553,22.1800000000001,-38.1,1.85458,-1.42665
0.663,-0.0302755,-0.684914,2.64822,-3.78379,22.2199999999999,-38.2600000000001,1.8655,-1.4416
0.664,-0.0276161,-0.688717,2.6705,-3.82222,22.2800000000003,-38.4299999999999,1.87643,-1.45663
0.665,-0.0249344,-0.692559,2.69281,-3.8608,22.31,-38.5799999999996,1.88737,-1.47172
0.666,-0.0222304,-0.696439,2.71518,-3.89954,22.37,-38.7400000000002,1.8983,-1.48689
0.667,-0.019504,-0.700358,2.73758,-3.93842,22.3999999999997,-38.8799999999998,1.90924,-1.50212
0.668,-0.0167551,-0.704316,2.76002,-3.97744,22.44,-39.0200000000002,1.92018,-1.51741
0.669,-0.0139838,-0.708314,2.78251,-4.01659,22.4899999999999,-39.1499999999998,1.93112,-1.53276
0.67,-0.01119,-0.71235,2.80502,-4.05587,22.51,-39.2799999999997,1.94206,-1.54817
0.671,-0.00837372,-0.716426,2.82758,-4.09526,22.5600000000003,-39.39,1.953,-1.56364
0.672,-0.00553481,-0.720541,2.85016,-4.13478,22.5799999999996,-39.5200000000004,1.96394,-1.57915
0.673,-0.00267331,-0.724695,2.87277,-4.17439,22.6100000000002,-39.6099999999997,1.97487,-1.59472
0.674,0.000210819,-0.72889,2.89542,-4.21411,22.65,-39.7199999999999,1.9858,-1.61033
0.675,0.0031176,-0.733124,2.91808,-4.25392,22.6599999999997,-39.8100000000001,1.99672,-1.62599
0.676,0.00604707,-0.737398,2.94078,-4.29382,22.7000000000004,-39.9000000000002,2.00764,-1.64169
0.677,0.00899924,-0.741712,2.96349,-4.3338,22.71,-39.9799999999999,2.01855,-1.65742
0.678,0.0119741,-0.746066,2.98622,-4.37384,22.7299999999997,-40.0400000000003,2.02946,-1.67319
0.679,0.0149718,-0.75046,3.00897,-4.41396,22.7500000000002,-40.1199999999999,2.04035,-1.689
0.68,0.0179922,-0.754894,3.03174,-4.45413,22.7699999999999,-40.1699999999998,2.05124,-1.70483
0.681,0.0210353,-0.759368,3.05452,-4.49434,22.78,-40.21,2.06211,-1.72068
0.682,0.0241013,-0.763883,3.0773,-4.5346,22.78,-40.2599999999999,2.07298,-1.73656
0.683,0.02719,-0.768438,3.1001,-4.5749,22.7999999999997,-40.3000000000002,2.08383,-1.75246
0.684,0.0303015,-0.773033,3.1229,-4.61522,22.8000000000001,-40.3199999999994,2.09467,-1.76837
0.685,0.0334359,-0.777668,3.14571,-4.65555,22.8099999999998,-40.3299999999999,2.10549,-1.7843
0.686,0.036593,-0.782344,3.16852,-4.6959,22.8100000000002,-40.3500000000001,2.1163,-1.80023
0.687,0.039773,-0.787061,3.19132,-4.73625,22.8000000000001,-40.3500000000001,2.12709,-1.81617
0.688,0.0429758,-0.791817,3.21413,-4.77659,22.8100000000023,-40.340000000004,2.13786,-1.83211
0.689,0.0462013,-0.796614,3.23692,-4.81692,22.7900000000001,-40.3299999999999,2.14862,-1.84805
0.69,0.0494497,-0.801451,3.25971,-4.85722,22.7900000000001,-40.3000000000002,2.15935,-1.86399
0.691,0.0527208,-0.806329,3.28249,-4.89749,22.78,-40.2700000000004,2.17007,-1.87992
0.692,0.0560147,-0.811246,3.30525,-4.93772,22.7599999999999,-40.2299999999993,2.18076,-1.89583
0.693,0.0593314,-0.816204,3.328,-4.97791,22.7499999999998,-40.1899999999999,2.19143,-1.91173
0.694,0.0626708,-0.821202,3.35073,-5.01803,22.7300000000001,-40.1200000000008,2.20207,-1.92761
0.695,0.0660329,-0.826241,3.37343,-5.05809,22.6999999999999,-40.0599999999995,2.2127,-1.94347
0.696,0.0694177,-0.831319,3.39612,-5.09807,22.6899999999999,-39.9799999999999,2.22329,-1.9593
0.697,0.0728252,-0.836437,3.41878,-5.13797,22.6600000000001,-39.9000000000002,2.23386,-1.9751
0.698,0.0762553,-0.841595,3.44141,-5.17778,22.6299999999999,-39.8100000000001,2.2444,-1.99086
0.699,0.0797081,-0.846793,3.46401,-5.21749,22.6000000000002,-39.7099999999994,2.25491,-2.00659
0.7,0.0831834,-0.85203,3.48658,-5.25708,22.57,-39.5900000000004,2.26539,-2.02228
0.701,0.0866813,-0.857307,3.50911,-5.29656,22.5300000000001,-39.4800000000001,2.27583,-2.03792
0.702,0.0902017,-0.862623,3.5316,-5.33591,22.4899999999999,-39.3499999999997,2.28625,-2.05352
0.703,0.0937445,-0.867979,3.55405,-5.37512,22.4500000000001,-39.2099999999997,2.29663,-2.06906
0.704,0.0973098,-0.873374,3.57646,-5.41419,22.4099999999998,-39.0699999999997,2.30698,-2.08454
0.705,0.100897,-0.878808,3.59882,-5.45311,22.3599999999999,-38.92,2.31729,-2.09997
0.706,0.104508,-0.88428,3.62114,-5.49186,22.3200000000001,-38.7500000000002,2.32756,-2.11533
0.707,0.10814,-0.889791,3.64341,-5.53044,22.2699999999998,-38.5799999999996,2.3378,-2.13062
0.708,0.111794,-0.895341,3.66562,-5.56884,22.2100000000003,-38.4000000000002,2.348,-2.14585
0.709,0.115471,-0.900929,3.68778,-5.60705,22.1599999999999,-38.2100000000003,2.35816,-2.161
0.71,0.11917,-0.906555,3.70988,-5.64506,22.1,-38.0099999999998,2.36827,-2.17607
0.711,0.122891,-0.91222,3.73192,-5.68287,22.04,-37.8100000000003,2.37835,-2.19106
0.712,0.126634,-0.917921,3.7539,-5.72046,21.9799999999996,-37.5899999999998,2.38838,-2.20596
0.713,0.130399,-0.923661,3.77581,-5.75783,21.9100000000001,-37.3700000000001,2.39837,-2.22078
0.714,0.134186,-0.929437,3.79766,-5.79497,21.8500000000001,-37.1399999999999,2.40832,-2.23551
0.715,0.137994,-0.935251,3.81944,-5.83187,21.7800000000001,-36.9000000000001,2.41821,-2.25013
0.716,0.141824,-0.941101,3.84115,-5.86853,21.7099999999997,-36.6599999999994,2.42807,-2.26466
0.717,0.145676,-0.946988,3.86279,-5.90492,21.6400000000001,-36.3899999999999,2.43787,-2.27909
0.718,0.14955,-0.952911,3.88435,-5.94105,21.56,-36.13,2.44763,-2.29341
0.719,0.153445,-0.95887,3.90584,-5.97692,21.49,-35.87,2.45733,-2.30762
0.72,0.157362,-0.964865,3.92724,-6.0125,21.3999999999998,-35.5800000000004,2.46699,-2.32172
0.721,0.1613,-0.970895,3.94857,-6.04779,21.3300000000003,-35.2899999999998,2.4766,-2.33571
0.722,0.165259,-0.976961,3.96981,-6.08279,21.2399999999997,-35.0000000000001,2.48615,-2.34957
0.723,0.169239,-0.983061,3.99097,-6.11748,21.16,-34.6899999999994,2.49565,-2.36331
0.724,0.173241,-0.989196,4.01204,-6.15187,21.0699999999999,-34.3900000000001,2.5051,-2.37693
0.725,0.177263,-0.995365,4.03302,-6.18594,20.9799999999998,-34.0700000000007,2.51449,-2.39042
0.726,0.181307,-1.00157,4.05392,-6.21968,20.9000000000001,-33.7399999999999,2.52383,-2.40378
0.727,0.185371,-1.0078,4.07472,-6.25309,20.8000000000004,-33.4099999999999,2.53311,-2.417
0.728,0.189456,-1.01407,4.09542,-6.28617,20.6999999999997,-33.08,2.54233,-2.43009
0.729,0.193562,-1.02038,4.11604,-6.3189,20.6200000000001,-32.7299999999999,2.5515,-2.44303
0.73,0.197689,-1.02671,4.13655,-6.35127,20.5099999999998,-32.3700000000002,2.56061,-2.45584
0.731,0.201835,-1.03308,4.15697,-6.38329,20.4200000000005,-32.0199999999992,2.56966,-2.46849
0.732,0.206002,-1.03948,4.17729,-6.41495,20.3199999999999,-31.6600000000004,2.57865,-2.481
0.733,0.21019,-1.04591,4.19751,-6.44623,20.2200000000001,-31.2799999999997,2.58758,-2.49336
0.734,0.214398,-1.05237,4.21762,-6.47714,20.1099999999998,-30.9100000000004,2.59645,-2.50557
0.735,0.218625,-1.05886,4.23764,-6.50766,20.0199999999997,-30.5199999999992,2.60526,-2.51762
0.736,0.222873,-1.06539,4.25755,-6.5378,19.9100000000003,-30.1400000000002,2.61401,-2.52952
0.737,0.22714,-1.07194,4.27735,-6.56754,19.8,-29.7400000000003,2.6227,-2.54125
0.738,0.231427,-1.07852,4.29704,-6.59689,19.6899999999997,-29.35,2.63132,-2.55282
0.739,0.235734,-1.08513,4.31663,-6.62583,19.59,-28.9399999999995,2.63988,-2.56423
0.74,0.240061,-1.09177,4.33611,-6.65435,19.4799999999997,-28.5200000000003,2.64838,-2.57547
0.741,0.244407,-1.09844,4.35548,-6.68247,19.3700000000003,-28.1200000000003,2.65681,-2.58654
0.742,0.248772,-1.10514,4.37473,-6.71017,19.2499999999995,-27.6999999999994,2.66518,-2.59744
0.743,0.253156,-1.11186,4.39388,-6.73744,19.1500000000007,-27.2700000000005,2.67348,-2.60817
0.744,0.257559,-1.11861,4.41291,-6.76428,19.0299999999999,-26.8399999999999,2.68172,-2.61872
0.745,0.261982,-1.12539,4.43183,-6.7907,18.9199999999996,-26.4199999999999,2.68989,-2.6291
0.746,0.266423,-1.13219,4.45064,-6.81667,18.8100000000002,-25.97,2.698,-2.6393
0.747,0.270883,-1.13902,4.46933,-6.84221,18.6900000000003,-25.5399999999994,2.70604,-2.64932
0.748,0.275362,-1.14588,4.48791,-6.8673,18.58,-25.0900000000005,2.71401,-2.65917
0.749,0.279859,-1.15276,4.50637,-6.89194,18.4600000000001,-24.6399999999997,2.72192,-2.66882
0.75,0.284375,-1.15966,4.52472,-6.91614,18.3499999999999,-24.2000000000004,2.72976,-2.6783
0.751,0.288908,-1.16659,4.54295,-6.93988,18.23,-23.7399999999992,2.73753,-2.68759
0.752,0.29346,-1.17354,4.56106,-6.96316,18.1100000000001,-23.2800000000006,2.74524,-2.69669
0.753,0.298031,-1.18052,4.57906,-6.98598,17.9999999999998,-22.8199999999994,2.75288,-2.70561
0.754,0.302619,-1.18751,4.59694,-7.00834,17.8799999999999,-22.3599999999999,2.76045,-2.71434
0.755,0.307224,-1.19453,4.6147,-7.03023,17.76,-21.8900000000008,2.76795,-2.72288
0.756,0.311848,-1.20157,4.63234,-7.05166,17.6400000000001,-21.4299999999996,2.77539,-2.73123
0.757,0.316489,-1.20864,4.64987,-7.07262,17.5299999999998,-20.9599999999996,2.78275,-2.73938
0.758,0.321148,-1.21572,4.66728,-7.0931,17.4099999999999,-20.48,2.79005,-2.74735
0.759,0.325824,-1.22282,4.68457,-7.11311,17.29,-20.0100000000001,2.79728,-2.75512
0.76,0.330517,-1.22995,4.70174,-7.13264,17.1700000000001,-19.5300000000005,2.80445,-2.7627
0.761,0.335227,-1.23709,4.7188,-7.1517,17.0599999999998,-19.0599999999996,2.81154,-2.77009
0.762,0.339954,-1.24425,4.73574,-7.17028,16.9399999999999,-18.58,2.81857,-2.77728
0.763,0.344699,-1.25143,4.75256,-7.18838,16.82,-18.1000000000004,2.82553,-2.78428
0.764,0.349459,-1.25863,4.76927,-7.20599,16.7099999999998,-17.6099999999994,2.83242,-2.79108
0.765,0.354237,-1.26584,4.78586,-7.22313,16.5899999999999,-17.1400000000004,2.83924,-2.79768
0.766,0.359031,-1.27307,4.80234,-7.23978,16.4800000000005,-16.6499999999994,2.846,-2.80409
0.767,0.363842,-1.28032,4.81869,-7.25594,16.3500000000001,-16.1600000000002,2.85269,-2.8103
0.768,0.368669,-1.28758,4.83494,-7.27162,16.2499999999994,-15.6800000000006,2.85931,-2.81632
0.769,0.373512,-1.29486,4.85106,-7.28682,16.1200000000008,-15.1999999999992,2.86586,-2.82214
0.77,0.378371,-1.30216,4.86708,-7.30153,16.0199999999992,-14.71,2.87235,-2.82776
0.771,0.383246,-1.30947,4.88298,-7.31575,15.9000000000002,-14.2200000000008,2.87877,-2.83318
0.772,0.388137,-1.31679,4.89876,-7.32949,15.7800000000003,-13.7399999999994,2.88512,-2.83841
0.773,0.393043,-1.32412,4.91444,-7.34274,15.6799999999997,-13.2500000000002,2.89141,-2.84345
0.774,0.397965,-1.33147,4.93,-7.3555,15.5599999999998,-12.7600000000001,2.89763,-2.84828
0.775,0.402903,-1.33884,4.94545,-7.36778,15.4500000000004,-12.2799999999996,2.90378,-2.85292
0.776,0.407856,-1.34621,4.96079,-7.37957,15.3400000000001,-11.7900000000004,2.90987,-2.85736
0.777,0.412825,-1.35359,4.97601,-7.39088,15.2199999999993,-11.3099999999999,2.91589,-2.86161
0.778,0.417808,-1.36099,4.99113,-7.4017,15.1200000000005,-10.8199999999998,2.92185,-2.86566
0.779,0.422807,-1.3684,5.00614,-7.41204,15.0100000000002,-10.3400000000002,2.92774,-2.86952
0.78,0.427821,-1.37582,5.02105,-7.4219,14.9099999999995,-9.85999999999975,2.93356,-2.87318
0.781,0.432849,-1.38324,5.03584,-7.43127,14.7900000000005,-9.36999999999965,2.93932,-2.87665
0.782,0.437892,-1.39068,5.05053,-7.44016,14.6899999999999,-8.89000000000006,2.94502,-2.87993
0.783,0.44295,-1.39812,5.06512,-7.44857,14.5900000000001,-8.41000000000047,2.95066,-2.88301
0.784,0.448023,-1.40557,5.07959,-7.4565,14.4699999999993,-7.92999999999999,2.95623,-2.8859
0.785,0.453109,-1.41303,5.09397,-7.46395,14.38,-7.44999999999951,2.96173,-2.88859
0.786,0.45821,-1.4205,5.10824,-7.47093,14.2700000000007,-6.98000000000042,2.96718,-2.8911
0.787,0.463326,-1.42798,5.12241,-7.47743,14.17,-6.49999999999995,2.97256,-2.89341
0.788,0.468455,-1.43546,5.13648,-7.48345,14.0699999999993,-6.02000000000035,2.97788,-2.89554
0.789,0.473599,-1.44294,5.15045,-7.48901,13.9700000000005,-5.56,2.98313,-2.89747
0.79,0.478756,-1.45043,5.16432,-7.49409,13.8699999999998,-5.07999999999953,2.98833,-2.89922
0.791,0.483927,-1.45793,5.17809,-7.4987,13.77,-4.61000000000044,2.99346,-2.90078
0.792,0.489112,-1.46543,5.19176,-7.50284,13.6700000000003,-4.13999999999959,2.99854,-2.90215
0.793,0.494311,-1.47294,5.20534,-7.50652,13.5799999999992,-3.68000000000012,3.00355,-2.90334
0.794,0.499523,-1.48045,5.21882,-7.50973,13.4800000000004,-3.21000000000015,3.0085,-2.90434
0.795,0.504748,-1.48796,5.23221,-7.51248,13.3900000000002,-2.74999999999981,3.01339,-2.90516
0.796,0.509987,-1.49547,5.2455,-7.51477,13.2899999999996,-2.29000000000034,3.01823,-2.90579
0.797,0.515239,-1.50299,5.2587,-7.5166,13.2000000000003,-1.83,3.023,-2.90625
0.798,0.520505,-1.5105,5.27181,-7.51797,13.1100000000002,-1.36999999999965,3.02772,-2.90652
0.799,0.525783,-1.51802,5.28483,-7.51889,13.02,-0.919999999999809,3.03237,-2.90661
0.8,0.531074,-1.52554,5.29776,-7.51936,12.9299999999999,-0.46999999999997,3.03697,-2.90652
0.801,0.536379,-1.53306,5.31059,-7.51938,12.8300000000001,-0.020000000000131,3.04151,-2.90625
0.802,0.541695,-1.54058,5.32335,-7.51894,12.7599999999992,0.440000000000218,3.046,-2.90581
0.803,0.547025,-1.5481,5.33601,-7.51806,12.6600000000003,0.879999999999547,3.05042,-2.90519
0.804,0.552367,-1.55562,5.34859,-7.51674,12.5799999999998,1.31999999999976,3.0548,-2.90439
0.805,0.557722,-1.56313,5.36108,-7.51498,12.4900000000005,1.75999999999998,3.05911,-2.90343
0.806,0.56309,-1.57064,5.37349,-7.51278,12.41,2.2000000000002,3.06337,-2.90228
0.807,0.568469,-1.57816,5.38582,-7.51014,12.3299999999995,2.64000000000042,3.06757,-2.90097
0.808,0.573861,-1.58567,5.39806,-7.50706,12.2400000000002,3.07999999999975,3.07172,-2.89949
0.809,0.579265,-1.59317,5.41022,-7.50356,12.1599999999997,3.49999999999983,3.07581,-2.89784
0.81,0.584682,-1.60067,5.4223,-7.49962,12.0800000000001,3.94000000000005,3.07985,-2.89602
0.811,0.59011,-1.60817,5.4343,-7.49526,12.0000000000004,4.36000000000014,3.08384,-2.89403
0.812,0.59555,-1.61566,5.44623,-7.49047,11.9299999999995,4.78999999999985,3.08777,-2.89187
0.813,0.601002,-1.62315,5.45807,-7.48526,11.8400000000016,5.21000000000051,3.09165,-2.88956
0.814,0.606466,-1.63063,5.46984,-7.47963,11.7699999999994,5.63000000000002,3.09548,-2.88708
0.815,0.611942,-1.63811,5.48153,-7.47359,11.6900000000006,6.04000000000048,3.09925,-2.88443
0.816,0.617429,-1.64558,5.49314,-7.46713,11.6100000000001,6.45999999999968,3.10297,-2.88163
0.817,0.622928,-1.65304,5.50468,-7.46026,11.5399999999992,6.87000000000015,3.10664,-2.87866
0.818,0.628439,-1.6605,5.51615,-7.45298,11.4700000000001,7.27999999999973,3.11025,-2.87554
0.819,0.633961,-1.66795,5.52754,-7.44529,11.3900000000004,7.69000000000019,3.11382,-2.87226
0.82,0.639494,-1.67539,5.53886,-7.4372,11.3199999999995,8.09000000000015,3.11733,-2.86883
0.821,0.645038,-1.68282,5.55011,-7.4287,11.2500000000004,8.49999999999972,3.1208,-2.86524
0.822,0.650594,-1.69025,5.56129,-7.41981,11.1799999999995,8.89000000000006,3.12421,-2.86149
0.823,0.656161,-1.69766,5.57239,-7.41052,11.1000000000008,9.29000000000001,3.12757,-2.8576
0.824,0.661739,-1.70507,5.58343,-7.40084,11.0399999999995,9.68000000000035,3.13088,-2.85355
0.825,0.667328,-1.71246,5.5944,-7.39077,10.9700000000004,10.0699999999998,3.13415,-2.84936
0.826,0.672928,-1.71985,5.60529,-7.38031,10.8899999999998,10.4600000000001,3.13736,-2.84501
0.827,0.678538,-1.72723,5.61612,-7.36947,10.8299999999994,10.84,3.14052,-2.84052
0.828,0.68416,-1.73459,5.62689,-7.35824,10.7700000000008,11.2299999999994,3.14364,-2.83588
0.829,0.689792,-1.74194,5.63758,-7.34664,10.6899999999994,11.6000000000005,3.1467,-2.8311
0.83,0.695435,-1.74928,5.64821,-7.33465,10.6299999999999,11.9899999999999,3.14972,-2.82618
0.831,0.701088,-1.75661,5.65877,-7.32229,10.5599999999999,12.3600000000001,3.15269,-2.82111
0.832,0.706752,-1.76393,5.66926,-7.30956,10.4900000000008,12.7299999999995,3.15561,-2.8159
0.833,0.712427,-1.77123,5.67969,-7.29647,10.4299999999995,13.09,3.15848,-2.81055
0.834,0.718112,-1.77852,5.69006,-7.283,10.37,13.4699999999999,3.1613,-2.80507
0.835,0.723807,-1.7858,5.70036,-7.26917,10.3,13.8300000000004,3.16408,-2.79945
0.836,0.729512,-1.79306,5.71059,-7.25499,10.23,14.1799999999996,3.16681,-2.79369
0.837,0.735228,-1.80031,5.72077,-7.24044,10.1800000000001,14.5499999999998,3.16949,-2.7878
0.838,0.740954,-1.80754,5.73087,-7.22554,10.1000000000004,14.9000000000008,3.17213,-2.78177
0.839,0.74669,-1.81476,5.74092,-7.21029,10.0499999999997,15.25,3.17471,-2.77562
0.84,0.752436,-1.82196,5.7509,-7.19468,9.97999999999965,15.6099999999997,3.17725,-2.76933
0.841,0.758192,-1.82915,5.76082,-7.17873,9.92000000000014,15.9500000000001,3.17975,-2.76292
0.842,0.763957,-1.83632,5.77067,-7.16244,9.85000000000013,16.2899999999997,3.1822,-2.75637
0.843,0.769733,-1.84347,5.78046,-7.14581,9.78999999999973,16.6300000000001,3.1846,-2.74971
0.844,0.775518,-1.85061,5.79019,-7.12884,9.73000000000023,16.9699999999997,3.18695,-2.74291
0.845,0.781313,-1.85773,5.79986,-7.11153,9.66999999999984,17.3100000000001,3.18926,-2.73599
0.846,0.787118,-1.86483,5.80946,-7.09389,9.59999999999982,17.6400000000001,3.19152,-2.72895
0.847,0.792932,-1.87192,5.819,-7.07592,9.54000000000032,17.97,3.19373,-2.72179
0.848,0.798756,-1.87898,5.82848,-7.05762,9.47999999999992,18.3,3.1959,-2.71451
0.849,0.804589,-1.88603,5.83789,-7.039,9.40999999999991,18.6200000000003,3.19802,-2.70711
0.85,0.810432,-1.89306,5.84725,-7.02006,9.36000000000003,18.9399999999997,3.2001,-2.69959
0.851,0.816284,-1.90007,5.85654,-7.0008,9.29000000000001,19.26,3.20213,-2.69196
0.852,0.822145,-1.90706,5.86576,-6.98122,9.22,19.5799999999995,3.20411,-2.68421
0.853,0.828015,-1.91403,5.87493,-6.96133,9.17000000000011,19.8900000000002,3.20605,-2.67635
0.854,0.833895,-1.92098,5.88403,-6.94114,9.1000000000001,20.1900000000004,3.20794,-2.66837
0.855,0.839783,-1.92791,5.89306,-6.92063,9.03000000000008,20.5099999999998,3.20978,-2.66029
0.856,0.845681,-1.93482,5.90203,-6.89982,8.96999999999969,20.81,3.21158,-2.65209
0.857,0.851587,-1.94171,5.91094,-6.87871,8.91000000000019,21.1100000000002,3.21334,-2.64379
0.858,0.857503,-1.94858,5.91979,-6.8573,8.8499999999998,21.4099999999995,3.21504,-2.63538
0.859,0.863427,-1.95543,5.92856,-6.8356,8.77000000000016,21.7,3.2167,-2.62686
0.86,0.86936,-1.96225,5.93728,-6.8136,8.72000000000028,22.0000000000002,3.21832,-2.61824
0.861,0.875301,-1.96906,5.94593,-6.79131,8.64999999999937,22.2899999999999,3.21988,-2.60952
0.862,0.881251,-1.97584,5.95451,-6.76874,8.58000000000025,22.57,3.2214,-2.6007
0.863,0.88721,-1.98259,5.96302,-6.74589,8.51000000000023,22.85,3.22288,-2.59177
0.864,0.893178,-1.98933,5.97147,-6.72275,8.44999999999984,23.1400000000006,3.2243,-2.58275
0.865,0.899153,-1.99604,5.97985,-6.69933,8.37999999999983,23.4199999999998,3.22569,-2.57362
0.866,0.905137,-2.00273,5.98817,-6.67564,8.32000000000032,23.6900000000002,3.22702,-2.56441
0.867,0.911129,-2.00939,5.99641,-6.65168,8.2399999999998,23.9599999999997,3.22831,-2.55509
0.868,0.91713,-2.01603,6.00459,-6.62745,8.18000000000029,24.2300000000002,3.22955,-2.54568
0.869,0.923139,-2.02264,6.0127,-6.60295,8.10999999999939,24.4999999999997,3.23074,-2.53618
0.87,0.929155,-2.02923,6.02073,-6.57819,8.03000000000064,24.7599999999996,3.23188,-2.52659
0.871,0.93518,-2.0358,6.0287,-6.55317,7.96999999999936,25.0200000000005,3.23298,-2.51691
0.872,0.941213,-2.04234,6.03659,-6.5279,7.89000000000061,25.2699999999999,3.23403,-2.50713
0.873,0.947253,-2.04886,6.04442,-6.50237,7.82999999999933,25.5299999999998,3.23503,-2.49728
0.874,0.953302,-2.05535,6.05217,-6.47658,7.75000000000058,25.7899999999997,3.23599,-2.48733
0.875,0.959358,-2.06181,6.05984,-6.45055,7.67000000000006,26.0300000000004,3.23689,-2.4773
0.876,0.965421,-2.06825,6.06744,-6.42428,7.60000000000004,26.2699999999993,3.23775,-2.46719
0.877,0.971492,-2.07466,6.07497,-6.39776,7.53000000000003,26.5200000000005,3.23856,-2.45699
0.878,0.977571,-2.08104,6.08242,-6.37101,7.44999999999951,26.7499999999998,3.23932,-2.44671
0.879,0.983657,-2.0874,6.0898,-6.34402,7.38000000000038,26.9899999999996,3.24004,-2.43635
0.88,0.989751,-2.09373,6.09709,-6.31679,7.28999999999935,27.2300000000003,3.2407,-2.42592
0.881,0.995851,-2.10003,6.10431,-6.28934,7.22000000000022,27.4499999999999,3.24131,-2.4154
0.882,1.00196,-2.10631,6.11145,-6.26166,7.1399999999997,27.6800000000001,3.24188,-2.40481
0.883,1.00807,-2.11256,6.11851,-6.23376,7.06000000000006,27.8999999999998,3.24239,-2.39415
0.884,1.0142,-2.11878,6.12549,-6.20563,6.98000000000042,28.13,3.24286,-2.38341
0.885,1.02033,-2.12497,6.13239,-6.17729,6.8999999999999,28.34,3.24328,-2.3726
0.886,1.02646,-2.13113,6.1392,-6.14874,6.80999999999975,28.55,3.24364,-2.36172
0.887,1.0326,-2.13726,6.14593,-6.11997,6.73000000000012,28.7699999999997,3.24396,-2.35077
0.888,1.03875,-2.14337,6.15258,-6.091,6.65000000000048,28.9700000000001,3.24422,-2.33975
0.889,1.04491,-2.14945,6.15914,-6.06182,6.55999999999945,29.1800000000002,3.24444,-2.32867
0.89,1.05107,-2.15549,6.16561,-6.03244,6.47000000000019,29.3799999999997,3.2446,-2.31752
0.891,1.05724,-2.16151,6.172,-6.00286,6.38999999999967,29.5800000000001,3.24471,-2.3063
0.892,1.06341,-2.1675,6.1783,-5.97309,6.30000000000041,29.77,3.24478,-2.29502
0.893,1.0696,-2.17346,6.1845,-5.94312,6.19999999999976,29.9699999999996,3.24479,-2.28368
0.894,1.07578,-2.17938,6.19062,-5.91297,6.12000000000012,30.1500000000008,3.24474,-2.27228
0.895,1.08198,-2.18528,6.19665,-5.88263,6.02999999999997,30.3399999999998,3.24465,-2.26082
0.896,1.08818,-2.19115,6.20259,-5.85211,5.93999999999983,30.5200000000001,3.24451,-2.2493
0.897,1.09438,-2.19699,6.20843,-5.82141,5.84000000000006,30.6999999999995,3.24431,-2.23773
0.898,1.10059,-2.20279,6.21417,-5.79053,5.7400000000003,30.8799999999998,3.24406,-2.22609
0.899,1.10681,-2.20857,6.21983,-5.75948,5.65999999999977,31.0500000000004,3.24375,-2.21441
0.9,1.11303,-2.21431,6.22538,-5.72826,5.55000000000038,31.2200000000002,3.2434,-2.20267
0.901,1.11926,-2.22002,6.23084,-5.69687,5.45999999999935,31.39,3.24299,-2.19088
0.902,1.1255,-2.22571,6.2362,-5.66532,5.36000000000047,31.5499999999993,3.24253,-2.17904
0.903,1.13173,-2.23135,6.24146,-5.63361,5.25999999999982,31.7100000000003,3.24201,-2.16714
0.904,1.13798,-2.23697,6.24662,-5.60174,5.16000000000005,31.8699999999996,3.24144,-2.1552
0.905,1.14423,-2.24256,6.25168,-5.56972,5.06000000000028,32.0200000000001,3.24082,-2.14322
0.906,1.15048,-2.24811,6.25664,-5.53754,4.95999999999963,32.1800000000003,3.24014,-2.13119
0.907,1.15674,-2.25363,6.26149,-5.50522,4.85000000000024,32.3200000000003,3.23941,-2.11911
0.908,1.163,-2.25912,6.26624,-5.47276,4.74999999999958,32.4599999999995,3.23862,-2.10699
0.909,1.16927,-2.26458,6.27088,-5.44015,4.6400000000002,32.61,3.23778,-2.09483
0.91,1.17555,-2.27,6.27542,-5.4074,4.54000000000043,32.75,3.23689,-2.08262
0.911,1.18182,-2.27539,6.27985,-5.37452,4.42999999999926,32.8799999999995,3.23594,-2.07038
0.912,1.18811,-2.28075,6.28418,-5.34151,4.33000000000039,33.01,3.23493,-2.0581
0.913,1.19439,-2.28608,6.28839,-5.30837,4.2099999999996,33.1400000000004,3.23387,-2.04578
0.914,1.20068,-2.29137,6.29249,-5.27511,4.10000000000021,33.2600000000003,3.23275,-2.03342
0.915,1.20698,-2.29663,6.29648,-5.24172,3.98999999999993,33.3899999999998,3.23158,-2.02103
0.916,1.21328,-2.30185,6.30036,-5.20821,3.88000000000055,33.5099999999997,3.23036,-2.0086
0.917,1.21958,-2.30704,6.30413,-5.17458,3.76999999999938,33.6300000000005,3.22907,-1.99615
0.918,1.22588,-2.3122,6.30779,-5.14085,3.65999999999999,33.7299999999993,3.22774,-1.98366
0.919,1.23219,-2.31732,6.31133,-5.107,3.5400000000001,33.8500000000001,3.22634,-1.97114
0.92,1.23851,-2.32241,6.31475,-5.07304,3.4200000000002,33.9600000000004,3.22489,-1.95859
0.921,1.24482,-2.32747,6.31806,-5.03898,3.30999999999992,34.0600000000002,3.22338,-1.94601
0.922,1.25114,-2.33249,6.32125,-5.00482,3.19000000000002,34.1599999999999,3.22182,-1.9334
0.923,1.25747,-2.33748,6.32432,-4.97057,3.07000000000013,34.2499999999992,3.2202,-1.92077
0.924,1.26379,-2.34243,6.32728,-4.93621,2.95999999999985,34.3600000000004,3.21853,-1.90811
0.925,1.27012,-2.34735,6.33011,-4.90177,2.83000000000033,34.44,3.2168,-1.89543
0.926,1.27645,-2.35224,6.33283,-4.86723,2.72000000000005,34.5399999999998,3.21501,-1.88273
0.927,1.28279,-2.35709,6.33542,-4.83261,2.58999999999965,34.6200000000003,3.21316,-1.87
0.928,1.28912,-2.3619,6.3379,-4.79791,2.48000000000026,34.6999999999999,3.21126,-1.85726
0.929,1.29546,-2.36668,6.34025,-4.76312,2.34999999999985,34.7900000000001,3.2093,-1.84449
0.93,1.3018,-2.37143,6.34248,-4.72826,2.22999999999995,34.8600000000001,3.20729,-1.8317
0.931,1.30815,-2.37614,6.34458,-4.69332,2.09999999999954,34.9399999999997,3.20522,-1.8189
0.932,1.31449,-2.38081,6.34656,-4.65831,1.98000000000054,35.0099999999997,3.20309,-1.80608
0.933,1.32084,-2.38545,6.34842,-4.62323,1.85999999999975,35.0799999999998,3.20091,-1.79324
0.934,1.32719,-2.39006,6.35015,-4.58809,1.73000000000023,35.1400000000001,3.19867,-1.78039
0.935,1.33354,-2.39463,6.35176,-4.55288,1.60999999999944,35.2100000000002,3.19637,-1.76753
0.936,1.33989,-2.39917,6.35324,-4.51761,1.48000000000081,35.2699999999997,3.19402,-1.75465
0.937,1.34625,-2.40367,6.35459,-4.48229,1.34999999999952,35.3200000000004,3.19161,-1.74176
0.938,1.3526,-2.40813,6.35582,-4.44691,1.22999999999976,35.3800000000039,3.18914,-1.72886
0.939,1.35896,-2.41256,6.35691,-4.41147,1.09000000000048,35.4400000000003,3.18662,-1.71594
0.94,1.36531,-2.41695,6.35788,-4.37599,0.969999999999692,35.4799999999997,3.18404,-1.70302
0.941,1.37167,-2.42131,6.35873,-4.34045,0.850000000000683,35.5400000000001,3.18141,-1.69009
0.942,1.37803,-2.42563,6.35944,-4.30487,0.709999999999766,35.5799999999995,3.17872,-1.67716
0.943,1.38439,-2.42992,6.36002,-4.26925,0.579999999999358,35.6199999999997,3.17597,-1.66421
0.944,1.39075,-2.43417,6.36048,-4.23359,0.460000000000349,35.66,3.17317,-1.65126
0.945,1.39711,-2.43839,6.36081,-4.1979,0.329999999999941,35.6900000000006,3.17032,-1.6383
0.946,1.40347,-2.44257,6.361,-4.16216,0.189999999999912,35.7399999999996,3.1674,-1.62534
0.947,1.40983,-2.44671,6.36107,-4.1264,0.0700000000000144,35.7599999999998,3.16444,-1.61238
0.948,1.4162,-2.45082,6.36101,-4.0906,-0.0599999999995048,35.8,3.16141,-1.59941
0.949,1.42256,-2.45489,6.36081,-4.05478,-0.200000000000422,35.8200000000002,3.15834,-1.58644
0.95,1.42892,-2.45893,6.36049,-4.01893,-0.319999999999432,35.8499999999999,3.1552,-1.57347
0.951,1.43528,-2.46293,6.36003,-3.98306,-0.460000000000349,35.87,3.15202,-1.5605
0.952,1.44164,-2.4669,6.35945,-3.94716,-0.580000000000246,35.9000000000002,3.14878,-1.54753
0.953,1.448,-2.47083,6.35873,-3.91125,-0.719999999999387,35.9099999999999,3.14548,-1.53456
0.954,1.45435,-2.47472,6.35789,-3.87532,-0.840000000000173,35.93,3.14213,-1.52159
0.955,1.46071,-2.47858,6.35691,-3.83938,-0.980000000000202,35.9400000000001,3.13873,-1.50863
0.956,1.46707,-2.4824,6.3558,-3.80342,-1.10999999999972,35.9599999999997,3.13528,-1.49566
0.957,1.47342,-2.48618,6.35457,-3.76745,-1.23000000000051,35.9699999999998,3.13177,-1.4827
0.958,1.47978,-2.48993,6.3532,-3.73148,-1.36999999999965,35.9700000000002,3.12821,-1.46975
0.959,1.48613,-2.49365,6.3517,-3.6955,-1.50000000000006,35.9799999999999,3.12459,-1.45679
0.96,1.49248,-2.49732,6.35007,-3.65951,-1.63000000000046,35.9899999999999,3.12093,-1.44385
0.961,1.49883,-2.50096,6.34832,-3.62352,-1.74999999999947,35.9899999999999,3.11721,-1.43091
0.962,1.50518,-2.50457,6.34643,-3.58753,-1.89000000000039,35.9899999999999,3.11344,-1.41798
0.963,1.51152,-2.50814,6.34441,-3.55155,-2.01999999999991,35.9799999999999,3.10962,-1.40505
0.964,1.51787,-2.51167,6.34227,-3.51556,-2.13999999999981,35.9900000000004,3.10575,-1.39213
0.965,1.52421,-2.51517,6.34,-3.47958,-2.27000000000021,35.9799999999999,3.10183,-1.37922
0.966,1.53055,-2.51863,6.33759,-3.44361,-2.41000000000024,35.9699999999998,3.09786,-1.36632
0.967,1.53688,-2.52206,6.33506,-3.40764,-2.52999999999925,35.9700000000002,3.09384,-1.35342
0.968,1.54322,-2.52545,6.33241,-3.37169,-2.65000000000004,35.9499999999997,3.08977,-1.34054
0.969,1.54955,-2.5288,6.32962,-3.33575,-2.79000000000007,35.9400000000001,3.08565,-1.32767
0.97,1.55588,-2.53212,6.32671,-3.29982,-2.90999999999997,35.93,3.08148,-1.31481
0.971,1.5622,-2.5354,6.32368,-3.2639,-3.02999999999986,35.9199999999999,3.07726,-1.30195
0.972,1.56852,-2.53865,6.32051,-3.228,-3.17000000000078,35.8999999999998,3.073,-1.28911
0.973,1.57484,-2.54186,6.31722,-3.19212,-3.28999999999979,35.8800000000001,3.06869,-1.27629
0.974,1.58116,-2.54503,6.31381,-3.15626,-3.40999999999969,35.86,3.06433,-1.26347
0.975,1.58747,-2.54817,6.31027,-3.12042,-3.5400000000001,35.8399999999998,3.05992,-1.25067
0.976,1.59378,-2.55127,6.30661,-3.0846,-3.65999999999999,35.8200000000002,3.05547,-1.23787
0.977,1.60008,-2.55434,6.30283,-3.04881,-3.77999999999989,35.79,3.05097,-1.2251
0.978,1.60638,-2.55737,6.29893,-3.01304,-3.89999999999979,35.7699999999998,3.04643,-1.21233
0.979,1.61268,-2.56036,6.2949,-2.97729,-4.0300000000002,35.7500000000001,3.04184,-1.19959
0.98,1.61897,-2.56332,6.29075,-2.94158,-4.15000000000009,35.7099999999999,3.03721,-1.18685
0.981,1.62526,-2.56625,6.28648,-2.90589,-4.26999999999999,35.6900000000002,3.03254,-1.17413
0.982,1.63155,-2.56914,6.28209,-2.87023,-4.38999999999989,35.66,3.02782,-1.16142
0.983,1.63783,-2.57199,6.27759,-2.83461,-4.50000000000017,35.6199999999997,3.02305,-1.14874
0.984,1.6441,-2.5748,6.27296,-2.79901,-4.62999999999969,35.6,3.01825,-1.13606
0.985,1.65037,-2.57759,6.26822,-2.76345,-4.73999999999996,35.5599999999998,3.0134,-1.1234
0.986,1.65664,-2.58033,6.26336,-2.72793,-4.86000000000075,35.52,3.00851,-1.11076
0.987,1.6629,-2.58304,6.25838,-2.69244,-4.97999999999976,35.4900000000002,3.00358,-1.09813
0.988,1.66915,-2.58572,6.25329,-2.65698,-5.09000000000003,35.46,2.99861,-1.08552
0.989,1.6754,-2.58836,6.24809,-2.62157,-5.19999999999942,35.4099999999997,2.9936,-1.07293
0.99,1.68165,-2.59096,6.24277,-2.58619,-5.32000000000021,35.3799999999999,2.98855,-1.06036
0.991,1.68789,-2.59353,6.23734,-2.55085,-5.43000000000049,35.3400000000001,2.98347,-1.0478
0.992,1.69413,-2.59606,6.2318,-2.51555,-5.53999999999987,35.2999999999999,2.97834,-1.03526
0.993,1.70035,-2.59856,6.22615,-2.48029,-5.65000000000015,35.26,2.97317,-1.02273
0.994,1.70658,-2.60102,6.22039,-2.44508,-5.75999999999954,35.2100000000002,2.96797,-1.01023
0.995,1.71279,-2.60345,6.21452,-2.40991,-5.86999999999981,35.1699999999999,2.96273,-0.997741
0.996,1.71901,-2.60584,6.20854,-2.37478,-5.98000000000009,35.1300000000001,2.95746,-0.985271
0.997,1.72521,-2.6082,6.20245,-2.3397,-6.09000000000037,35.0799999999998,2.95214,-0.97282
0.998,1.73141,-2.61052,6.19626,-2.30466,-6.19000000000013,35.0399999999999,2.9468,-0.960387
0.999,1.7376,-2.61281,6.18996,-2.26967,-6.29999999999952,34.99,2.94141,-0.947973
1,1.74379,-2.61506,6.18356,-2.23472,-6.40000000000018,34.9500000000002,2.936,-0.935577
1.001,1.74997,-2.61728,6.17706,-2.19982,-6.50000000000067,34.9000000000038,2.93055,-0.9232
1.002,1.75615,-2.61946,6.17045,-2.16498,-6.60999999999949,34.8399999999961,2.92506,-0.910841
1.003,1.76231,-2.62161,6.16374,-2.13017,-6.71000000000073,34.8100000000036,2.91955,-0.898502
1.004,1.76847,-2.62372,6.15694,-2.09542,-6.79999999999938,34.7499999999964,2.914,-0.886182
1.005,1.77463,-2.6258,6.15003,-2.06072,-6.91000000000029,34.7000000000038,2.90842,-0.873881
1.006,1.78077,-2.62784,6.14302,-2.02607,-7.0099999999994,34.6499999999962,2.90281,-0.861599
1.007,1.78691,-2.62985,6.13592,-1.99147,-7.10000000000111,34.6000000000036,2.89717,-0.849336
1.008,1.79304,-2.63182,6.12872,-1.95692,-7.1999999999984,34.5499999999962,2.8915,-0.837093
1.009,1.79917,-2.63376,6.12143,-1.92243,-7.29000000000104,34.4900000000037,2.88579,-0.824869
1.01,1.80529,-2.63567,6.11404,-1.88798,-7.38999999999918,34.4499999999962,2.88006,-0.812664
1.011,1.8114,-2.63754,6.10655,-1.85359,-7.4900000000006,34.3900000000037,2.8743,-0.800479
1.012,1.8175,-2.63938,6.09898,-1.81926,-7.56999999999945,34.3299999999961,2.86852,-0.788314
1.013,1.8236,-2.64118,6.09131,-1.78498,-7.67000000000091,34.2800000000039,2.8627,-0.776168
1.014,1.82968,-2.64295,6.08356,-1.75075,-7.74999999999884,34.2299999999962,2.85686,-0.764041
1.015,1.83576,-2.64468,6.07571,-1.71658,-7.85000000000122,34.1700000000038,2.851,-0.751935
1.016,1.84183,-2.64638,6.06778,-1.68246,-7.92999999999911,34.1199999999961,2.8451,-0.739848
1.017,1.8479,-2.64804,6.05976,-1.6484,-8.02000000000102,34.0600000000037,2.83918,-0.72778
1.018,1.85395,-2.64968,6.05165,-1.6144,-8.10999999999849,33.9999999999962,2.83324,-0.715733
1.019,1.86,-2.65127,6.04346,-1.58045,-8.19000000000171,33.9500000000039,2.82727,-0.703705
1.02,1.86604,-2.65284,6.03519,-1.54656,-8.26999999999863,33.8899999999962,2.82128,-0.691696
1.021,1.87207,-2.65437,6.02683,-1.51273,-8.36000000000062,33.8300000000037,2.81527,-0.679708
1.022,1.87809,-2.65586,6.01839,-1.47895,-8.43999999999928,33.7799999999961,2.80923,-0.667739
1.023,1.88411,-2.65732,6.00987,-1.44524,-8.5200000000008,33.7100000000036,2.80317,-0.65579
1.024,1.89011,-2.65875,6.00126,-1.41158,-8.60999999999904,33.6599999999963,2.79709,-0.643861
1.025,1.89611,-2.66015,5.99258,-1.37798,-8.68000000000098,33.6000000000038,2.79098,-0.631951
1.026,1.9021,-2.66151,5.98382,-1.34444,-8.75999999999956,33.5399999999961,2.78486,-0.620062
1.027,1.90808,-2.66284,5.97499,-1.31096,-8.83000000000064,33.4800000000039,2.77871,-0.608192
1.028,1.91405,-2.66413,5.96608,-1.27754,-8.9099999999992,33.4199999999963,2.77255,-0.596341
1.029,1.92001,-2.66539,5.95709,-1.24418,-8.99000000000082,33.3600000000035,2.76637,-0.584511
1.03,1.92596,-2.66662,5.94803,-1.21088,-9.05999999999883,33.2999999999964,2.76016,-0.5727
1.031,1.93191,-2.66781,5.93889,-1.17764,-9.14000000000138,33.2400000000036,2.75394,-0.560908
1.032,1.93784,-2.66897,5.92969,-1.14446,-9.19999999999884,33.1799999999963,2.7477,-0.549137
1.033,1.94377,-2.6701,5.92041,-1.11135,-9.28000000000053,33.1100000000036,2.74145,-0.537385
1.034,1.94968,-2.6712,5.91106,-1.07829,-9.34999999999937,33.0599999999964,2.73518,-0.525653
1.035,1.95559,-2.67226,5.90164,-1.0453,-9.42000000000058,32.9900000000037,2.72889,-0.51394
1.036,1.96148,-2.67329,5.89215,-1.01237,-9.48999999999938,32.9299999999962,2.72258,-0.502247
1.037,1.96737,-2.67428,5.8826,-0.9795,-9.550000000001,32.8700000000036,2.71626,-0.490574
1.038,1.97325,-2.67525,5.87298,-0.946694,-9.61999999999889,32.8059999999963,2.70992,-0.47892
1.039,1.97912,-2.67618,5.86329,-0.913951,-9.69000000000104,32.7430000000037,2.70357,-0.467286
1.04,1.98498,-2.67707,5.85354,-0.881272,-9.74999999999928,32.6789999999962,2.6972,-0.455672
1.041,1.99083,-2.67794,5.84372,-0.848656,-9.82000000000058,32.6160000000037,2.69082,-0.444077
1.042,1.99666,-2.67877,5.83385,-0.816103,-9.86999999999916,32.5529999999963,2.68443,-0.432502
1.043,2.00249,-2.67957,5.8239,-0.783615,-9.950000000001,32.4880000000037,2.67802,-0.420946
1.044,2.00831,-2.68034,5.8139,-0.751191,-9.99999999999867,32.4239999999963,2.6716,-0.40941
1.045,2.01412,-2.68107,5.80384,-0.718832,-10.0600000000013,32.3590000000036,2.66517,-0.397894
1.046,2.01992,-2.68178,5.79371,-0.686538,-10.1299999999991,32.2939999999964,2.65872,-0.386397
1.047,2.02571,-2.68245,5.78353,-0.654309,-10.1800000000012,32.2290000000035,2.65226,-0.374919
1.048,2.03149,-2.68308,5.77329,-0.622145,-10.2399999999984,32.1639999999965,2.6458,-0.363462
1.049,2.03725,-2.68369,5.76299,-0.590047,-10.3000000000011,32.0980000000035,2.63932,-0.352023
1.05,2.04301,-2.68426,5.75263,-0.558015,-10.3599999999992,32.0319999999964,2.63283,-0.340605
1.051,2.04876,-2.68481,5.74222,-0.526049,-10.4100000000014,31.9660000000036,2.62633,-0.329206
1.052,2.0545,-2.68532,5.73175,-0.49415,-10.4699999999986,31.8989999999964,2.61982,-0.317826
1.053,2.06022,-2.68579,5.72123,-0.462318,-10.5200000000008,31.8320000000035,2.6133,-0.306467
1.054,2.06594,-2.68624,5.71065,-0.430553,-10.5799999999988,31.7649999999964,2.60677,-0.295127
1.055,2.07164,-2.68666,5.70002,-0.398855,-10.6300000000011,31.6980000000035,2.60023,-0.283806
1.056,2.07734,-2.68704,5.68934,-0.367225,-10.6799999999995,31.6299999999965,2.59369,-0.272506
1.057,2.08302,-2.68739,5.67861,-0.335663,-10.7300000000009,31.5620000000035,2.58713,-0.261224
1.058,2.0887,-2.68771,5.66782,-0.30417,-10.7899999999989,31.4929999999965,2.58057,-0.249963
1.059,2.09436,-2.688,5.65699,-0.272745,-10.8300000000006,31.4250000000034,2.574,-0.238722
1.06,2.10001,-2.68825,5.6461,-0.241389,-10.8899999999995,31.3559999999965,2.56742,-0.2275
1.061,2.10565,-2.68848,5.63516,-0.210103,-10.9400000000009,31.2860000000034,2.56084,-0.216298
1.062,2.11128,-2.68868,5.62418,-0.178886,-10.9799999999988,31.2169999999965,2.55425,-0.205116
1.063,2.1169,-2.68884,5.61315,-0.147739,-11.0300000000011,31.1470000000034,2.54765,-0.193955
1.064,2.12251,-2.68897,5.60207,-0.116663,-11.0799999999985,31.0759999999965,2.54105,-0.182813
1.065,2.1281,-2.68907,5.59094,-0.0856573,-11.1300000000018,31.0057000000034,2.53444,-0.171691
1.066,2.13369,-2.68914,5.57977,-0.0547229,-11.1699999999987,30.9343999999965,2.52782,-0.160589
1.067,2.13926,-2.68918,5.56854,-0.0238599,-11.2300000000015,30.8630000000034,2.5212,-0.149507
1.068,2.14483,-2.68919,5.55728,0.00693123,-11.2599999999979,30.7911299999966,2.51457,-0.138446
1.069,2.15038,-2.68917,5.54597,0.0376501,-11.3100000000021,30.7188700000034,2.50794,-0.127405
1.07,2.15592,-2.68911,5.53461,0.0682964,-11.3599999999985,30.6462999999966,2.5013,-0.116385
1.071,2.16145,-2.68903,5.52321,0.0988696,-11.4000000000013,30.5732000000034,2.49466,-0.105384
1.072,2.16696,-2.68892,5.51177,0.129369,-11.4399999999982,30.4993999999966,2.48801,-0.0944048
1.073,2.17247,-2.68877,5.50028,0.159795,-11.4900000000015,30.4260000000033,2.48136,-0.0834459
1.074,2.17796,-2.6886,5.48875,0.190147,-11.5299999999992,30.3519999999966,2.47471,-0.0725077
1.075,2.18345,-2.68839,5.47718,0.220424,-11.5700000000011,30.2770000000033,2.46805,-0.0615903
1.076,2.18892,-2.68816,5.46557,0.250626,-11.6099999999988,30.2019999999966,2.46139,-0.0506938
1.077,2.19438,-2.68789,5.45391,0.280752,-11.6600000000013,30.1260000000033,2.45472,-0.0398184
1.078,2.19983,-2.68759,5.44221,0.310802,-11.6999999999981,30.0499999999967,2.44805,-0.0289642
1.079,2.20526,-2.68727,5.43048,0.340776,-11.7300000000013,29.9740000000033,2.44138,-0.0181311
1.08,2.21069,-2.68691,5.4187,0.370673,-11.7799999999986,29.8969999999966,2.4347,-0.00731951
1.081,2.2161,-2.68653,5.40688,0.400492,-11.8200000000015,29.8190000000033,2.42802,0.00347063
1.082,2.2215,-2.68611,5.39502,0.430234,-11.8599999999991,29.7419999999967,2.42134,0.0142391
1.083,2.22689,-2.68567,5.38312,0.459897,-11.9000000000011,29.6630000000033,2.41466,0.0249859
1.084,2.23227,-2.68519,5.37118,0.489481,-11.9399999999987,29.5839999999967,2.40797,0.0357108
1.085,2.23763,-2.68469,5.3592,0.518985,-11.9800000000008,29.5040000000033,2.40128,0.0464136
1.086,2.24299,-2.68415,5.34719,0.54841,-12.0099999999987,29.4249999999966,2.39459,0.0570943
1.087,2.24833,-2.68359,5.33513,0.577754,-12.0600000000013,29.3440000000033,2.3879,0.0677527
1.088,2.25366,-2.683,5.32304,0.607018,-12.0899999999992,29.2639999999967,2.3812,0.0783886
1.089,2.25897,-2.68238,5.31091,0.636199,-12.1300000000013,29.1810000000032,2.3745,0.0890018
1.09,2.26428,-2.68173,5.29874,0.665299,-12.1699999999989,29.0999999999968,2.3678,0.0995923
1.091,2.26957,-2.68105,5.28653,0.694316,-12.210000000001,29.0170000000033,2.3611,0.11016
1.092,2.27485,-2.68034,5.27429,0.723249,-12.2399999999989,28.9329999999967,2.3544,0.120704
1.093,2.28012,-2.6796,5.262,0.752099,-12.2900000000015,28.8500000000031,2.34769,0.131225
1.094,2.28538,-2.67883,5.24968,0.780865,-12.3199999999985,28.7659999999968,2.34099,0.141723
1.095,2.29062,-2.67804,5.23733,0.809545,-12.350000000001,28.6800000000031,2.33428,0.152197
1.096,2.29585,-2.67721,5.22493,0.83814,-12.399999999999,28.5949999999968,2.32757,0.162647
1.097,2.30107,-2.67636,5.2125,0.866649,-12.4300000000006,28.5090000000031,2.32085,0.173073
1.098,2.30627,-2.67548,5.20003,0.895071,-12.469999999999,28.4219999999968,2.31414,0.183474
1.099,2.31147,-2.67457,5.18753,0.923406,-12.5000000000016,28.3350000000031,2.30743,0.193852
1.1,2.31665,-2.67363,5.17498,0.951653,-12.5499999999987,28.2469999999969,2.30071,0.204204
1.101,2.32182,-2.67267,5.16241,0.979811,-12.5700000000007,28.1580000000031,2.29399,0.214532
1.102,2.32697,-2.67167,5.14979,1.00788,-12.6199999999987,28.068999999997,2.28727,0.224835
1.103,2.33212,-2.67065,5.13714,1.03586,-12.6500000000021,27.980000000003,2.28055,0.235112
1.104,2.33725,-2.6696,5.12445,1.06375,-12.6899999999978,27.8899999999968,2.27383,0.245364
1.105,2.34237,-2.66852,5.11173,1.09154,-12.7200000000021,27.790000000003,2.26711,0.255591
1.106,2.34747,-2.66742,5.09897,1.11925,-12.7599999999987,27.709999999997,2.26038,0.265791
1.107,2.35256,-2.66629,5.08617,1.14686,-12.8000000000009,27.6100000000029,2.25366,0.275965
1.108,2.35764,-2.66513,5.07334,1.17438,-12.8299999999987,27.5199999999969,2.24693,0.286113
1.109,2.36271,-2.66394,5.06047,1.20181,-12.8700000000018,27.4300000000031,2.2402,0.296234
1.11,2.36777,-2.66272,5.04757,1.22914,-12.8999999999978,27.3299999999968,2.23347,0.306328
1.111,2.37281,-2.66148,5.03462,1.25637,-12.9500000000014,27.2300000000031,2.22674,0.316395
1.112,2.37783,-2.66021,5.02165,1.28351,-12.9699999999987,27.1399999999969,2.22001,0.326434
1.113,2.38285,-2.65891,5.00863,1.31055,-13.0200000000015,27.0400000000032,2.21328,0.336446
1.114,2.38785,-2.65759,4.99558,1.3375,-13.0499999999983,26.9499999999968,2.20654,0.34643
1.115,2.39284,-2.65624,4.9825,1.36435,-13.0800000000019,26.850000000003,2.1998,0.356386
1.116,2.39782,-2.65486,4.96937,1.3911,-13.1299999999988,26.7499999999971,2.19306,0.366314
1.117,2.40278,-2.65345,4.95621,1.41774,-13.1600000000015,26.6400000000029,2.18632,0.376212
1.118,2.40773,-2.65202,4.94302,1.44429,-13.1899999999983,26.5499999999971,2.17958,0.386082
1.119,2.41267,-2.65057,4.92978,1.47074,-13.2400000000012,26.4500000000028,2.17284,0.395923
1.12,2.41759,-2.64908,4.91651,1.49709,-13.2699999999989,26.3499999999971,2.16609,0.405734
1.121,2.4225,-2.64757,4.90321,1.52333,-13.3000000000016,26.2400000000029,2.15935,0.415515
1.122,2.4274,-2.64604,4.88987,1.54947,-13.339999999998,26.1399999999969,2.1526,0.425266
1.123,2.43228,-2.64447,4.87649,1.57551,-13.3800000000012,26.0400000000029,2.14585,0.434987
1.124,2.43715,-2.64288,4.86307,1.60144,-13.4199999999994,25.9299999999971,2.1391,0.444678
1.125,2.442,-2.64127,4.84962,1.62726,-13.4500000000012,25.8200000000028,2.13234,0.454337
1.126,2.44685,-2.63963,4.83613,1.65298,-13.4900000000015,25.7200000000028,2.12558,0.463966
1.127,2.45168,-2.63796,4.8226,1.6786,-13.5299999999979,25.6199999999973,2.11882,0.473563
1.128,2.45649,-2.63627,4.80904,1.7041,-13.5600000000015,25.5000000000027,2.11206,0.483128
1.129,2.46129,-2.63456,4.79544,1.7295,-13.5999999999988,25.3999999999972,2.1053,0.492661
1.13,2.46608,-2.63281,4.7818,1.75479,-13.640000000002,25.2900000000028,2.09853,0.502162
1.131,2.47086,-2.63105,4.76812,1.77997,-13.6799999999984,25.1799999999972,2.09177,0.51163
1.132,2.47562,-2.62925,4.75441,1.80503,-13.7100000000012,25.0600000000026,2.085,0.521065
1.133,2.48037,-2.62744,4.74066,1.82999,-13.7499999999984,24.9599999999973,2.07822,0.530467
1.134,2.4851,-2.62559,4.72687,1.85484,-13.7900000000017,24.8500000000028,2.07145,0.539836
1.135,2.48982,-2.62373,4.71305,1.87957,-13.8199999999984,24.7299999999972,2.06467,0.549171
1.136,2.49453,-2.62183,4.69918,1.90418,-13.8700000000014,24.6100000000027,2.05789,0.558471
1.137,2.49922,-2.61992,4.68528,1.92869,-13.8999999999989,24.5099999999973,2.0511,0.567738
1.138,2.5039,-2.61798,4.67134,1.95308,-13.9400000000014,24.3900000000026,2.04432,0.576969
1.139,2.50856,-2.61601,4.65736,1.97735,-13.9799999999985,24.2699999999973,2.03753,0.586166
1.14,2.51321,-2.61402,4.64335,2.00151,-14.0100000000014,24.1600000000028,2.03073,0.595327
1.141,2.51785,-2.61201,4.6293,2.02554,-14.0499999999985,24.0299999999971,2.02394,0.604453
1.142,2.52247,-2.60997,4.6152,2.04947,-14.1000000000016,23.9300000000026,2.01714,0.613542
1.143,2.52708,-2.60791,4.60108,2.07327,-14.1199999999986,23.7999999999974,2.01033,0.622596
1.144,2.53167,-2.60582,4.58691,2.09695,-14.1700000000016,23.6800000000028,2.00353,0.631613
1.145,2.53625,-2.60372,4.5727,2.12051,-14.2099999999978,23.5599999999972,1.99672,0.640593
1.146,2.54082,-2.60158,4.55846,2.14395,-14.2400000000016,23.4400000000025,1.9899,0.649536
1.147,2.54537,-2.59943,4.54418,2.16727,-14.2799999999987,23.3199999999974,1.98309,0.658442
1.148,2.54991,-2.59725,4.52985,2.19047,-14.3300000000018,23.2000000000027,1.97627,0.66731
1.149,2.55443,-2.59505,4.5155,2.21355,-14.3499999999978,23.0799999999976,1.96944,0.67614
1.15,2.55894,-2.59282,4.5011,2.2365,-14.4000000000018,22.9500000000023,1.96262,0.684932
1.151,2.56343,-2.59057,4.48666,2.25932,-14.4399999999988,22.8199999999977,1.95578,0.693685
1.152,2.56791,-2.5883,4.47219,2.28203,-14.4700000000009,22.7100000000021,1.94895,0.702399
1.153,2.57238,-2.58601,4.45768,2.3046,-14.5099999999988,22.5699999999979,1.94211,0.711074
1.154,2.57683,-2.58369,4.44312,2.32705,-14.5600000000011,22.4500000000021,1.93526,0.719709
1.155,2.58126,-2.58136,4.42853,2.34937,-14.5899999999985,22.3199999999976,1.92842,0.728305
1.156,2.58568,-2.579,4.41391,2.37157,-14.6200000000024,22.2000000000027,1.92156,0.736861
1.157,2.59009,-2.57661,4.39924,2.39363,-14.6699999999981,22.0599999999973,1.91471,0.745376
1.158,2.59448,-2.57421,4.38454,2.41557,-14.7000000000011,21.9400000000027,1.90785,0.753851
1.159,2.59886,-2.57178,4.36979,2.43738,-14.7499999999986,21.8099999999974,1.90098,0.762284
1.16,2.60322,-2.56933,4.35501,2.45905,-14.7800000000016,21.6700000000022,1.89411,0.770677
1.161,2.60757,-2.56686,4.34019,2.4806,-14.8199999999986,21.5499999999975,1.88724,0.779028
1.162,2.6119,-2.56437,4.32534,2.50201,-14.8500000000017,21.4100000000023,1.88036,0.787337
1.163,2.61622,-2.56186,4.31044,2.5233,-14.8999999999982,21.2899999999976,1.87348,0.795604
1.164,2.62052,-2.55933,4.29551,2.54445,-14.9300000000013,21.1500000000023,1.86659,0.803829
1.165,2.62481,-2.55677,4.28054,2.56546,-14.9699999999983,21.0099999999976,1.8597,0.812011
1.166,2.62908,-2.55419,4.26553,2.58634,-15.0100000000018,20.8800000000023,1.8528,0.820151
1.167,2.63334,-2.5516,4.25048,2.60709,-15.0499999999988,20.7499999999977,1.8459,0.828247
1.168,2.63758,-2.54898,4.2354,2.62771,-15.080000000001,20.6200000000024,1.839,0.8363
1.169,2.64181,-2.54634,4.22028,2.64818,-15.1199999999988,20.4699999999977,1.83209,0.844309
1.17,2.64603,-2.54368,4.20512,2.66852,-15.1600000000015,20.3400000000023,1.82517,0.852274
1.171,2.65022,-2.54101,4.18993,2.68873,-15.1899999999979,20.2099999999978,1.81825,0.860195
1.172,2.6544,-2.53831,4.1747,2.7088,-15.2300000000024,20.0700000000022,1.81133,0.868072
1.173,2.65857,-2.53559,4.15943,2.72873,-15.2699999999975,19.9299999999978,1.8044,0.875904
1.174,2.66272,-2.53285,4.14413,2.74852,-15.3000000000024,19.7900000000022,1.79747,0.883691
1.175,2.66686,-2.53009,4.12879,2.76817,-15.3399999999975,19.6499999999977,1.79053,0.891433
1.176,2.67098,-2.52731,4.11341,2.78768,-15.3800000000021,19.5100000000021,1.78359,0.899129
1.177,2.67509,-2.52452,4.098,2.80706,-15.4099999999984,19.3799999999978,1.77664,0.90678
1.178,2.67918,-2.5217,4.08255,2.82629,-15.4500000000012,19.2300000000024,1.76969,0.914385
1.179,2.68325,-2.51886,4.06707,2.84539,-15.4799999999984,19.0999999999978,1.76273,0.921944
1.18,2.68731,-2.51601,4.05155,2.86434,-15.5200000000021,18.9500000000019,1.75577,0.929456
1.181,2.69136,-2.51313,4.036,2.88315,-15.5499999999984,18.8099999999981,1.7488,0.936923
1.182,2.69538,-2.51024,4.02042,2.90182,-15.5800000000016,18.6700000000018,1.74183,0.944342
1.183,2.6994,-2.50733,4.0048,2.92035,-15.6199999999976,18.5299999999981,1.73486,0.951714
1.184,2.70339,-2.5044,3.98914,2.93874,-15.6600000000022,18.3900000000022,1.72788,0.95904
1.185,2.70737,-2.50145,3.97346,2.95698,-15.6799999999979,18.239999999998,1.72089,0.966318
1.186,2.71134,-2.49849,3.95774,2.97508,-15.7200000000021,18.100000000002,1.71391,0.973548
1.187,2.71529,-2.4955,3.94199,2.99304,-15.7499999999979,17.959999999998,1.70691,0.980731
1.188,2.71922,-2.4925,3.9262,3.01085,-15.7900000000017,17.8100000000018,1.69992,0.987866
1.189,2.72314,-2.48948,3.91038,3.02852,-15.8199999999984,17.6699999999979,1.69292,0.994952
1.19,2.72704,-2.48644,3.89454,3.04604,-15.8400000000016,17.5200000000021,1.68591,1.00199
1.191,2.73093,-2.48339,3.87866,3.06342,-15.8799999999983,17.3799999999978,1.6789,1.00898
1.192,2.7348,-2.48032,3.86275,3.08066,-15.9100000000016,17.240000000002,1.67189,1.01592
1.193,2.73866,-2.47723,3.84681,3.09775,-15.9399999999983,17.0899999999981,1.66487,1.02282
1.194,2.7425,-2.47412,3.83084,3.11469,-15.970000000002,16.9400000000018,1.65785,1.02966
1.195,2.74632,-2.471,3.81484,3.13149,-15.9999999999982,16.799999999998,1.65083,1.03645
1.196,2.75013,-2.46786,3.79881,3.14815,-16.0300000000015,16.6600000000017,1.6438,1.0432
1.197,2.75392,-2.4647,3.78276,3.16466,-16.0499999999981,16.5099999999984,1.63677,1.04989
1.198,2.75769,-2.46153,3.76668,3.18102,-16.0800000000019,16.360000000002,1.62973,1.05654
1.199,2.76145,-2.45834,3.75057,3.19723,-16.109999999998,16.2099999999978,1.62269,1.06314
1.2,2.76519,-2.45513,3.73443,3.2133,-16.1400000000018,16.0700000000018,1.61565,1.06969
1.201,2.76892,-2.45191,3.71826,3.22923,-16.1699999999984,15.9299999999982,1.60861,1.07618
1.202,2.77263,-2.44868,3.70207,3.245,-16.1900000000017,15.770000000002,1.60156,1.08263
1.203,2.77632,-2.44542,3.68586,3.26063,-16.2099999999982,15.6299999999981,1.59451,1.08903
1.204,2.78,-2.44215,3.66962,3.27612,-16.2400000000016,15.4900000000019,1.58746,1.09537
1.205,2.78366,-2.43887,3.65336,3.29145,-16.2599999999981,15.3299999999984,1.5804,1.10167
1.206,2.78731,-2.43557,3.63707,3.30664,-16.2900000000019,15.1900000000013,1.57334,1.10792
1.207,2.79094,-2.43226,3.62076,3.32168,-16.309999999998,15.0399999999987,1.56628,1.11411
1.208,2.79455,-2.42893,3.60443,3.33658,-16.3300000000022,14.9000000000016,1.55922,1.12026
1.209,2.79814,-2.42558,3.58808,3.35133,-16.3499999999978,14.7499999999982,1.55216,1.12635
1.21,2.80172,-2.42223,3.5717,3.36593,-16.3800000000021,14.6000000000018,1.54509,1.1324
1.211,2.80529,-2.41885,3.55531,3.38038,-16.3899999999981,14.4499999999985,1.53803,1.13839
1.212,2.80883,-2.41547,3.53889,3.39469,-16.4200000000019,14.3100000000016,1.53096,1.14433
1.213,2.81237,-2.41206,3.52246,3.40885,-16.4299999999979,14.1599999999984,1.52389,1.15023
1.214,2.81588,-2.40865,3.50601,3.42286,-16.4500000000021,14.0100000000014,1.51681,1.15607
1.215,2.81938,-2.40522,3.48954,3.43673,-16.4699999999981,13.8699999999983,1.50974,1.16186
1.216,2.82286,-2.40177,3.47305,3.45045,-16.4900000000015,13.7200000000017,1.50267,1.16759
1.217,2.82632,-2.39832,3.45655,3.46403,-16.4999999999983,13.5799999999986,1.4956,1.17328
1.218,2.82977,-2.39485,3.44003,3.47745,-16.5200000000017,13.4200000000015,1.48852,1.17892
1.219,2.8332,-2.39136,3.42349,3.49074,-16.5399999999981,13.2899999999985,1.48145,1.1845
1.22,2.83662,-2.38786,3.40694,3.50387,-16.5500000000019,13.1300000000013,1.47437,1.19004
1.221,2.84002,-2.38435,3.39038,3.51686,-16.5599999999983,12.9899999999984,1.4673,1.19552
1.222,2.8434,-2.38083,3.37381,3.5297,-16.5700000000016,12.8400000000016,1.46022,1.20095
1.223,2.84677,-2.37729,3.35722,3.5424,-16.5899999999985,12.6999999999987,1.45315,1.20633
1.224,2.85011,-2.37375,3.34062,3.55495,-16.6000000000018,12.550000000001,1.44608,1.21166
1.225,2.85345,-2.37018,3.32402,3.56736,-16.5999999999981,12.4099999999986,1.43901,1.21694
1.226,2.85676,-2.36661,3.3074,3.57962,-16.6200000000019,12.2600000000013,1.43194,1.22217
1.227,2.86006,-2.36303,3.29077,3.59174,-16.6299999999978,12.119999999999,1.42487,1.22734
1.228,2.86334,-2.35943,3.27413,3.60372,-16.640000000002,11.9800000000012,1.4178,1.23247
1.229,2.86661,-2.35582,3.25749,3.61554,-16.6399999999979,11.8199999999988,1.41074,1.23754
1.23,2.86986,-2.3522,3.24084,3.62723,-16.6500000000021,11.690000000001,1.40367,1.24257
1.231,2.87309,-2.34856,3.22419,3.63877,-16.649999999998,11.5399999999988,1.39661,1.24754
1.232,2.87631,-2.34492,3.20753,3.65017,-16.6600000000017,11.4000000000013,1.38955,1.25246
1.233,2.87951,-2.34126,3.19086,3.66143,-16.6699999999985,11.2599999999988,1.3825,1.25733
1.234,2.88269,-2.3376,3.17419,3.67254,-16.6700000000018,11.1100000000012,1.37545,1.26215
1.235,2.88585,-2.33392,3.15752,3.68351,-16.6699999999981,10.9699999999987,1.3684,1.26692
1.236,2.889,-2.33023,3.14085,3.69434,-16.6700000000018,10.8300000000011,1.36135,1.27164
1.237,2.89214,-2.32653,3.12417,3.70503,-16.6799999999982,10.6899999999987,1.35431,1.27631
1.238,2.89525,-2.32282,3.1075,3.71557,-16.6700000000018,10.5400000000014,1.34727,1.28092
1.239,2.89835,-2.3191,3.09082,3.72598,-16.6799999999982,10.4099999999986,1.34024,1.28549
1.24,2.90143,-2.31537,3.07415,3.73624,-16.6700000000018,10.2600000000013,1.33321,1.29001
1.241,2.9045,-2.31163,3.05748,3.74637,-16.6699999999981,10.1299999999991,1.32618,1.29447
1.242,2.90755,-2.30787,3.04081,3.75635,-16.6700000000018,9.98000000000076,1.31916,1.29889
1.243,2.91058,-2.30411,3.02415,3.7662,-16.659999999998,9.84999999999903,1.31215,1.30325
1.244,2.9136,-2.30034,3.00749,3.77591,-16.6600000000017,9.71000000000118,1.30514,1.30757
1.245,2.9166,-2.29656,2.99084,3.78548,-16.6499999999984,9.56999999999901,1.29814,1.31183
1.246,2.91958,-2.29277,2.97419,3.79491,-16.6500000000017,9.43000000000064,1.29114,1.31605
1.247,2.92254,-2.28897,2.95755,3.8042,-16.6399999999984,9.28999999999898,1.28415,1.32022
1.248,2.92549,-2.28516,2.94092,3.81336,-16.6300000000015,9.16000000000107,1.27717,1.32433
1.249,2.92843,-2.28134,2.92429,3.82238,-16.6299999999983,9.01999999999902,1.27019,1.3284
1.25,2.93134,-2.27752,2.90768,3.83127,-16.6100000000018,8.89000000000104,1.26322,1.33242
1.251,2.93424,-2.27368,2.89108,3.84002,-16.6000000000018,8.750000000001,1.25625,1.33639
1.252,2.93712,-2.26984,2.87449,3.84864,-16.589999999998,8.61999999999911,1.2493,1.34031
1.253,2.93999,-2.26599,2.85791,3.85712,-16.5800000000021,8.48000000000098,1.24235,1.34418
1.254,2.94284,-2.26212,2.84134,3.86547,-16.5699999999979,8.34999999999915,1.23541,1.348
1.255,2.94567,-2.25825,2.82478,3.87368,-16.560000000002,8.21000000000051,1.22848,1.35178
1.256,2.94849,-2.25438,2.80825,3.88177,-16.5299999999981,8.08999999999925,1.22155,1.3555
1.257,2.95129,-2.25049,2.79172,3.88972,-16.5300000000018,7.950000000001,1.21464,1.35918
1.258,2.95407,-2.2466,2.77522,3.89754,-16.4999999999983,7.81999999999884,1.20774,1.36281
1.259,2.95684,-2.2427,2.75873,3.90522,-16.4900000000019,7.68000000000098,1.20084,1.36639
1.26,2.95959,-2.23879,2.74225,3.91278,-16.4799999999982,7.55999999999939,1.19395,1.36992
1.261,2.96232,-2.23487,2.7258,3.92021,-16.4500000000017,7.43000000000064,1.18708,1.37341
1.262,2.96504,-2.23095,2.70937,3.92751,-16.4299999999983,7.29999999999905,1.18021,1.37685
1.263,2.96774,-2.22702,2.69295,3.93468,-16.4200000000015,7.17000000000113,1.17335,1.38024
1.264,2.97043,-2.22308,2.67656,3.94173,-16.3899999999985,7.04999999999921,1.16651,1.38358
1.265,2.9731,-2.21913,2.66019,3.94864,-16.3700000000016,6.91000000000073,1.15967,1.38688
1.266,2.97575,-2.21518,2.64384,3.95543,-16.3499999999983,6.78999999999887,1.15285,1.39013
1.267,2.97838,-2.21122,2.62751,3.9621,-16.3300000000018,6.67000000000091,1.14604,1.39333
1.268,2.981,-2.20726,2.61121,3.96864,-16.2999999999984,6.53999999999948,1.13924,1.39649
1.269,2.98361,-2.20328,2.59494,3.97505,-16.2700000000018,6.41000000000051,1.13245,1.3996
1.27,2.98619,-2.19931,2.57869,3.98134,-16.2499999999981,6.2899999999992,1.12567,1.40267
1.271,2.98876,-2.19532,2.56246,3.98751,-16.2300000000015,6.17000000000069,1.11891,1.40569
1.272,2.99132,-2.19133,2.54627,3.99356,-16.1899999999986,6.04999999999943,1.11216,1.40866
1.273,2.99386,-2.18733,2.5301,3.99948,-16.1700000000016,5.9200000000008,1.10542,1.41159
1.274,2.99638,-2.18333,2.51396,4.00528,-16.1399999999982,5.79999999999916,1.09869,1.41447
1.275,2.99888,-2.17932,2.49785,4.01096,-16.1100000000016,5.68000000000053,1.09198,1.41731
1.276,3.00137,-2.17531,2.48177,4.01652,-16.0799999999983,5.55999999999939,1.08528,1.4201
1.277,3.00385,-2.17129,2.46572,4.02196,-16.0500000000017,5.44000000000071,1.0786,1.42285
1.278,3.00631,-2.16727,2.4497,4.02729,-16.0199999999984,5.32999999999924,1.07193,1.42556
1.279,3.00875,-2.16324,2.43372,4.03249,-15.9800000000016,5.20000000000089,1.06527,1.42822
1.28,3.01117,-2.1592,2.41777,4.03758,-15.9499999999983,5.08999999999947,1.05863,1.43083
1.281,3.01358,-2.15516,2.40185,4.04256,-15.9200000000017,4.98000000000031,1.052,1.43341
1.282,3.01598,-2.15112,2.38596,4.04741,-15.8899999999984,4.8499999999997,1.04539,1.43594
1.283,3.01835,-2.14707,2.37012,4.05215,-15.8400000000016,4.74000000000049,1.03879,1.43842
1.284,3.02072,-2.14301,2.3543,4.05678,-15.8199999999984,4.62999999999917,1.03221,1.44087
1.285,3.02306,-2.13895,2.33853,4.0613,-15.7700000000016,4.5200000000008,1.02565,1.44327
1.286,3.02539,-2.13489,2.32279,4.0657,-15.7399999999983,4.39999999999902,1.0191,1.44562
1.287,3.02771,-2.13082,2.30709,4.06999,-15.7000000000016,4.2900000000006,1.01257,1.44794
1.288,3.03001,-2.12675,2.29143,4.07416,-15.6599999999983,4.16999999999976,1.00605,1.45021
1.289,3.03229,-2.12267,2.2758,4.07823,-15.630000000002,4.07000000000002,0.999548,1.45244
1.29,3.03456,-2.11859,2.26022,4.08219,-15.5799999999982,3.95999999999974,0.993065,1.45463
1.291,3.03681,-2.11451,2.24468,4.08604,-15.5400000000018,3.85000000000033,0.986598,1.45678
1.292,3.03905,-2.11042,2.22917,4.08977,-15.5099999999982,3.72999999999959,0.980149,1.45889
1.293,3.04127,-2.10633,2.21371,4.09341,-15.4600000000017,3.64000000000115,0.973717,1.46096
1.294,3.04348,-2.10223,2.1983,4.09693,-15.409999999998,3.51999999999957,0.967302,1.46298
1.295,3.04567,-2.09813,2.18292,4.10035,-15.3800000000016,3.41999999999969,0.960906,1.46497
1.296,3.04784,-2.09403,2.16759,4.10366,-15.3299999999984,3.30999999999955,0.954528,1.46691
1.297,3.05,-2.08993,2.1523,4.10687,-15.2900000000019,3.21000000000051,0.948167,1.46882
1.298,3.05215,-2.08582,2.13706,4.10997,-15.2399999999982,3.09999999999953,0.941825,1.47068
1.299,3.05428,-2.08171,2.12186,4.11297,-15.2000000000018,3.00000000000044,0.935502,1.47251
1.3,3.05639,-2.07759,2.10671,4.11587,-15.1499999999981,2.90000000000002,0.929198,1.4743
1.301,3.05849,-2.07348,2.0916,4.11867,-15.1100000000016,2.8,0.922912,1.47604
1.302,3.06057,-2.06936,2.07654,4.12136,-15.0599999999984,2.69,0.916646,1.47775
1.303,3.06264,-2.06523,2.06153,4.12396,-15.0100000000018,2.60000000000044,0.910399,1.47942
1.304,3.0647,-2.06111,2.04656,4.12645,-14.9699999999983,2.4899999999996,0.904171,1.48105
1.305,3.06674,-2.05698,2.03165,4.12885,-14.9100000000016,2.4,0.897964,1.48265
1.306,3.06876,-2.05285,2.01678,4.13115,-14.8699999999985,2.29999999999971,0.891776,1.4842
1.307,3.07077,-2.04872,2.00196,4.13335,-14.8200000000015,2.20000000000044,0.885608,1.48572
1.308,3.07276,-2.04458,1.98719,4.13545,-14.7699999999983,2.09999999999931,0.87946,1.4872
1.309,3.07474,-2.04045,1.97247,4.13746,-14.7200000000017,2.01000000000051,0.873333,1.48865
1.31,3.07671,-2.03631,1.9578,4.13937,-14.6699999999983,1.91000000000031,0.867226,1.49006
1.311,3.07866,-2.03217,1.94318,4.14119,-14.6200000000017,1.81999999999969,0.861139,1.49143
1.312,3.0806,-2.02803,1.92862,4.14292,-14.5599999999983,1.73000000000004,0.855074,1.49276
1.313,3.08252,-2.02388,1.9141,4.14455,-14.5200000000017,1.62999999999976,0.849029,1.49406
1.314,3.08442,-2.01974,1.89964,4.14609,-14.4599999999983,1.54000000000015,0.843006,1.49532
1.315,3.08632,-2.01559,1.88523,4.14753,-14.4100000000016,1.43999999999982,0.837004,1.49655
1.316,3.08819,-2.01144,1.87088,4.14889,-14.3499999999983,1.35999999999988,0.831023,1.49774
1.317,3.09006,-2.00729,1.85658,4.15016,-14.3000000000018,1.27000000000002,0.825064,1.4989
1.318,3.09191,-2.00314,1.84233,4.15133,-14.2499999999983,1.16999999999998,0.819126,1.50002
1.319,3.09374,-1.99899,1.82813,4.15242,-14.2000000000016,1.0900000000006,0.81321,1.5011
1.32,3.09556,-1.99484,1.81399,4.15342,-14.1399999999985,0.999999999999334,0.807316,1.50216
1.321,3.09737,-1.99068,1.79991,4.15434,-14.0800000000016,0.920000000000799,0.801445,1.50318
1.322,3.09916,-1.98653,1.78588,4.15516,-14.0299999999984,0.819999999999951,0.795595,1.50416
1.323,3.10094,-1.98237,1.77191,4.1559,-13.9700000000014,0.7399999999996,0.789768,1.50511
1.324,3.10271,-1.97822,1.75799,4.15656,-13.9199999999986,0.659999999999809,0.783963,1.50603
1.325,3.10446,-1.97406,1.74413,4.15713,-13.8600000000015,0.570000000000688,0.77818,1.50691
1.326,3.1062,-1.9699,1.73032,4.15762,-13.8099999999983,0.489999999999158,0.77242,1.50777
1.327,3.10792,-1.96574,1.71657,4.15802,-13.7500000000017,0.4,0.766683,1.50858
1.328,3.10963,-1.96159,1.70288,4.15835,-13.6899999999984,0.330000000000793,0.760969,1.50937
1.329,3.11132,-1.95743,1.68925,4.15859,-13.6300000000015,0.239999999999822,0.755277,1.51013
1.33,3.11301,-1.95327,1.67568,4.15875,-13.5699999999983,0.160000000000142,0.749609,1.51085
1.331,3.11468,-1.94911,1.66216,4.15883,-13.5200000000015,0.0799999999996447,0.743964,1.51154
1.332,3.11633,-1.94495,1.6487,4.15883,-13.4599999999985,0,0.738342,1.5122
1.333,3.11797,-1.94079,1.6353,4.15875,-13.4000000000016,-0.0799999999996447,0.732743,1.51283
1.334,3.1196,-1.93663,1.62196,4.15859,-13.3399999999984,-0.160000000000142,0.727168,1.51342
1.335,3.12122,-1.93248,1.60867,4.15836,-13.2900000000015,-0.2300000000002,0.721616,1.51399
1.336,3.12282,-1.92832,1.59545,4.15805,-13.2199999999985,-0.309999999999776,0.716088,1.51452
1.337,3.12441,-1.92416,1.58229,4.15766,-13.1600000000015,-0.390000000000377,0.710583,1.51503
1.338,3.12598,-1.92,1.56918,4.1572,-13.1099999999985,-0.460000000000298,0.705102,1.51551
1.339,3.12755,-1.91585,1.55614,4.15666,-13.0400000000014,-0.540000000000044,0.699645,1.51595
1.34,3.1291,-1.91169,1.54315,4.15605,-12.9899999999986,-0.609999999999931,0.694212,1.51637
1.341,3.13063,-1.90753,1.53023,4.15537,-12.9200000000015,-0.680000000000089,0.688802,1.51675
1.342,3.13216,-1.90338,1.51736,4.15461,-12.8699999999985,-0.759999999999565,0.683417,1.51711
1.343,3.13367,-1.89922,1.50456,4.15378,-12.8000000000016,-0.829999999999756,0.678056,1.51744
1.344,3.13517,-1.89507,1.49182,4.15288,-12.7399999999985,-0.900000000000466,0.672718,1.51774
1.345,3.13665,-1.89092,1.47913,4.15191,-12.6900000000013,-0.9699999999998,0.667405,1.51801
1.346,3.13812,-1.88677,1.46651,4.15087,-12.6199999999987,-1.03999999999959,0.662116,1.51825
1.347,3.13958,-1.88262,1.45395,4.14976,-12.5600000000013,-1.11000000000073,0.656852,1.51847
1.348,3.14103,-1.87847,1.44145,4.14858,-12.4999999999988,-1.1799999999996,0.651611,1.51866
1.349,3.14247,-1.87432,1.42902,4.14733,-12.4300000000013,-1.24999999999989,0.646395,1.51882
1.35,3.14389,-1.87017,1.41664,4.14601,-12.3799999999987,-1.31999999999962,0.641204,1.51895
1.351,3.1453,-1.86603,1.40432,4.14463,-12.3200000000012,-1.38000000000031,0.636037,1.51906
1.352,3.1467,-1.86188,1.39207,4.14318,-12.2499999999987,-1.45000000000001,0.630894,1.51914
1.353,3.14808,-1.85774,1.37988,4.14167,-12.1900000000013,-1.50999999999984,0.625776,1.51919
1.354,3.14946,-1.8536,1.36775,4.14009,-12.1299999999986,-1.5800000000004,0.620682,1.51921
1.355,3.15082,-1.84946,1.35568,4.13845,-12.0700000000014,-1.64000000000027,0.615613,1.51921
1.356,3.15217,-1.84532,1.34368,4.13674,-11.9999999999987,-1.70999999999991,0.610569,1.51919
1.357,3.15351,-1.84119,1.33173,4.13497,-11.9500000000012,-1.7699999999998,0.605549,1.51914
1.358,3.15483,-1.83705,1.31985,4.13313,-11.8799999999988,-1.83999999999941,0.600553,1.51906
1.359,3.15615,-1.83292,1.30803,4.13124,-11.8200000000012,-1.8900000000006,0.595583,1.51895
1.36,3.15745,-1.82879,1.29628,4.12928,-11.7499999999986,-1.96000000000019,0.590637,1.51883
1.361,3.15874,-1.82466,1.28458,4.12726,-11.7000000000013,-2.02000000000013,0.585716,1.51867
1.362,3.16002,-1.82054,1.27295,4.12519,-11.6299999999987,-2.06999999999956,0.580819,1.5185
1.363,3.16129,-1.81641,1.26138,4.12305,-11.5700000000014,-2.14000000000004,0.575947,1.51829
1.364,3.16254,-1.81229,1.24987,4.12085,-11.5099999999986,-2.19999999999996,0.5711,1.51807
1.365,3.16379,-1.80817,1.23842,4.1186,-11.4500000000012,-2.25000000000033,0.566278,1.51782
1.366,3.16502,-1.80405,1.22704,4.11628,-11.3799999999989,-2.31999999999984,0.56148,1.51754
1.367,3.16624,-1.79994,1.21572,4.11391,-11.3200000000012,-2.37000000000024,0.556707,1.51724
1.368,3.16745,-1.79583,1.20446,4.11149,-11.2599999999986,-2.4199999999996,0.551959,1.51692
1.369,3.16865,-1.79171,1.19326,4.109,-11.2000000000013,-2.49000000000016,0.547235,1.51658
1.37,3.16984,-1.78761,1.18213,4.10646,-11.1299999999988,-2.53999999999948,0.542537,1.51621
1.371,3.17101,-1.7835,1.17105,4.10387,-11.0800000000012,-2.59000000000082,0.537863,1.51582
1.372,3.17218,-1.7794,1.16004,4.10122,-11.0099999999987,-2.64999999999974,0.533213,1.5154
1.373,3.17333,-1.7753,1.14909,4.09852,-10.9500000000012,-2.70000000000022,0.528589,1.51497
1.374,3.17448,-1.7712,1.13821,4.09576,-10.8799999999988,-2.75999999999912,0.523989,1.51451
1.375,3.17561,-1.76711,1.12738,4.09295,-10.8300000000011,-2.81000000000051,0.519413,1.51403
1.376,3.17673,-1.76302,1.11662,4.09009,-10.7600000000013,-2.8600000000004,0.514863,1.51353
1.377,3.17784,-1.75893,1.10592,4.08718,-10.6999999999987,-2.90999999999964,0.510337,1.513
1.378,3.17894,-1.75484,1.09528,4.08422,-10.6400000000012,-2.96000000000018,0.505835,1.51246
1.379,3.18003,-1.75076,1.0847,4.0812,-10.5799999999988,-3.01999999999991,0.501358,1.51189
1.38,3.18111,-1.74668,1.07419,4.07814,-10.5100000000012,-3.05999999999996,0.496906,1.5113
1.381,3.18218,-1.7426,1.06374,4.07502,-10.4499999999989,-3.11999999999966,0.492478,1.51069
1.382,3.18324,-1.73853,1.05334,4.07186,-10.4000000000011,-3.16000000000062,0.488075,1.51006
1.383,3.18429,-1.73446,1.04301,4.06865,-10.3299999999988,-3.2099999999998,0.483697,1.50941
1.384,3.18533,-1.73039,1.03274,4.06538,-10.2700000000011,-3.27000000000002,0.479342,1.50874
1.385,3.18635,-1.72633,1.02254,4.06208,-10.1999999999988,-3.29999999999993,0.475013,1.50805
1.386,3.18737,-1.72227,1.01239,4.05872,-10.1500000000012,-3.36000000000018,0.470707,1.50734
1.387,3.18838,-1.71821,1.0023,4.05532,-10.0899999999988,-3.39999999999969,0.466426,1.50661
1.388,3.18938,-1.71416,0.99228,4.05187,-10.020000000001,-3.45000000000033,0.462169,1.50586
1.389,3.19036,-1.71011,0.982316,4.04837,-9.96399999999897,-3.49999999999944,0.457937,1.50509
1.39,3.19134,-1.70606,0.972413,4.04483,-9.90300000000109,-3.54000000000049,0.453729,1.5043
1.391,3.19231,-1.70202,0.96257,4.04125,-9.84299999999883,-3.57999999999996,0.449545,1.50349
1.392,3.19327,-1.69798,0.952788,4.03762,-9.78200000000115,-3.62999999999976,0.445385,1.50267
1.393,3.19421,-1.69394,0.943067,4.03395,-9.72099999999889,-3.6700000000001,0.441249,1.50182
1.394,3.19515,-1.68991,0.933406,4.03023,-9.66100000000109,-3.71999999999991,0.437137,1.50095
1.395,3.19608,-1.68588,0.923804,4.02648,-9.60199999999893,-3.74999999999972,0.43305,1.50007
1.396,3.197,-1.68186,0.914263,4.02268,-9.54100000000096,-3.80000000000044,0.428986,1.49917
1.397,3.19791,-1.67784,0.904781,4.01883,-9.48199999999904,-3.84999999999948,0.424946,1.49825
1.398,3.19881,-1.67382,0.89536,4.01495,-9.42100000000094,-3.88000000000098,0.42093,1.49731
1.399,3.1997,-1.66981,0.885997,4.01102,-9.36299999999896,-3.92999999999911,0.416938,1.49636
1.4,3.20058,-1.6658,0.876694,4.00706,-9.30300000000109,-3.96000000000062,0.41297,1.49538
1.401,3.20145,-1.66179,0.867451,4.00305,-9.24299999999897,-4.00999999999962,0.409025,1.49439
1.402,3.20232,-1.65779,0.858266,3.99901,-9.18500000000101,-4.04000000000027,0.405104,1.49339
1.403,3.20317,-1.65379,0.84914,3.99492,-9.12599999999895,-4.08999999999969,0.401207,1.49236
1.404,3.20401,-1.6498,0.840073,3.9908,-9.06700000000105,-4.12000000000036,0.397333,1.49132
1.405,3.20485,-1.64581,0.831065,3.98664,-9.0079999999989,-4.1599999999997,0.393482,1.49026
1.406,3.20568,-1.64183,0.822114,3.98244,-8.95100000000103,-4.20000000000044,0.389655,1.48918
1.407,3.20649,-1.63785,0.813222,3.9782,-8.89199999999902,-4.23999999999933,0.385852,1.48809
1.408,3.2073,-1.63387,0.804389,3.97392,-8.83300000000095,-4.28000000000053,0.382072,1.48698
1.409,3.2081,-1.6299,0.795613,3.96961,-8.77599999999902,-4.30999999999978,0.378314,1.48586
1.41,3.20889,-1.62593,0.786894,3.96527,-8.71900000000099,-4.34000000000049,0.374581,1.48472
1.411,3.20968,-1.62197,0.778233,3.96088,-8.66099999999906,-4.3899999999994,0.37087,1.48356
1.412,3.21045,-1.61801,0.76963,3.95646,-8.60300000000086,-4.42000000000058,0.367182,1.48239
1.413,3.21122,-1.61406,0.761083,3.95201,-8.54699999999913,-4.44999999999935,0.363517,1.4812
1.414,3.21197,-1.61011,0.752594,3.94752,-8.4890000000009,-4.4900000000006,0.359875,1.48
1.415,3.21272,-1.60616,0.744161,3.943,-8.43299999999908,-4.51999999999935,0.356256,1.47878
1.416,3.21346,-1.60222,0.735785,3.93844,-8.37600000000086,-4.56000000000062,0.35266,1.47755
1.417,3.21419,-1.59829,0.727465,3.93385,-8.31999999999906,-4.58999999999936,0.349086,1.4763
1.418,3.21492,-1.59435,0.719201,3.92923,-8.26400000000096,-4.62000000000058,0.345535,1.47503
1.419,3.21563,-1.59043,0.710994,3.92458,-8.20699999999905,-4.6499999999993,0.342007,1.47375
1.42,3.21634,-1.5865,0.702842,3.91989,-8.15200000000095,-4.6900000000006,0.338501,1.47246
1.421,3.21704,-1.58259,0.694745,3.91517,-8.09699999999912,-4.71999999999975,0.335017,1.47115
1.422,3.21773,-1.57867,0.686704,3.91042,-8.04100000000085,-4.75000000000056,0.331556,1.46983
1.423,3.21841,-1.57477,0.678718,3.90564,-7.98599999999904,-4.77999999999925,0.328117,1.4685
1.424,3.21909,-1.57086,0.670787,3.90082,-7.93100000000089,-4.82000000000058,0.3247,1.46715
1.425,3.21975,-1.56696,0.662911,3.89598,-7.87599999999911,-4.83999999999919,0.321306,1.46578
1.426,3.22041,-1.56307,0.655089,3.89111,-7.82200000000086,-4.87000000000091,0.317933,1.4644
1.427,3.22106,-1.55918,0.647321,3.8862,-7.76799999999913,-4.9099999999992,0.314582,1.46301
1.428,3.22171,-1.5553,0.639608,3.88127,-7.71300000000093,-4.93000000000042,0.311253,1.46161
1.429,3.22234,-1.55142,0.631948,3.87631,-7.65999999999914,-4.95999999999952,0.307946,1.46019
1.43,3.22297,-1.54755,0.624342,3.87132,-7.60600000000084,-4.99000000000082,0.304661,1.45876
1.431,3.22359,-1.54368,0.616789,3.8663,-7.55299999999908,-5.01999999999946,0.301397,1.45731
1.432,3.2242,-1.53981,0.60929,3.86126,-7.49900000000086,-5.04000000000027,0.298155,1.45586
1.433,3.22481,-1.53595,0.601843,3.85618,-7.44699999999915,-5.07999999999941,0.294934,1.45438
1.434,3.22541,-1.5321,0.59445,3.85108,-7.3930000000008,-5.10000000000067,0.291735,1.4529
1.435,3.226,-1.52825,0.587108,3.84595,-7.34199999999925,-5.12999999999928,0.288557,1.45141
1.436,3.22658,-1.52441,0.579819,3.8408,-7.28900000000079,-5.15000000000056,0.2854,1.4499
1.437,3.22716,-1.52057,0.572583,3.83562,-7.23599999999921,-5.1799999999996,0.282264,1.44838
1.438,3.22773,-1.51674,0.565398,3.83041,-7.18500000000079,-5.21000000000051,0.27915,1.44684
1.439,3.22829,-1.51291,0.558264,3.82518,-7.13399999999918,-5.22999999999948,0.276056,1.4453
1.44,3.22884,-1.50909,0.551182,3.81992,-7.08200000000081,-5.2600000000004,0.272983,1.44374
1.441,3.22939,-1.50527,0.544151,3.81464,-7.03099999999911,-5.27999999999981,0.269931,1.44217
1.442,3.22993,-1.50146,0.537171,3.80934,-6.98000000000087,-5.30000000000022,0.2669,1.44059
1.443,3.23046,-1.49765,0.530242,3.804,-6.92899999999919,-5.33999999999975,0.263889,1.439
1.444,3.23099,-1.49385,0.523363,3.79865,-6.87900000000073,-5.35000000000056,0.260899,1.4374
1.445,3.23151,-1.49005,0.516535,3.79327,-6.82799999999929,-5.37999999999912,0.25793,1.43578
1.446,3.23202,-1.48626,0.509756,3.78787,-6.77900000000073,-5.40000000000089,0.25498,1.43415
1.447,3.23253,-1.48248,0.503027,3.78244,-6.72899999999923,-5.42999999999944,0.252051,1.43252
1.448,3.23303,-1.4787,0.496348,3.777,-6.67900000000073,-5.44000000000027,0.249143,1.43087
1.449,3.23352,-1.47492,0.489718,3.77153,-6.62999999999928,-5.4699999999997,0.246254,1.42921
1.45,3.23401,-1.47116,0.483137,3.76603,-6.58100000000073,-5.50000000000022,0.243385,1.42754
1.451,3.23449,-1.46739,0.476605,3.76052,-6.53199999999925,-5.50999999999951,0.240537,1.42586
1.452,3.23496,-1.46363,0.470121,3.75498,-6.4840000000007,-5.54000000000049,0.237708,1.42417
1.453,3.23543,-1.45988,0.463686,3.74943,-6.4349999999993,-5.54999999999977,0.234899,1.42246
1.454,3.23589,-1.45614,0.457299,3.74385,-6.38700000000068,-5.58000000000031,0.232109,1.42075
1.455,3.23634,-1.4524,0.45096,3.73825,-6.33899999999927,-5.59999999999964,0.229339,1.41903
1.456,3.23679,-1.44866,0.444668,3.73263,-6.29200000000071,-5.62000000000058,0.226589,1.41729
1.457,3.23723,-1.44493,0.438424,3.72699,-6.24399999999933,-5.63999999999946,0.223858,1.41555
1.458,3.23767,-1.44121,0.432227,3.72133,-6.19700000000069,-5.6600000000004,0.221147,1.4138
1.459,3.2381,-1.43749,0.426077,3.71565,-6.1499999999993,-5.67999999999927,0.218454,1.41204
1.46,3.23852,-1.43377,0.419973,3.70996,-6.10400000000067,-5.6900000000006,0.215781,1.41026
1.461,3.23894,-1.43007,0.413916,3.70424,-6.0569999999993,-5.71999999999953,0.213127,1.40848
1.462,3.23935,-1.42637,0.407905,3.6985,-6.01100000000065,-5.74000000000049,0.210492,1.40669
1.463,3.23975,-1.42267,0.40194,3.69275,-5.96499999999933,-5.74999999999928,0.207875,1.40489
1.464,3.24015,-1.41898,0.396021,3.68698,-5.91900000000066,-5.77000000000069,0.205278,1.40308
1.465,3.24055,-1.4153,0.390147,3.68119,-5.87399999999933,-5.78999999999954,0.202699,1.40126
1.466,3.24093,-1.41162,0.384319,3.67538,-5.82800000000064,-5.81000000000051,0.200139,1.39943
1.467,3.24132,-1.40795,0.378535,3.66956,-5.78399999999936,-5.81999999999929,0.197597,1.39759
1.468,3.24169,-1.40428,0.372796,3.66371,-5.73900000000063,-5.85000000000078,0.195074,1.39574
1.469,3.24206,-1.40062,0.367102,3.65785,-5.6939999999994,-5.85999999999954,0.192569,1.39389
1.47,3.24243,-1.39696,0.361452,3.65198,-5.65000000000061,-5.87000000000047,0.190082,1.39202
1.471,3.24278,-1.39331,0.355846,3.64609,-5.60599999999937,-5.88999999999929,0.187613,1.39015
1.472,3.24314,-1.38967,0.350284,3.64018,-5.56200000000062,-5.91000000000073,0.185163,1.38827
1.473,3.24348,-1.38603,0.344766,3.63425,-5.51799999999935,-5.92999999999911,0.18273,1.38638
1.474,3.24383,-1.3824,0.33929,3.62831,-5.47600000000064,-5.94000000000093,0.180316,1.38448
1.475,3.24416,-1.37878,0.333858,3.62236,-5.43199999999939,-5.94999999999923,0.177919,1.38257
1.476,3.24449,-1.37516,0.328469,3.61639,-5.38900000000057,-5.97000000000069,0.17554,1.38066
1.477,3.24482,-1.37154,0.323122,3.6104,-5.34699999999939,-5.98999999999949,0.173178,1.37873
1.478,3.24514,-1.36794,0.317818,3.6044,-5.30400000000062,-6.00000000000044,0.170834,1.3768
1.479,3.24546,-1.36434,0.312556,3.59839,-5.2619999999994,-6.00999999999918,0.168508,1.37486
1.48,3.24577,-1.36074,0.307336,3.59236,-5.22000000000058,-6.03000000000064,0.166199,1.37292
1.481,3.24607,-1.35715,0.302157,3.58631,-5.17899999999941,-6.04999999999943,0.163907,1.37096
1.482,3.24637,-1.35357,0.29702,3.58026,-5.13700000000057,-6.05000000000078,0.161632,1.369
1.483,3.24666,-1.34999,0.291924,3.57419,-5.09599999999942,-6.06999999999912,0.159374,1.36703
1.484,3.24695,-1.34642,0.286869,3.5681,-5.05500000000059,-6.09000000000104,0.157134,1.36505
1.485,3.24724,-1.34285,0.281854,3.562,-5.01499999999943,-6.09999999999931,0.15491,1.36307
1.486,3.24752,-1.3393,0.276881,3.5559,-4.97300000000055,-6.10000000000067,0.152703,1.36108
1.487,3.24779,-1.33574,0.271947,3.54977,-4.93399999999944,-6.12999999999906,0.150512,1.35908
1.488,3.24806,-1.3322,0.267054,3.54364,-4.89300000000052,-6.13000000000087,0.148339,1.35707
1.489,3.24833,-1.32866,0.2622,3.53749,-4.85399999999948,-6.14999999999919,0.146182,1.35506
1.49,3.24859,-1.32512,0.257386,3.53133,-4.81400000000052,-6.16000000000062,0.144041,1.35304
1.491,3.24884,-1.32159,0.252611,3.52516,-4.7749999999995,-6.16999999999932,0.141917,1.35101
1.492,3.24909,-1.31807,0.247875,3.51898,-4.73600000000048,-6.18000000000075,0.139809,1.34898
1.493,3.24934,-1.31455,0.243178,3.51278,-4.69699999999948,-6.19999999999951,0.137717,1.34694
1.494,3.24958,-1.31105,0.23852,3.50658,-4.65800000000051,-6.20000000000044,0.135642,1.34489
1.495,3.24981,-1.30754,0.2339,3.50036,-4.6199999999995,-6.2199999999992,0.133582,1.34284
1.496,3.25005,-1.30404,0.229318,3.49414,-4.58200000000051,-6.22000000000102,0.131538,1.34078
1.497,3.25027,-1.30055,0.224774,3.4879,-4.54399999999948,-6.23999999999933,0.12951,1.33871
1.498,3.25049,-1.29707,0.220268,3.48165,-4.50600000000051,-6.25000000000033,0.127498,1.33664
1.499,3.25071,-1.29359,0.2158,3.47539,-4.4679999999995,-6.25999999999945,0.125502,1.33456
1.5,3.25093,-1.29012,0.211369,3.46912,-4.43100000000048,-6.27000000000047,0.123521,1.33248
1.501,3.25114,-1.28665,0.206974,3.46285,-4.39500000000049,-6.27000000000091,0.121556,1.33038
1.502,3.25134,-1.28319,0.202617,3.45656,-4.35699999999951,-6.2899999999992,0.119606,1.32829
1.503,3.25154,-1.27974,0.198296,3.45026,-4.32100000000047,-6.30000000000067,0.117671,1.32618
1.504,3.25174,-1.27629,0.194011,3.44396,-4.28499999999953,-6.29999999999927,0.115752,1.32408
1.505,3.25193,-1.27285,0.189763,3.43764,-4.24800000000047,-6.3200000000008,0.113847,1.32196
1.506,3.25212,-1.26942,0.185551,3.43132,-4.21199999999952,-6.3199999999994,0.111958,1.31984
1.507,3.2523,-1.26599,0.181374,3.42498,-4.17700000000045,-6.34000000000049,0.110084,1.31772
1.508,3.25248,-1.26257,0.177233,3.41864,-4.14099999999954,-6.33999999999953,0.108225,1.31558
1.509,3.25265,-1.25915,0.173127,3.41229,-4.10600000000045,-6.35000000000056,0.10638,1.31345
1.51,3.25283,-1.25574,0.169056,3.40594,-4.07099999999954,-6.34999999999915,0.10455,1.3113
1.511,3.25299,-1.25234,0.165019,3.39957,-4.03700000000046,-6.37000000000069,0.102735,1.30916
1.512,3.25316,-1.24894,0.161018,3.3932,-4.00099999999956,-6.36999999999927,0.100934,1.307
1.513,3.25331,-1.24555,0.157051,3.38682,-3.96700000000044,-6.38000000000076,0.0991483,1.30485
1.514,3.25347,-1.24217,0.153118,3.38043,-3.93299999999955,-6.3899999999994,0.0973766,1.30268
1.515,3.25362,-1.23879,0.149218,3.37403,-3.90000000000044,-6.40000000000089,0.0956191,1.30052
1.516,3.25377,-1.23542,0.145353,3.36763,-3.86499999999955,-6.39999999999902,0.0938759,1.29834
1.517,3.25391,-1.23206,0.141521,3.36122,-3.83200000000042,-6.41000000000096,0.0921468,1.29617
1.518,3.25405,-1.2287,0.137723,3.35481,-3.79799999999957,-6.40999999999909,0.0904317,1.29398
1.519,3.25419,-1.22535,0.133957,3.34838,-3.76600000000043,-6.43000000000064,0.0887306,1.2918
1.52,3.25432,-1.222,0.130225,3.34196,-3.73199999999957,-6.4199999999996,0.0870434,1.2896
1.521,3.25445,-1.21866,0.126525,3.33552,-3.70000000000042,-6.44000000000071,0.0853701,1.28741
1.522,3.25457,-1.21533,0.122857,3.32908,-3.66799999999959,-6.43999999999928,0.0837104,1.28521
1.523,3.25469,-1.21201,0.119222,3.32263,-3.6350000000004,-6.45000000000033,0.0820643,1.283
1.524,3.25481,-1.20869,0.115619,3.31618,-3.60299999999959,-6.44999999999935,0.0804319,1.28079
1.525,3.25492,-1.20537,0.112048,3.30972,-3.5710000000004,-6.46000000000084,0.0788129,1.27858
1.526,3.25503,-1.20207,0.108508,3.30326,-3.53999999999961,-6.45999999999941,0.0772073,1.27636
1.527,3.25514,-1.19877,0.105,3.29679,-3.50800000000038,-6.47000000000047,0.075615,1.27414
1.528,3.25524,-1.19547,0.101523,3.29032,-3.4769999999996,-6.46999999999947,0.0740359,1.27191
1.529,3.25534,-1.19219,0.0980766,3.28384,-3.44640000000038,-6.48000000000053,0.07247,1.26968
1.53,3.25544,-1.18891,0.0946613,3.27735,-3.41529999999961,-6.48999999999916,0.0709172,1.26744
1.531,3.25553,-1.18563,0.0912767,3.27087,-3.38460000000037,-6.48000000000098,0.0693774,1.2652
1.532,3.25562,-1.18236,0.0879224,3.26437,-3.35429999999963,-6.49999999999922,0.0678504,1.26296
1.533,3.25571,-1.1791,0.0845984,3.25788,-3.32400000000036,-6.4900000000006,0.0663364,1.26071
1.534,3.25579,-1.17585,0.0813043,3.25137,-3.29409999999964,-6.50999999999929,0.0648351,1.25846
1.535,3.25587,-1.1726,0.0780401,3.24487,-3.26420000000035,-6.50000000000067,0.0633464,1.25621
1.536,3.25595,-1.16936,0.0748054,3.23836,-3.23469999999964,-6.50999999999929,0.0618704,1.25395
1.537,3.25602,-1.16612,0.0716002,3.23185,-3.20520000000034,-6.51000000000073,0.0604069,1.25169
1.538,3.25609,-1.16289,0.0684241,3.22533,-3.17609999999965,-6.51999999999935,0.0589558,1.24943
1.539,3.25616,-1.15967,0.0652771,3.21881,-3.14700000000034,-6.5200000000008,0.0575171,1.24716
1.54,3.25622,-1.15646,0.0621589,3.21229,-3.11819999999965,-6.51999999999935,0.0560907,1.24489
1.541,3.25628,-1.15325,0.0590693,3.20576,-3.08960000000034,-6.53000000000042,0.0546765,1.24261
1.542,3.25634,-1.15005,0.0560082,3.19923,-3.06109999999965,-6.52999999999942,0.0532745,1.24033
1.543,3.2564,-1.14685,0.0529753,3.1927,-3.03290000000033,-6.53000000000087,0.0518845,1.23805
1.544,3.25645,-1.14366,0.0499704,3.18617,-3.00489999999967,-6.52999999999897,0.0505065,1.23577
1.545,3.2565,-1.14048,0.0469935,3.17963,-2.97690000000033,-6.54000000000093,0.0491404,1.23348
1.546,3.25654,-1.1373,0.0440441,3.17309,-2.94939999999967,-6.53999999999904,0.0477861,1.23119
1.547,3.25658,-1.13413,0.0411223,3.16655,-2.92180000000032,-6.54000000000093,0.0464436,1.2289
1.548,3.25662,-1.13097,0.0382277,3.16,-2.89459999999967,-6.5499999999991,0.0451128,1.2266
1.549,3.25666,-1.12781,0.0353603,3.15346,-2.86740000000032,-6.54000000000093,0.0437936,1.2243
1.55,3.25669,-1.12466,0.0325198,3.14691,-2.84049999999968,-6.5499999999991,0.042486,1.222
1.551,3.25672,-1.12152,0.029706,3.14036,-2.81380000000031,-6.550000000001,0.0411898,1.21969
1.552,3.25675,-1.11838,0.0269187,3.1338,-2.78729999999969,-6.55999999999917,0.039905,1.21739
1.553,3.25678,-1.11525,0.0241579,3.12725,-2.7608000000003,-6.55000000000056,0.0386315,1.21507
1.554,3.2568,-1.11213,0.0214232,3.1207,-2.73469999999969,-6.54999999999955,0.0373693,1.21276
1.555,3.25682,-1.10901,0.0187145,3.11414,-2.7087000000003,-6.56000000000062,0.0361183,1.21045
1.556,3.25684,-1.1059,0.0160317,3.10758,-2.6827999999997,-6.55999999999917,0.0348783,1.20813
1.557,3.25685,-1.10279,0.0133745,3.10102,-2.65720000000029,-6.56000000000062,0.0336494,1.20581
1.558,3.25687,-1.0997,0.0107427,3.09446,-2.6317999999997,-6.55999999999917,0.0324314,1.20349
1.559,3.25687,-1.0966,0.00813627,3.0879,-2.60643000000029,-6.56000000000107,0.0312244,1.20116
1.56,3.25688,-1.09352,0.00555493,3.08134,-2.58133999999971,-6.55999999999917,0.0300281,1.19883
1.561,3.25689,-1.09044,0.00299854,3.07478,-2.55639000000028,-6.56000000000062,0.0288426,1.19651
1.562,3.25689,-1.08737,0.000466906,3.06822,-2.53163399999972,-6.55999999999917,0.0276678,1.19417
1.563,3.25689,-1.0843,-0.00204014,3.06166,-2.50704600000028,-6.56000000000107,0.0265035,1.19184
1.564,3.25688,-1.08125,-0.00452277,3.05509,-2.48262999999972,-6.56999999999923,0.0253498,1.18951
1.565,3.25688,-1.07819,-0.00698115,3.04853,-2.45838000000027,-6.56000000000062,0.0242066,1.18717
1.566,3.25687,-1.07515,-0.00941546,3.04197,-2.43430999999973,-6.55999999999917,0.0230738,1.18483
1.567,3.25686,-1.07211,-0.0118259,3.0354,-2.41044000000027,-6.57000000000069,0.0219513,1.18249
1.568,3.25685,-1.06908,-0.0142126,3.02884,-2.38669999999973,-6.55999999999917,0.020839,1.18014
1.569,3.25683,-1.06605,-0.0165757,3.02228,-2.36310000000026,-6.56000000000107,0.019737,1.1778
1.57,3.25681,-1.06303,-0.0189154,3.01572,-2.33969999999974,-6.55999999999917,0.0186451,1.17545
1.571,3.25679,-1.06002,-0.0212319,3.00916,-2.31650000000026,-6.56000000000062,0.0175632,1.1731
1.572,3.25677,-1.05702,-0.0235253,3.0026,-2.29339999999974,-6.55999999999917,0.0164913,1.17075
1.573,3.25675,-1.05402,-0.0257958,2.99604,-2.27050000000025,-6.56000000000107,0.0154294,1.1684
1.574,3.25672,-1.05102,-0.0280436,2.98948,-2.24779999999975,-6.55999999999917,0.0143773,1.16605
1.575,3.25669,-1.04804,-0.0302688,2.98292,-2.22520000000025,-6.56000000000062,0.013335,1.1637
1.576,3.25666,-1.04506,-0.0324716,2.97636,-2.20279999999976,-6.55999999999917,0.0123024,1.16134
1.577,3.25662,-1.04208,-0.0346522,2.96981,-2.18060000000024,-6.550000000001,0.0112795,1.15898
1.578,3.25659,-1.03912,-0.0368107,2.96325,-2.15849999999976,-6.55999999999917,0.0102662,1.15662
1.579,3.25655,-1.03616,-0.0389472,2.9567,-2.13650000000023,-6.55000000000056,0.00926238,1.15426
1.58,3.25651,-1.0332,-0.041062,2.95015,-2.11479999999976,-6.54999999999955,0.00826806,1.1519
1.581,3.25647,-1.03026,-0.0431551,2.9436,-2.09310000000023,-6.55000000000056,0.00728313,1.14954
1.582,3.25642,-1.02732,-0.0452269,2.93705,-2.07179999999977,-6.5499999999991,0.00630755,1.14718
1.583,3.25638,-1.02438,-0.0472773,2.93051,-2.05040000000023,-6.54000000000093,0.00534123,1.14481
1.584,3.25633,-1.02146,-0.0493065,2.92396,-2.02919999999977,-6.5499999999991,0.00438413,1.14245
1.585,3.25628,-1.01854,-0.0513148,2.91742,-2.00830000000022,-6.54000000000093,0.00343617,1.14008
1.586,3.25623,-1.01562,-0.0533022,2.91088,-1.98739999999978,-6.53999999999904,0.0024973,1.13771
1.587,3.25617,-1.01271,-0.055269,2.90434,-1.96680000000021,-6.54000000000093,0.00156744,1.13534
1.588,3.25612,-1.00981,-0.0572152,2.89781,-1.94619999999978,-6.52999999999897,0.000646552,1.13297
1.589,3.25606,-1.00692,-0.0591411,2.89127,-1.92590000000021,-6.54000000000093,-0.000265443,1.1306
1.59,3.256,-1.00403,-0.0610467,2.88474,-1.90559999999979,-6.52999999999942,-0.0011686,1.12823
1.591,3.25594,-1.00115,-0.0629322,2.87822,-1.8855000000002,-6.5200000000008,-0.00206298,1.12586
1.592,3.25587,-0.998274,-0.0647978,2.87169,-1.8655999999998,-6.52999999999897,-0.00294865,1.12349
1.593,3.25581,-0.995406,-0.0666436,2.86517,-1.8458000000002,-6.5200000000008,-0.00382567,1.12112
1.594,3.25574,-0.992544,-0.0684698,2.85865,-1.8261999999998,-6.51999999999935,-0.00469409,1.11874
1.595,3.25567,-0.989689,-0.0702765,2.85213,-1.80670000000021,-6.5200000000008,-0.00555398,1.11637
1.596,3.2556,-0.98684,-0.0720638,2.84562,-1.78729999999979,-6.50999999999929,-0.00640539,1.11399
1.597,3.25553,-0.983997,-0.073832,2.83911,-1.76820000000019,-6.51000000000073,-0.00724839,1.11162
1.598,3.25545,-0.981162,-0.075581,2.8326,-1.74899999999981,-6.50999999999929,-0.00808303,1.10924
1.599,3.25538,-0.978332,-0.0773112,2.82609,-1.73020000000019,-6.51000000000029,-0.00890938,1.10687
1.6,3.2553,-0.975509,-0.0790225,2.81959,-1.71129999999981,-6.49999999999967,-0.00972749,1.10449
1.601,3.25522,-0.972693,-0.0807153,2.8131,-1.69280000000019,-6.4900000000006,-0.0105374,1.10211
1.602,3.25514,-0.969883,-0.0823895,2.8066,-1.67419999999981,-6.49999999999922,-0.0113392,1.09974
1.603,3.25505,-0.96708,-0.0840454,2.80011,-1.65590000000018,-6.4900000000006,-0.012133,1.09736
1.604,3.25497,-0.964283,-0.085683,2.79363,-1.63759999999981,-6.47999999999954,-0.0129187,1.09498
1.605,3.25488,-0.961493,-0.0873026,2.78714,-1.61960000000018,-6.4900000000006,-0.0136965,1.0926
1.606,3.25479,-0.958709,-0.0889043,2.78066,-1.60169999999983,-6.47999999999909,-0.0144664,1.09023
1.607,3.2547,-0.955931,-0.0904881,2.77419,-1.58380000000017,-6.47000000000091,-0.0152284,1.08785
1.608,3.25461,-0.95316,-0.0920542,2.76772,-1.56609999999983,-6.46999999999903,-0.0159827,1.08547
1.609,3.25452,-0.950396,-0.0936028,2.76125,-1.54860000000017,-6.47000000000091,-0.0167292,1.08309
1.61,3.25442,-0.947638,-0.095134,2.75479,-1.53119999999983,-6.45999999999941,-0.0174681,1.08072
1.611,3.25433,-0.944886,-0.0966479,2.74833,-1.51390000000017,-6.4600000000004,-0.0181994,1.07834
1.612,3.25423,-0.942141,-0.0981447,2.74188,-1.49679999999984,-6.44999999999935,-0.0189231,1.07596
1.613,3.25413,-0.939403,-0.0996245,2.73543,-1.47980000000017,-6.45000000000078,-0.0196392,1.07359
1.614,3.25403,-0.936671,-0.101087,2.72898,-1.46249999999983,-6.44999999999935,-0.020348,1.07121
1.615,3.25393,-0.933945,-0.102533,2.72254,-1.44600000000016,-6.44000000000071,-0.0210493,1.06883
1.616,3.25383,-0.931225,-0.103963,2.71611,-1.42999999999984,-6.42999999999922,-0.0217433,1.06646
1.617,3.25372,-0.928513,-0.105376,2.70968,-1.41300000000015,-6.43000000000064,-0.02243,1.06408
1.618,3.25362,-0.925806,-0.106773,2.70325,-1.39699999999985,-6.42999999999922,-0.0231095,1.0617
1.619,3.25351,-0.923106,-0.108153,2.69683,-1.38000000000014,-6.42000000000102,-0.0237818,1.05933
1.62,3.2534,-0.920412,-0.109517,2.69041,-1.36399999999985,-6.41999999999915,-0.0244469,1.05695
1.621,3.25329,-0.917725,-0.110866,2.684,-1.34900000000015,-6.41000000000051,-0.025105,1.05458
1.622,3.25318,-0.915045,-0.112198,2.6776,-1.33199999999985,-6.39999999999947,-0.025756,1.05221
1.623,3.25307,-0.91237,-0.113515,2.6712,-1.31700000000014,-6.40000000000089,-0.0264001,1.04983
1.624,3.25295,-0.909702,-0.114816,2.6648,-1.30099999999985,-6.39999999999902,-0.0270372,1.04746
1.625,3.25284,-0.907041,-0.116101,2.65841,-1.28500000000014,-6.39000000000082,-0.0276675,1.04509
1.626,3.25272,-0.904385,-0.117371,2.65203,-1.27000000000015,-6.38000000000076,-0.0282909,1.04272
1.627,3.2526,-0.901737,-0.118626,2.64565,-1.25499999999985,-6.37999999999934,-0.0289075,1.04035
1.628,3.25248,-0.899094,-0.119866,2.63927,-1.24000000000014,-6.38000000000076,-0.0295175,1.03798
1.629,3.25236,-0.896458,-0.121091,2.63291,-1.22499999999987,-6.35999999999921,-0.0301208,1.03561
1.63,3.25224,-0.893828,-0.1223,2.62654,-1.20900000000013,-6.37000000000069,-0.0307174,1.03324
1.631,3.25212,-0.891205,-0.123495,2.62019,-1.19499999999985,-6.34999999999915,-0.0313075,1.03087
1.632,3.25199,-0.888588,-0.124676,2.61383,-1.18100000000013,-6.36000000000062,-0.031891,1.02851
1.633,3.25187,-0.885977,-0.125842,2.60749,-1.16599999999988,-6.33999999999953,-0.0324681,1.02614
1.634,3.25174,-0.883373,-0.126993,2.60115,-1.15100000000011,-6.34000000000049,-0.0330387,1.02378
1.635,3.25161,-0.880775,-0.12813,2.59482,-1.13699999999987,-6.32999999999946,-0.0336029,1.02141
1.636,3.25148,-0.878183,-0.129253,2.58849,-1.12300000000014,-6.33000000000042,-0.0341609,1.01905
1.637,3.25136,-0.875598,-0.130361,2.58217,-1.10799999999987,-6.3199999999994,-0.0347125,1.01669
1.638,3.25122,-0.873019,-0.131456,2.57585,-1.09500000000011,-6.3200000000008,-0.0352579,1.01433
1.639,3.25109,-0.870446,-0.132537,2.56954,-1.08099999999988,-6.30999999999933,-0.0357971,1.01197
1.64,3.25096,-0.86788,-0.133604,2.56324,-1.06700000000013,-6.30000000000067,-0.0363302,1.00961
1.641,3.25083,-0.86532,-0.134657,2.55695,-1.05299999999988,-6.2899999999992,-0.0368572,1.00725
1.642,3.25069,-0.862766,-0.135697,2.55066,-1.04000000000013,-6.2900000000006,-0.0373781,1.0049
1.643,3.25055,-0.860219,-0.136724,2.54437,-1.02699999999989,-6.28999999999965,-0.037893,1.00254
1.644,3.25042,-0.857677,-0.137737,2.5381,-1.0130000000001,-6.27000000000047,-0.038402,1.00019
1.645,3.25028,-0.855142,-0.138736,2.53183,-0.998999999999888,-6.26999999999952,-0.038905,0.997836
1.646,3.25014,-0.852614,-0.139723,2.52556,-0.987000000000124,-6.27000000000047,-0.0394022,0.995485
1.647,3.25,-0.850091,-0.140697,2.51931,-0.973999999999866,-6.24999999999939,-0.0398935,0.993136
1.648,3.24986,-0.847575,-0.141658,2.51306,-0.961000000000123,-6.25000000000078,-0.0403791,0.990788
1.649,3.24972,-0.845065,-0.142606,2.50681,-0.947999999999898,-6.24999999999895,-0.040859,0.988441
1.65,3.24957,-0.842562,-0.143541,2.50058,-0.935000000000094,-6.23000000000109,-0.0413331,0.986096
1.651,3.24943,-0.840064,-0.144464,2.49435,-0.922999999999904,-6.22999999999926,-0.0418016,0.983752
1.652,3.24928,-0.837573,-0.145374,2.48812,-0.910000000000094,-6.23000000000064,-0.0422645,0.98141
1.653,3.24914,-0.835088,-0.146272,2.48191,-0.897999999999909,-6.20999999999913,-0.0427219,0.979069
1.654,3.24899,-0.832609,-0.147157,2.4757,-0.885000000000094,-6.21000000000096,-0.0431737,0.97673
1.655,3.24884,-0.830137,-0.14803,2.4695,-0.872999999999887,-6.19999999999907,-0.0436201,0.974393
1.656,3.24869,-0.82767,-0.148892,2.46331,-0.862000000000097,-6.19000000000082,-0.044061,0.972057
1.657,3.24855,-0.82521,-0.149741,2.45712,-0.848999999999921,-6.189999999999,-0.0444966,0.969723
1.658,3.2484,-0.822756,-0.150578,2.45094,-0.837000000000069,-6.18000000000075,-0.0449268,0.967391
1.659,3.24824,-0.820308,-0.151404,2.44477,-0.825999999999929,-6.16999999999932,-0.0453517,0.96506
1.66,3.24809,-0.817866,-0.152217,2.4386,-0.81300000000007,-6.17000000000069,-0.0457713,0.962731
1.661,3.24794,-0.815431,-0.15302,2.43245,-0.802999999999908,-6.14999999999963,-0.0461857,0.960404
1.662,3.24779,-0.813002,-0.15381,2.4263,-0.7900000000001,-6.15000000000056,-0.0465949,0.958079
1.663,3.24763,-0.810578,-0.15459,2.42015,-0.779999999999916,-6.14999999999919,-0.046999,0.955755
1.664,3.24748,-0.808161,-0.155358,2.41402,-0.768000000000075,-6.13000000000087,-0.047398,0.953434
1.665,3.24732,-0.80575,-0.156114,2.40789,-0.755999999999922,-6.12999999999906,-0.047792,0.951114
1.666,3.24717,-0.803346,-0.15686,2.40177,-0.746000000000079,-6.1200000000008,-0.0481809,0.948796
1.667,3.24701,-0.800947,-0.157594,2.39566,-0.73399999999993,-6.10999999999938,-0.0485648,0.94648
1.668,3.24685,-0.798554,-0.158318,2.38956,-0.724000000000054,-6.10000000000067,-0.0489439,0.944166
1.669,3.24669,-0.796168,-0.159031,2.38346,-0.712999999999939,-6.09999999999931,-0.049318,0.941854
1.67,3.24653,-0.793787,-0.159733,2.37737,-0.702000000000085,-6.0900000000006,-0.0496872,0.939544
1.671,3.24637,-0.791413,-0.160424,2.37129,-0.69099999999992,-6.07999999999918,-0.0500516,0.937236
1.672,3.24621,-0.789045,-0.161105,2.36522,-0.681000000000062,-6.07000000000091,-0.0504113,0.934931
1.673,3.24605,-0.786683,-0.161775,2.35916,-0.669999999999929,-6.05999999999905,-0.0507662,0.932627
1.674,3.24589,-0.784326,-0.162435,2.3531,-0.660000000000067,-6.06000000000084,-0.0511164,0.930325
1.675,3.24572,-0.781976,-0.163084,2.34705,-0.648999999999938,-6.04999999999943,-0.0514619,0.928026
1.676,3.24556,-0.779632,-0.163724,2.34101,-0.640000000000072,-6.04000000000071,-0.0518028,0.925729
1.677,3.2454,-0.777294,-0.164353,2.33498,-0.62899999999992,-6.02999999999931,-0.0521391,0.923434
1.678,3.24523,-0.774962,-0.164972,2.32896,-0.619000000000077,-6.02000000000058,-0.0524709,0.921141
1.679,3.24507,-0.772637,-0.165581,2.32294,-0.60899999999993,-6.01999999999924,-0.0527981,0.91885
1.68,3.2449,-0.770317,-0.16618,2.31694,-0.599000000000054,-6.00000000000044,-0.0531209,0.916562
1.681,3.24474,-0.768003,-0.166769,2.31094,-0.58899999999994,-5.99999999999956,-0.0534392,0.914276
1.682,3.24457,-0.765695,-0.167349,2.30495,-0.580000000000061,-5.99000000000082,-0.0537531,0.911992
1.683,3.2444,-0.763393,-0.167919,2.29897,-0.569999999999951,-5.97999999999898,-0.0540626,0.909711
1.684,3.24423,-0.761097,-0.16848,2.29299,-0.56100000000004,-5.98000000000076,-0.0543678,0.907432
1.685,3.24406,-0.758807,-0.169031,2.28703,-0.550999999999934,-5.9599999999993,-0.0546687,0.905155
1.686,3.24389,-0.756523,-0.169572,2.28107,-0.541000000000073,-5.96000000000062,-0.0549653,0.902881
1.687,3.24372,-0.754245,-0.170104,2.27513,-0.531999999999945,-5.93999999999961,-0.0552577,0.900609
1.688,3.24355,-0.751973,-0.170628,2.26919,-0.524000000000054,-5.94000000000049,-0.0555459,0.89834
1.689,3.24338,-0.749706,-0.171141,2.26326,-0.512999999999928,-5.92999999999955,-0.05583,0.896073
1.69,3.24321,-0.747446,-0.171646,2.25734,-0.505000000000061,-5.92000000000036,-0.0561099,0.893809
1.691,3.24304,-0.745192,-0.172142,2.25142,-0.495999999999941,-5.91999999999949,-0.0563857,0.891547
1.692,3.24287,-0.742943,-0.172629,2.24552,-0.487000000000069,-5.90000000000067,-0.0566574,0.889288
1.693,3.24269,-0.740701,-0.173107,2.23962,-0.477999999999953,-5.89999999999936,-0.0569252,0.887031
1.694,3.24252,-0.738464,-0.173576,2.23374,-0.469000000000049,-5.88000000000053,-0.0571889,0.884777
1.695,3.24235,-0.736233,-0.174037,2.22786,-0.460999999999938,-5.87999999999923,-0.0574487,0.882525
1.696,3.24217,-0.734008,-0.174489,2.22199,-0.452000000000058,-5.87000000000091,-0.0577046,0.880276
1.697,3.242,-0.731789,-0.174932,2.21613,-0.442999999999949,-5.8599999999991,-0.0579565,0.87803
1.698,3.24182,-0.729576,-0.175367,2.21028,-0.435000000000039,-5.85000000000078,-0.0582047,0.875787
1.699,3.24165,-0.727369,-0.175794,2.20444,-0.426999999999963,-5.83999999999941,-0.0584489,0.873546
1.7,3.24147,-0.725167,-0.176212,2.19861,-0.418000000000048,-5.83000000000064,-0.0586894,0.871308
1.701,3.2413,-0.722972,-0.176623,2.19278,-0.410999999999949,-5.82999999999935,-0.0589262,0.869072
1.702,3.24112,-0.720782,-0.177024,2.18697,-0.401000000000029,-5.81000000000051,-0.0591592,0.86684
1.703,3.24094,-0.718598,-0.177418,2.18116,-0.393999999999961,-5.80999999999922,-0.0593885,0.86461
1.704,3.24076,-0.716419,-0.177804,2.17537,-0.38600000000004,-5.79000000000082,-0.0596141,0.862383
1.705,3.24059,-0.714247,-0.178182,2.16958,-0.377999999999975,-5.78999999999954,-0.0598361,0.860159
1.706,3.24041,-0.71208,-0.178552,2.1638,-0.370000000000022,-5.78000000000031,-0.0600545,0.857937
1.707,3.24023,-0.709919,-0.178914,2.15804,-0.361999999999961,-5.75999999999934,-0.0602693,0.855719
1.708,3.24005,-0.707764,-0.179269,2.15228,-0.355000000000061,-5.76000000000062,-0.0604806,0.853503
1.709,3.23987,-0.705615,-0.179615,2.14653,-0.345999999999946,-5.74999999999972,-0.0606884,0.85129
1.71,3.23969,-0.703471,-0.179955,2.14079,-0.340000000000044,-5.74000000000049,-0.0608926,0.84908
1.711,3.23951,-0.701333,-0.180286,2.13506,-0.330999999999961,-5.72999999999915,-0.0610935,0.846873
1.712,3.23933,-0.699201,-0.18061,2.12933,-0.324000000000027,-5.73000000000087,-0.0612909,0.844669
1.713,3.23915,-0.697075,-0.180927,2.12362,-0.316999999999976,-5.70999999999947,-0.0614849,0.842468
1.714,3.23897,-0.694954,-0.181237,2.11792,-0.310000000000039,-5.70000000000067,-0.0616755,0.84027
1.715,3.23879,-0.692839,-0.181539,2.11223,-0.301999999999963,-5.68999999999934,-0.0618629,0.838075
1.716,3.2386,-0.690729,-0.181834,2.10654,-0.295000000000022,-5.6900000000006,-0.0620469,0.835883
1.717,3.23842,-0.688626,-0.182122,2.10087,-0.287999999999978,-5.66999999999921,-0.0622276,0.833694
1.718,3.23824,-0.686528,-0.182403,2.0952,-0.281000000000034,-5.67000000000047,-0.0624051,0.831508
1.719,3.23806,-0.684435,-0.182676,2.08955,-0.272999999999965,-5.64999999999952,-0.0625793,0.829325
1.72,3.23788,-0.682349,-0.182943,2.0839,-0.267000000000019,-5.65000000000078,-0.0627504,0.827145
1.721,3.23769,-0.680268,-0.183203,2.07827,-0.259999999999981,-5.62999999999939,-0.0629183,0.824968
1.722,3.23751,-0.678192,-0.183456,2.07264,-0.253000000000031,-5.63000000000064,-0.0630831,0.822794
1.723,3.23733,-0.676122,-0.183703,2.06703,-0.24699999999997,-5.60999999999927,-0.0632448,0.820624
1.724,3.23714,-0.674058,-0.183943,2.06142,-0.240000000000017,-5.61000000000051,-0.0634034,0.818456
1.725,3.23696,-0.672,-0.184176,2.05582,-0.232999999999985,-5.5999999999992,-0.0635589,0.816292
1.726,3.23677,-0.669947,-0.184402,2.05024,-0.226000000000029,-5.58000000000076,-0.0637114,0.814131
1.727,3.23659,-0.667899,-0.184622,2.04466,-0.219999999999973,-5.57999999999952,-0.0638609,0.811973
1.728,3.2364,-0.665857,-0.184836,2.03909,-0.214000000000015,-5.57000000000069,-0.0640074,0.809818
1.729,3.23622,-0.663821,-0.185043,2.03353,-0.20699999999999,-5.55999999999939,-0.064151,0.807667
1.73,3.23603,-0.66179,-0.185244,2.02799,-0.201000000000001,-5.54000000000049,-0.0642917,0.805519
1.731,3.23585,-0.659765,-0.185439,2.02245,-0.194999999999979,-5.53999999999926,-0.0644295,0.803374
1.732,3.23566,-0.657745,-0.185628,2.01692,-0.189000000000016,-5.53000000000087,-0.0645644,0.801232
1.733,3.23548,-0.655731,-0.18581,2.0114,-0.181999999999995,-5.51999999999913,-0.0646965,0.799094
1.734,3.23529,-0.653723,-0.185986,2.00589,-0.176000000000029,-5.51000000000073,-0.0648257,0.796959
1.735,3.23511,-0.651719,-0.186156,2.0004,-0.169999999999957,-5.48999999999938,-0.0649522,0.794827
1.736,3.23492,-0.649722,-0.186321,1.99491,-0.165000000000017,-5.4900000000006,-0.0650759,0.792698
1.737,3.23473,-0.64773,-0.186479,1.98943,-0.158000000000002,-5.47999999999932,-0.0651968,0.790573
1.738,3.23455,-0.645743,-0.186632,1.98396,-0.153000000000003,-5.47000000000069,-0.0653151,0.788451
1.739,3.23436,-0.643762,-0.186778,1.9785,-0.145999999999991,-5.45999999999941,-0.0654306,0.786333
1.74,3.23417,-0.641786,-0.186919,1.97306,-0.141000000000018,-5.44000000000049,-0.0655435,0.784218
1.741,3.23399,-0.639816,-0.187055,1.96762,-0.135999999999982,-5.4399999999995,-0.0656537,0.782106
1.742,3.2338,-0.637851,-0.187184,1.96219,-0.129000000000004,-5.43000000000042,-0.0657614,0.779998
1.743,3.23361,-0.635891,-0.187308,1.95677,-0.123999999999999,-5.4199999999996,-0.0658664,0.777893
1.744,3.23342,-0.633937,-0.187427,1.95137,-0.119000000000021,-5.40000000000044,-0.0659688,0.775791
1.745,3.23324,-0.631989,-0.18754,1.94597,-0.112999999999989,-5.39999999999947,-0.0660688,0.773693
1.746,3.23305,-0.630045,-0.187648,1.94058,-0.108000000000009,-5.3900000000006,-0.0661662,0.771599
1.747,3.23286,-0.628107,-0.18775,1.9352,-0.10199999999998,-5.37999999999934,-0.066261,0.769508
1.748,3.23267,-0.626175,-0.187847,1.92984,-0.0969999999999967,-5.36000000000062,-0.0663535,0.76742
1.749,3.23249,-0.624248,-0.187938,1.92448,-0.0909999999999975,-5.35999999999943,-0.0664434,0.765336
1.75,3.2323,-0.622326,-0.188025,1.91913,-0.0870000000000133,-5.35000000000056,-0.066531,0.763256
1.751,3.23211,-0.62041,-0.188106,1.9138,-0.0810000000000067,-5.33000000000064,-0.0666161,0.761178
1.752,3.23192,-0.618498,-0.188182,1.90847,-0.0759999999999842,-5.32999999999924,-0.0666988,0.759105
1.753,3.23173,-0.616593,-0.188254,1.90316,-0.0720000000000244,-5.31000000000073,-0.0667792,0.757035
1.754,3.23154,-0.614692,-0.18832,1.89785,-0.0659999999999754,-5.30999999999933,-0.0668573,0.754968
1.755,3.23136,-0.612797,-0.188381,1.89256,-0.0610000000000122,-5.2900000000006,-0.066933,0.752905
1.756,3.23117,-0.610907,-0.188437,1.88727,-0.0559999999999942,-5.28999999999942,-0.0670064,0.750846
1.757,3.23098,-0.609022,-0.188489,1.882,-0.0520000000000022,-5.27000000000069,-0.0670776,0.74879
1.758,3.23079,-0.607143,-0.188535,1.87673,-0.0460000000000131,-5.2699999999993,-0.0671465,0.746738
1.759,3.2306,-0.605269,-0.188577,1.87148,-0.0419999999999911,-5.25000000000056,-0.0672131,0.744689
1.76,3.23041,-0.6034,-0.188614,1.86624,-0.0370000000000051,-5.23999999999955,-0.0672776,0.742644
1.761,3.23023,-0.601537,-0.188647,1.86101,-0.0330000000000089,-5.23000000000042,-0.0673398,0.740603
1.762,3.23004,-0.599678,-0.188675,1.85578,-0.0279999999999971,-5.22999999999948,-0.0673999,0.738565
1.763,3.22985,-0.597825,-0.188698,1.85057,-0.0229999999999978,-5.21000000000051,-0.0674579,0.736531
1.764,3.22966,-0.595977,-0.188717,1.84537,-0.0189999999999891,-5.19999999999951,-0.0675137,0.7345
1.765,3.22947,-0.594134,-0.188731,1.84018,-0.0140000000000155,-5.1900000000006,-0.0675674,0.732474
1.766,3.22928,-0.592297,-0.188741,1.835,-0.00999999999998113,-5.17999999999938,-0.0676191,0.73045
1.767,3.22909,-0.590464,-0.188746,1.82983,-0.00500000000000555,-5.17000000000047,-0.0676686,0.728431
1.768,3.2289,-0.588637,-0.188747,1.82467,-0.00100000000000089,-5.15999999999948,-0.0677162,0.726415
1.769,3.22872,-0.586815,-0.188744,1.81952,0.00300000000000333,-5.15000000000056,-0.0677617,0.724403
1.77,3.22853,-0.584998,-0.188736,1.81438,0.00800000000000711,-5.13999999999935,-0.0678052,0.722395
1.771,3.22834,-0.583186,-0.188725,1.80925,0.0109999999999845,-5.13000000000064,-0.0678467,0.72039
1.772,3.22815,-0.58138,-0.188709,1.80414,0.0160000000000142,-5.10999999999938,-0.0678862,0.718389
1.773,3.22796,-0.579578,-0.188689,1.79903,0.0199999999999945,-5.11000000000073,-0.0679238,0.716392
1.774,3.22777,-0.577782,-0.188665,1.79393,0.0239999999999936,-5.09999999999931,-0.0679595,0.714398
1.775,3.22758,-0.57599,-0.188637,1.78885,0.0280000000000033,-5.08000000000053,-0.0679932,0.712408
1.776,3.22739,-0.574204,-0.188604,1.78377,0.0330000000000016,-5.07999999999941,-0.0680251,0.710422
1.777,3.22721,-0.572423,-0.188568,1.7787,0.0359999999999845,-5.07000000000069,-0.0680551,0.70844
1.778,3.22702,-0.570647,-0.188528,1.77365,0.0400000000000078,-5.04999999999943,-0.0680832,0.706461
1.779,3.22683,-0.568875,-0.188485,1.76861,0.0429999999999922,-5.04000000000049,-0.0681095,0.704486
1.78,3.22664,-0.567109,-0.188437,1.76357,0.0480000000000149,-5.03999999999937,-0.068134,0.702515
1.781,3.22645,-0.565348,-0.188385,1.75855,0.0520000000000022,-5.02000000000058,-0.0681567,0.700548
1.782,3.22626,-0.563592,-0.18833,1.75354,0.0549999999999933,-5.0099999999994,-0.0681776,0.698585
1.783,3.22608,-0.561841,-0.188271,1.74854,0.05900000000001,-5.00000000000067,-0.0681967,0.696625
1.784,3.22589,-0.560095,-0.188209,1.74355,0.0619999999999996,-4.98999999999949,-0.0682141,0.694669
1.785,3.2257,-0.558354,-0.188142,1.73857,0.0669999999999911,-4.98000000000053,-0.0682298,0.692717
1.786,3.22551,-0.556618,-0.188072,1.7336,0.0700000000000067,-4.96999999999936,-0.0682437,0.690769
1.787,3.22532,-0.554887,-0.187999,1.72864,0.0729999999999978,-4.96000000000062,-0.068256,0.688825
1.788,3.22514,-0.553161,-0.187922,1.72369,0.0769999999999851,-4.94999999999946,-0.0682666,0.686884
1.789,3.22495,-0.55144,-0.187842,1.71875,0.0800000000000055,-4.94000000000049,-0.0682755,0.684948
1.79,3.22476,-0.549723,-0.187758,1.71382,0.0839999999999913,-4.92999999999955,-0.0682828,0.683015
1.791,3.22457,-0.548012,-0.187671,1.70891,0.0870000000000133,-4.91000000000051,-0.0682885,0.681086
1.792,3.22438,-0.546306,-0.18758,1.704,0.0909999999999975,-4.90999999999942,-0.0682925,0.679161
1.793,3.2242,-0.544604,-0.187486,1.69911,0.0939999999999933,-4.8900000000006,-0.068295,0.677239
1.794,3.22401,-0.542907,-0.187389,1.69422,0.0970000000000029,-4.88999999999929,-0.0682959,0.675322
1.795,3.22382,-0.541216,-0.187288,1.68935,0.101000000000001,-4.87000000000069,-0.0682953,0.673408
1.796,3.22363,-0.539529,-0.187185,1.68449,0.103000000000008,-4.85999999999932,-0.068293,0.671499
1.797,3.22345,-0.537847,-0.187078,1.67963,0.107000000000008,-4.86000000000062,-0.0682893,0.669593
1.798,3.22326,-0.53617,-0.186968,1.67479,0.109999999999987,-4.83999999999941,-0.0682841,0.667691
1.799,3.22307,-0.534497,-0.186854,1.66996,0.114000000000016,-4.83000000000042,-0.0682773,0.665793
1.8,3.22289,-0.53283,-0.186738,1.66514,0.115999999999992,-4.81999999999951,-0.0682691,0.663899
1.801,3.2227,-0.531167,-0.186619,1.66033,0.118999999999993,-4.81000000000051,-0.0682594,0.662009
1.802,3.22251,-0.529509,-0.186497,1.65553,0.121999999999997,-4.7999999999996,-0.0682483,0.660122
1.803,3.22233,-0.527856,-0.186371,1.65074,0.126000000000001,-4.79000000000038,-0.0682358,0.65824
1.804,3.22214,-0.526208,-0.186243,1.64596,0.128000000000003,-4.77999999999947,-0.0682218,0.656361
1.805,3.22195,-0.524564,-0.186112,1.6412,0.131000000000007,-4.76000000000062,-0.0682064,0.654487
1.806,3.22177,-0.522925,-0.185978,1.63644,0.13399999999998,-4.75999999999956,-0.0681897,0.652616
1.807,3.22158,-0.521291,-0.185841,1.63169,0.137000000000013,-4.75000000000033,-0.0681715,0.650749
1.808,3.2214,-0.519662,-0.185702,1.62696,0.138999999999985,-4.72999999999959,-0.068152,0.648886
1.809,3.22121,-0.518037,-0.185559,1.62224,0.14300000000002,-4.72000000000058,-0.0681312,0.647028
1.81,3.22103,-0.516417,-0.185414,1.61752,0.14499999999999,-4.71999999999931,-0.068109,0.645173
1.811,3.22084,-0.514802,-0.185266,1.61282,0.148000000000026,-4.70000000000067,-0.0680855,0.643322
1.812,3.22066,-0.513192,-0.185116,1.60813,0.149999999999967,-4.68999999999934,-0.0680608,0.641474
1.813,3.22047,-0.511586,-0.184963,1.60344,0.153000000000031,-4.6900000000006,-0.0680347,0.639631
1.814,3.22029,-0.509985,-0.184807,1.59877,0.155999999999972,-4.66999999999943,-0.0680074,0.637792
1.815,3.2201,-0.508388,-0.184648,1.59411,0.15900000000001,-4.66000000000062,-0.0679788,0.635957
1.816,3.21992,-0.506797,-0.184487,1.58946,0.160999999999976,-4.6499999999993,-0.0679489,0.634126
1.817,3.21973,-0.50521,-0.184324,1.58483,0.163000000000042,-4.63000000000064,-0.0679179,0.632298
1.818,3.21955,-0.503627,-0.184158,1.5802,0.165999999999981,-4.62999999999939,-0.0678856,0.630475
1.819,3.21936,-0.502049,-0.18399,1.57558,0.16800000000002,-4.62000000000058,-0.0678521,0.628655
1.82,3.21918,-0.500476,-0.183819,1.57097,0.170999999999958,-4.60999999999949,-0.0678174,0.62684
1.821,3.219,-0.498907,-0.183645,1.56638,0.174000000000027,-4.59000000000038,-0.0677816,0.625028
1.822,3.21881,-0.497343,-0.18347,1.56179,0.174999999999989,-4.58999999999958,-0.0677446,0.623221
1.823,3.21863,-0.495784,-0.183292,1.55722,0.178000000000003,-4.57000000000047,-0.0677064,0.621417
1.824,3.21845,-0.494229,-0.183112,1.55265,0.179999999999993,-4.56999999999945,-0.0676671,0.619618
1.825,3.21826,-0.492678,-0.182929,1.5481,0.183000000000009,-4.55000000000056,-0.0676267,0.617822
1.826,3.21808,-0.491133,-0.182744,1.54356,0.184999999999998,-4.53999999999948,-0.0675851,0.616031
1.827,3.2179,-0.489591,-0.182557,1.53902,0.187000000000013,-4.54000000000049,-0.0675425,0.614243
1.828,3.21771,-0.488055,-0.182368,1.5345,0.188999999999974,-4.51999999999957,-0.0674988,0.612459
1.829,3.21753,-0.486522,-0.182176,1.52999,0.192000000000019,-4.51000000000051,-0.067454,0.61068
1.83,3.21735,-0.484995,-0.181983,1.52549,0.192999999999977,-4.49999999999945,-0.0674081,0.608904
1.831,3.21717,-0.483471,-0.181787,1.521,0.196000000000023,-4.4900000000006,-0.0673612,0.607132
1.832,3.21699,-0.481953,-0.181589,1.51652,0.197999999999982,-4.47999999999932,-0.0673132,0.605364
1.833,3.21681,-0.480438,-0.181389,1.51205,0.200000000000028,-4.47000000000069,-0.0672643,0.603601
1.834,3.21662,-0.478929,-0.181187,1.5076,0.201999999999985,-4.44999999999935,-0.0672143,0.601841
1.835,3.21644,-0.477423,-0.180983,1.50315,0.204000000000004,-4.45000000000056,-0.0671633,0.600085
1.836,3.21626,-0.475922,-0.180777,1.49871,0.205999999999989,-4.4399999999995,-0.0671113,0.598333
1.837,3.21608,-0.474426,-0.180569,1.49429,0.208000000000009,-4.42000000000058,-0.0670583,0.596585
1.838,3.2159,-0.472934,-0.18036,1.48987,0.208999999999991,-4.41999999999937,-0.0670044,0.594841
1.839,3.21572,-0.471446,-0.180148,1.48547,0.212000000000013,-4.40000000000044,-0.0669495,0.593102
1.84,3.21554,-0.469963,-0.179934,1.48107,0.213999999999968,-4.39999999999947,-0.0668937,0.591366
1.841,3.21536,-0.468484,-0.179719,1.47669,0.215000000000044,-4.38000000000053,-0.066837,0.589634
1.842,3.21518,-0.467009,-0.179501,1.47232,0.217999999999972,-4.3699999999995,-0.0667793,0.587906
1.843,3.215,-0.465539,-0.179282,1.46796,0.219000000000021,-4.36000000000062,-0.0667207,0.586182
1.844,3.21482,-0.464074,-0.179061,1.4636,0.220999999999974,-4.35999999999943,-0.0666612,0.584462
1.845,3.21464,-0.462612,-0.178838,1.45926,0.223000000000026,-4.34000000000049,-0.0666008,0.582746
1.846,3.21446,-0.461155,-0.178614,1.45493,0.223999999999977,-4.32999999999946,-0.0665396,0.581034
1.847,3.21429,-0.459702,-0.178388,1.45061,0.226000000000029,-4.32000000000058,-0.0664774,0.579326
1.848,3.21411,-0.458254,-0.17816,1.4463,0.227999999999953,-4.30999999999955,-0.0664145,0.577622
1.849,3.21393,-0.45681,-0.17793,1.442,0.230000000000033,-4.30000000000044,-0.0663506,0.575922
1.85,3.21375,-0.45537,-0.177699,1.43772,0.230999999999983,-4.27999999999936,-0.066286,0.574227
1.851,3.21357,-0.453934,-0.177466,1.43344,0.233000000000009,-4.28000000000053,-0.0662205,0.572535
1.852,3.2134,-0.452503,-0.177232,1.42917,0.233999999999986,-4.26999999999952,-0.0661542,0.570847
1.853,3.21322,-0.451076,-0.176996,1.42492,0.23600000000004,-4.25000000000056,-0.0660871,0.569163
1.854,3.21304,-0.449653,-0.176758,1.42067,0.237999999999962,-4.24999999999939,-0.0660192,0.567482
1.855,3.21287,-0.448235,-0.176519,1.41643,0.239000000000015,-4.24000000000049,-0.0659505,0.565806
1.856,3.21269,-0.44682,-0.176278,1.41221,0.240999999999992,-4.21999999999964,-0.065881,0.564134
1.857,3.21251,-0.44541,-0.176036,1.40799,0.242000000000019,-4.22000000000036,-0.0658108,0.562466
1.858,3.21234,-0.444004,-0.175792,1.40379,0.243999999999967,-4.19999999999951,-0.0657398,0.560802
1.859,3.21216,-0.442603,-0.175547,1.3996,0.245000000000022,-4.1900000000006,-0.0656681,0.559142
1.86,3.21199,-0.441205,-0.175301,1.39541,0.245999999999969,-4.18999999999945,-0.0655956,0.557486
1.861,3.21181,-0.439812,-0.175053,1.39124,0.248000000000053,-4.17000000000047,-0.0655224,0.555834
1.862,3.21164,-0.438423,-0.174804,1.38708,0.248999999999971,-4.15999999999948,-0.0654485,0.554186
1.863,3.21146,-0.437038,-0.174553,1.38293,0.251000000000001,-4.15000000000056,-0.0653739,0.552541
1.864,3.21129,-0.435657,-0.174301,1.37878,0.251999999999974,-4.14999999999963,-0.0652986,0.550901
1.865,3.21111,-0.43428,-0.174048,1.37465,0.253000000000031,-4.13000000000042,-0.0652226,0.549265
1.866,3.21094,-0.432908,-0.173793,1.37053,0.254999999999977,-4.11999999999944,-0.0651459,0.547632
1.867,3.21077,-0.431539,-0.173537,1.36642,0.256000000000034,-4.11000000000051,-0.0650685,0.546004
1.868,3.21059,-0.430175,-0.17328,1.36232,0.256999999999978,-4.09999999999953,-0.0649905,0.54438
1.869,3.21042,-0.428815,-0.173022,1.35823,0.258000000000009,-4.09000000000038,-0.0649118,0.542759
1.87,3.21025,-0.427458,-0.172762,1.35415,0.259999999999981,-4.07999999999963,-0.0648325,0.541143
1.871,3.21007,-0.426106,-0.172501,1.35008,0.26100000000004,-4.07000000000047,-0.0647525,0.53953
1.872,3.2099,-0.424758,-0.172239,1.34603,0.261999999999955,-4.04999999999943,-0.0646719,0.537922
1.873,3.20973,-0.423414,-0.171976,1.34198,0.263000000000042,-4.05000000000056,-0.0645907,0.536317
1.874,3.20956,-0.422074,-0.171711,1.33794,0.264999999999958,-4.03999999999959,-0.0645089,0.534717
1.875,3.20939,-0.420738,-0.171446,1.33391,0.265000000000044,-4.03000000000042,-0.0644265,0.53312
1.876,3.20921,-0.419407,-0.171179,1.3299,0.267000000000019,-4.01000000000029,-0.0643435,0.531527
1.877,3.20904,-0.418079,-0.170911,1.32589,0.26799999999996,-4.00999999999962,-0.0642599,0.529938
1.878,3.20887,-0.416755,-0.170643,1.32189,0.268000000000048,-4.00000000000044,-0.0641757,0.528354
1.879,3.2087,-0.415435,-0.170373,1.31791,0.269999999999962,-3.97999999999965,-0.064091,0.526773
1.88,3.20853,-0.414119,-0.170102,1.31393,0.271000000000023,-3.98000000000031,-0.0640057,0.525196
1.881,3.20836,-0.412807,-0.16983,1.30996,0.271999999999964,-3.96999999999958,-0.0639198,0.523623
1.882,3.20819,-0.411499,-0.169557,1.30601,0.273000000000026,-3.95000000000056,-0.0638334,0.522053
1.883,3.20802,-0.410195,-0.169283,1.30206,0.273999999999994,-3.94999999999946,-0.0637465,0.520488
1.884,3.20785,-0.408895,-0.169008,1.29813,0.275000000000028,-3.93000000000042,-0.063659,0.518927
1.885,3.20769,-0.407599,-0.168732,1.2942,0.275999999999968,-3.92999999999955,-0.063571,0.51737
1.886,3.20752,-0.406307,-0.168455,1.29029,0.27700000000003,-3.91000000000051,-0.0634825,0.515816
1.887,3.20735,-0.405018,-0.168177,1.28638,0.277999999999969,-3.90999999999942,-0.0633935,0.514267
1.888,3.20718,-0.403734,-0.167899,1.28249,0.278000000000031,-3.8900000000006,-0.0633039,0.512721
1.889,3.20701,-0.402453,-0.167619,1.27861,0.279999999999971,-3.87999999999945,-0.0632139,0.511179
1.89,3.20685,-0.401177,-0.167339,1.27473,0.280000000000033,-3.88000000000053,-0.0631234,0.509642
1.891,3.20668,-0.399904,-0.167057,1.27087,0.281999999999945,-3.85999999999954,-0.0630325,0.508108
1.892,3.20651,-0.398635,-0.166775,1.26701,0.282000000000035,-3.8600000000004,-0.062941,0.506578
1.893,3.20634,-0.39737,-0.166492,1.26317,0.282999999999974,-3.83999999999964,-0.0628491,0.505052
1.894,3.20618,-0.396109,-0.166209,1.25934,0.283000000000037,-3.83000000000042,-0.0627568,0.503529
1.895,3.20601,-0.394851,-0.165924,1.25551,0.284999999999976,-3.82999999999957,-0.0626639,0.502011
1.896,3.20585,-0.393598,-0.165639,1.2517,0.285000000000011,-3.81000000000029,-0.0625707,0.500497
1.897,3.20568,-0.392348,-0.165352,1.2479,0.286999999999977,-3.7999999999996,-0.062477,0.498986
1.898,3.20552,-0.391102,-0.165066,1.2441,0.28600000000004,-3.80000000000044,-0.0623829,0.49748
1.899,3.20535,-0.38986,-0.164778,1.24032,0.28799999999995,-3.77999999999947,-0.0622883,0.495977
1.9,3.20519,-0.388621,-0.16449,1.23655,0.288000000000042,-3.77000000000047,-0.0621934,0.494478
1.901,3.20502,-0.387387,-0.1642,1.23278,0.289999999999952,-3.76999999999963,-0.062098,0.492983
1.902,3.20486,-0.386156,-0.163911,1.22903,0.289000000000043,-3.75000000000033,-0.0620023,0.491492
1.903,3.20469,-0.384929,-0.16362,1.22529,0.290999999999981,-3.73999999999966,-0.0619061,0.490004
1.904,3.20453,-0.383705,-0.163329,1.22155,0.291000000000018,-3.74000000000049,-0.0618095,0.488521
1.905,3.20437,-0.382485,-0.163037,1.21783,0.291999999999982,-3.71999999999953,-0.0617126,0.487041
1.906,3.2042,-0.38127,-0.162745,1.21412,0.292000000000019,-3.71000000000029,-0.0616153,0.485565
1.907,3.20404,-0.380057,-0.162452,1.21041,0.292999999999955,-3.70999999999969,-0.0615176,0.484093
1.908,3.20388,-0.378849,-0.162158,1.20672,0.294000000000049,-3.69000000000038,-0.0614196,0.482625
1.909,3.20372,-0.377644,-0.161864,1.20303,0.293999999999956,-3.68999999999956,-0.0613212,0.481161
1.91,3.20356,-0.376443,-0.161569,1.19936,0.29500000000005,-3.67000000000047,-0.0612224,0.4797
1.911,3.20339,-0.375245,-0.161274,1.1957,0.294999999999957,-3.65999999999959,-0.0611233,0.478244
1.912,3.20323,-0.374051,-0.160978,1.19204,0.296000000000023,-3.6600000000004,-0.0610239,0.476791
1.913,3.20307,-0.372861,-0.160681,1.1884,0.296999999999986,-3.63999999999968,-0.0609241,0.475342
1.914,3.20291,-0.371675,-0.160384,1.18476,0.297000000000024,-3.64000000000027,-0.060824,0.473897
1.915,3.20275,-0.370492,-0.160087,1.18114,0.296999999999958,-3.61999999999955,-0.0607236,0.472455
1.916,3.20259,-0.369312,-0.159789,1.17752,0.298000000000053,-3.62000000000058,-0.0606229,0.471018
1.917,3.20243,-0.368137,-0.15949,1.17392,0.29899999999996,-3.59999999999942,-0.0605218,0.469584
1.918,3.20227,-0.366964,-0.159191,1.17032,0.299000000000027,-3.60000000000044,-0.0604205,0.468154
1.919,3.20211,-0.365796,-0.158891,1.16674,0.299999999999961,-3.57999999999952,-0.0603188,0.466727
1.92,3.20195,-0.364631,-0.158592,1.16316,0.299000000000027,-3.58000000000053,-0.0602169,0.465305
1.921,3.2018,-0.36347,-0.158291,1.15959,0.30099999999999,-3.56999999999967,-0.0601147,0.463886
1.922,3.20164,-0.362312,-0.15799,1.15604,0.301000000000029,-3.55000000000033,-0.0600121,0.462471
1.923,3.20148,-0.361158,-0.157689,1.15249,0.300999999999962,-3.54999999999954,-0.0599094,0.46106
1.924,3.20132,-0.360007,-0.157387,1.14895,0.30200000000003,-3.54000000000049,-0.0598063,0.459653
1.925,3.20117,-0.35886,-0.157085,1.14542,0.301999999999963,-3.52999999999942,-0.059703,0.458249
1.926,3.20101,-0.357716,-0.156783,1.14191,0.30200000000003,-3.51000000000051,-0.0595994,0.456849
1.927,3.20085,-0.356576,-0.15648,1.1384,0.302999999999964,-3.50999999999951,-0.0594955,0.455453
1.928,3.2007,-0.355439,-0.156177,1.1349,0.303000000000031,-3.50000000000044,-0.0593914,0.454061
1.929,3.20054,-0.354306,-0.155873,1.13141,0.303999999999965,-3.4899999999996,-0.0592871,0.452672
1.93,3.20038,-0.353176,-0.155569,1.12793,0.304000000000032,-3.48000000000031,-0.0591825,0.451287
1.931,3.20023,-0.35205,-0.155265,1.12446,0.303999999999992,-3.4699999999997,-0.0590777,0.449906
1.932,3.20007,-0.350928,-0.15496,1.121,0.305000000000033,-3.4600000000004,-0.0589726,0.448528
1.933,3.19992,-0.349808,-0.154655,1.11755,0.304999999999966,-3.44999999999957,-0.0588674,0.447154
1.934,3.19976,-0.348693,-0.15435,1.11411,0.305000000000033,-3.44000000000049,-0.0587619,0.445784
1.935,3.19961,-0.34758,-0.154045,1.11067,0.304999999999966,-3.4399999999995,-0.0586562,0.444418
1.936,3.19946,-0.346471,-0.153739,1.10725,0.306000000000034,-3.42000000000036,-0.0585502,0.443055
1.937,3.1993,-0.345366,-0.153433,1.10384,0.305999999999939,-3.40999999999975,-0.0584441,0.441696
1.938,3.19915,-0.344264,-0.153126,1.10043,0.307000000000035,-3.41000000000029,-0.0583378,0.440341
1.939,3.199,-0.343165,-0.15282,1.09704,0.305999999999966,-3.38999999999962,-0.0582313,0.438989
1.94,3.19884,-0.342069,-0.152513,1.09365,0.307000000000035,-3.39000000000038,-0.0581245,0.437641
1.941,3.19869,-0.340978,-0.152206,1.09028,0.306999999999967,-3.36999999999972,-0.0580176,0.436297
1.942,3.19854,-0.339889,-0.151899,1.08691,0.307000000000035,-3.37000000000024,-0.0579105,0.434956
1.943,3.19839,-0.338804,-0.151591,1.08356,0.307999999999968,-3.34999999999959,-0.0578033,0.433619
1.944,3.19824,-0.337722,-0.151284,1.08021,0.307000000000035,-3.35000000000056,-0.0576958,0.432286
1.945,3.19808,-0.336643,-0.150976,1.07687,0.307999999999968,-3.33999999999952,-0.0575882,0.430956
1.946,3.19793,-0.335568,-0.150668,1.07354,0.308000000000037,-3.33000000000042,-0.0574804,0.42963
1.947,3.19778,-0.334496,-0.150359,1.07022,0.308999999999969,-3.31999999999962,-0.0573725,0.428308
1.948,3.19763,-0.333428,-0.150051,1.06691,0.308000000000037,-3.31000000000029,-0.0572644,0.426989
1.949,3.19748,-0.332362,-0.149742,1.06361,0.308999999999969,-3.29999999999971,-0.0571561,0.425674
1.95,3.19733,-0.331301,-0.149434,1.06032,0.308000000000009,-3.29000000000038,-0.0570477,0.424362
1.951,3.19718,-0.330242,-0.149125,1.05704,0.308999999999969,-3.27999999999958,-0.0569392,0.423054
1.952,3.19704,-0.329186,-0.148816,1.05376,0.309000000000038,-3.28000000000031,-0.0568305,0.42175
1.953,3.19689,-0.328134,-0.148507,1.0505,0.308999999999969,-3.25999999999968,-0.0567217,0.420449
1.954,3.19674,-0.327085,-0.148198,1.04724,0.309000000000038,-3.2600000000004,-0.0566127,0.419152
1.955,3.19659,-0.32604,-0.147888,1.044,0.30999999999997,-3.23999999999955,-0.0565036,0.417858
1.956,3.19644,-0.324998,-0.147579,1.04076,0.309000000000038,-3.24000000000049,-0.0563944,0.416568
1.957,3.1963,-0.323958,-0.147269,1.03753,0.309999999999942,-3.22999999999948,-0.0562851,0.415282
1.958,3.19615,-0.322922,-0.14696,1.03431,0.309000000000038,-3.22000000000036,-0.0561756,0.413999
1.959,3.196,-0.32189,-0.14665,1.0311,0.30999999999997,-3.2099999999998,-0.0560661,0.41272
1.96,3.19586,-0.32086,-0.146341,1.0279,0.309000000000038,-3.20000000000022,-0.0559564,0.411444
1.961,3.19571,-0.319834,-0.146031,1.02471,0.30999999999997,-3.18999999999967,-0.0558466,0.410172
1.962,3.19556,-0.318811,-0.145721,1.02153,0.310000000000039,-3.18000000000031,-0.0557367,0.408903
1.963,3.19542,-0.317791,-0.145411,1.01836,0.309999999999942,-3.16999999999976,-0.0556267,0.407638
1.964,3.19527,-0.316774,-0.145101,1.01519,0.310000000000039,-3.17000000000024,-0.0555167,0.406376
1.965,3.19513,-0.315761,-0.144791,1.01204,0.30999999999997,-3.14999999999963,-0.0554065,0.405118
1.966,3.19498,-0.31475,-0.144481,1.00889,0.310000000000039,-3.15000000000033,-0.0552962,0.403864
1.967,3.19484,-0.313743,-0.144171,1.00575,0.30999999999997,-3.13999999999979,-0.0551859,0.402613
1.968,3.19469,-0.312739,-0.143862,1.00262,0.309000000000038,-3.1300000000002,-0.0550755,0.401365
1.969,3.19455,-0.311738,-0.143552,0.999505,0.309999999999942,-3.11499999999974,-0.054965,0.400121
1.97,3.19441,-0.31074,-0.143242,0.996394,0.310000000000039,-3.11100000000032,-0.0548544,0.398881
1.971,3.19426,-0.309745,-0.142932,0.993292,0.30999999999997,-3.1019999999997,-0.0547437,0.397644
1.972,3.19412,-0.308753,-0.142622,0.990199,0.310000000000039,-3.09300000000024,-0.054633,0.39641
1.973,3.19398,-0.307764,-0.142312,0.987115,0.30999999999997,-3.08399999999974,-0.0545222,0.39518
1.974,3.19384,-0.306779,-0.142002,0.98404,0.310000000000039,-3.07500000000028,-0.0544114,0.393953
1.975,3.19369,-0.305796,-0.141692,0.980973,0.309999999999942,-3.0669999999997,-0.0543005,0.39273
1.976,3.19355,-0.304817,-0.141383,0.977915,0.309000000000038,-3.05800000000034,-0.0541896,0.39151
1.977,3.19341,-0.303841,-0.141073,0.974866,0.30999999999997,-3.04899999999963,-0.0540785,0.390294
1.978,3.19327,-0.302867,-0.140764,0.971826,0.309000000000038,-3.04000000000038,-0.0539675,0.389081
1.979,3.19313,-0.301897,-0.140454,0.968794,0.30999999999997,-3.03199999999958,-0.0538564,0.387872
1.98,3.19299,-0.30093,-0.140145,0.965771,0.309000000000038,-3.02300000000033,-0.0537453,0.386666
1.981,3.19285,-0.299965,-0.139835,0.962757,0.30999999999997,-3.01399999999973,-0.0536341,0.385463
1.982,3.19271,-0.299004,-0.139526,0.959751,0.30900000000001,-3.00600000000028,-0.0535229,0.384264
1.983,3.19257,-0.298046,-0.139217,0.956754,0.308999999999969,-2.99699999999969,-0.0534116,0.383068
1.984,3.19243,-0.297091,-0.138908,0.953766,0.309000000000038,-2.98800000000032,-0.0533003,0.381876
1.985,3.19229,-0.296138,-0.138599,0.950787,0.308999999999969,-2.97899999999962,-0.053189,0.380687
1.986,3.19216,-0.295189,-0.13829,0.947815,0.309000000000038,-2.97200000000041,-0.0530777,0.379501
1.987,3.19202,-0.294243,-0.137981,0.944853,0.308999999999969,-2.96199999999958,-0.0529663,0.378319
1.988,3.19188,-0.293299,-0.137673,0.941899,0.308000000000037,-2.95400000000034,-0.052855,0.37714
1.989,3.19174,-0.292359,-0.137364,0.938954,0.308999999999941,-2.94499999999976,-0.0527436,0.375965
1.99,3.1916,-0.291422,-0.137056,0.936017,0.308000000000037,-2.93700000000029,-0.0526322,0.374793
1.991,3.19147,-0.290487,-0.136748,0.933088,0.307999999999968,-2.92899999999963,-0.0525208,0.373624
1.992,3.19133,-0.289555,-0.13644,0.930169,0.308000000000037,-2.91900000000033,-0.0524093,0.372458
1.993,3.19119,-0.288627,-0.136132,0.927257,0.307999999999968,-2.9119999999997,-0.0522979,0.371296
1.994,3.19106,-0.287701,-0.135824,0.924354,0.308000000000037,-2.90300000000031,-0.0521865,0.370138
1.995,3.19092,-0.286778,-0.135517,0.92146,0.306999999999967,-2.89399999999974,-0.0520751,0.368982
1.996,3.19079,-0.285858,-0.13521,0.918574,0.307000000000035,-2.88600000000026,-0.0519636,0.36783
1.997,3.19065,-0.284941,-0.134902,0.915696,0.307999999999968,-2.87799999999973,-0.0518522,0.366681
1.998,3.19052,-0.284027,-0.134595,0.912826,0.307000000000035,-2.87000000000024,-0.0517408,0.365536
1.999,3.19038,-0.283115,-0.134289,0.909965,0.305999999999966,-2.86099999999968,-0.0516294,0.364394
2,3.19025,-0.282207,-0.133982,0.907113,0.307000000000035,-2.85200000000039,-0.051518,0.363255
2.001,3.19012,-0.281301,-0.133676,0.904268,0.306000000000034,-2.8450000000003,-0.0514066,0.362119
2.002,3.18998,-0.280398,-0.133369,0.901432,0.307000000000035,-2.83600000000026,-0.0512953,0.360987
2.003,3.18985,-0.279498,-0.133063,0.898605,0.305999999999898,-2.82699999999908,-0.0511839,0.359858
2.004,3.18972,-0.278601,-0.132758,0.895785,0.305000000000033,-2.82000000000024,-0.0510726,0.358732
2.005,3.18958,-0.277707,-0.132452,0.892974,0.306000000000034,-2.81100000000032,-0.0509613,0.357609
2.006,3.18945,-0.276815,-0.132147,0.890171,0.305000000000033,-2.80300000000031,-0.05085,0.35649
2.007,3.18932,-0.275926,-0.131842,0.887376,0.304999999999898,-2.79499999999906,-0.0507388,0.355374
2.008,3.18919,-0.27504,-0.131537,0.884589,0.305000000000033,-2.7870000000004,-0.0506276,0.354261
2.009,3.18906,-0.274157,-0.131232,0.881811,0.305000000000033,-2.77800000000025,-0.0505164,0.353151
2.01,3.18892,-0.273277,-0.130928,0.879041,0.304000000000032,-2.77000000000036,-0.0504053,0.352045
2.011,3.18879,-0.272399,-0.130624,0.876278,0.303999999999897,-2.76299999999904,-0.0502942,0.350942
2.012,3.18866,-0.271524,-0.13032,0.873524,0.304000000000032,-2.75400000000034,-0.0501831,0.349842
2.013,3.18853,-0.270652,-0.130016,0.870778,0.304000000000032,-2.74600000000022,-0.0500721,0.348745
2.014,3.1884,-0.269783,-0.129713,0.868041,0.303000000000031,-2.7370000000004,-0.0499611,0.347652
2.015,3.18827,-0.268916,-0.12941,0.865311,0.302999999999896,-2.72999999999899,-0.0498502,0.346561
2.016,3.18814,-0.268052,-0.129107,0.862589,0.303000000000031,-2.7220000000003,-0.0497393,0.345474
2.017,3.18802,-0.267191,-0.128804,0.859875,0.303000000000031,-2.7140000000004,-0.0496285,0.34439
2.018,3.18789,-0.266332,-0.128502,0.857169,0.30200000000003,-2.70600000000028,-0.0495177,0.343309
2.019,3.18776,-0.265476,-0.1282,0.854472,0.301999999999896,-2.69699999999905,-0.049407,0.342231
2.02,3.18763,-0.264623,-0.127898,0.851782,0.30200000000003,-2.69000000000027,-0.0492963,0.341157
2.021,3.1875,-0.263773,-0.127597,0.8491,0.301000000000057,-2.68200000000037,-0.0491857,0.340085
2.022,3.18738,-0.262925,-0.127296,0.846426,0.301000000000029,-2.67400000000025,-0.0490751,0.339017
2.023,3.18725,-0.26208,-0.126995,0.84376,0.300999999999895,-2.66599999999917,-0.0489646,0.337952
2.024,3.18712,-0.261238,-0.126694,0.841102,0.301000000000029,-2.65800000000023,-0.0488542,0.33689
2.025,3.18699,-0.260398,-0.126394,0.838451,0.300000000000028,-2.65100000000036,-0.0487439,0.335831
2.026,3.18687,-0.259561,-0.126094,0.835809,0.300000000000028,-2.64200000000021,-0.0486336,0.334775
2.027,3.18674,-0.258726,-0.125794,0.833174,0.299999999999922,-2.63499999999917,-0.0485233,0.333723
2.028,3.18662,-0.257894,-0.125495,0.830548,0.299000000000027,-2.62600000000031,-0.0484132,0.332673
2.029,3.18649,-0.257065,-0.125196,0.827929,0.299000000000027,-2.61900000000022,-0.0483031,0.331627
2.03,3.18637,-0.256239,-0.124897,0.825318,0.29900000000004,-2.61100000000032,-0.0481931,0.330583
2.031,3.18624,-0.255415,-0.124599,0.822714,0.297999999999893,-2.60399999999918,-0.0480832,0.329543
2.032,3.18612,-0.254593,-0.124301,0.820118,0.298000000000039,-2.59600000000022,-0.0479733,0.328505
2.033,3.18599,-0.253774,-0.124003,0.81753,0.298000000000025,-2.58800000000032,-0.0478636,0.327471
2.034,3.18587,-0.252958,-0.123706,0.81495,0.297000000000038,-2.58000000000031,-0.0477539,0.32644
2.035,3.18575,-0.252145,-0.123409,0.812378,0.296999999999892,-2.57199999999905,-0.0476443,0.325412
2.036,3.18562,-0.251333,-0.123112,0.809813,0.297000000000038,-2.56500000000032,-0.0475347,0.324387
2.037,3.1855,-0.250525,-0.122816,0.807255,0.296000000000037,-2.55800000000034,-0.0474253,0.323365
2.038,3.18538,-0.249719,-0.12252,0.804706,0.296000000000023,-2.54900000000019,-0.047316,0.322346
2.039,3.18525,-0.248915,-0.122224,0.802164,0.295999999999906,-2.5419999999992,-0.0472067,0.32133
2.04,3.18513,-0.248115,-0.121929,0.799629,0.295000000000036,-2.53500000000023,-0.0470975,0.320317
2.041,3.18501,-0.247316,-0.121634,0.797102,0.295000000000022,-2.52700000000034,-0.0469885,0.319307
2.042,3.18489,-0.24652,-0.12134,0.794583,0.294000000000035,-2.51900000000022,-0.0468795,0.3183
2.043,3.18477,-0.245727,-0.121045,0.792071,0.294999999999905,-2.51199999999923,-0.0467706,0.317295
2.044,3.18465,-0.244936,-0.120751,0.789567,0.294000000000035,-2.50400000000023,-0.0466618,0.316294
2.045,3.18453,-0.244148,-0.120458,0.78707,0.293000000000034,-2.49700000000025,-0.0465531,0.315296
2.046,3.18441,-0.243362,-0.120165,0.784581,0.293000000000034,-2.48900000000035,-0.0464445,0.314301
2.047,3.18429,-0.242579,-0.119872,0.782099,0.29299999999989,-2.48199999999916,-0.046336,0.313309
2.048,3.18417,-0.241798,-0.11958,0.779625,0.292000000000033,-2.47400000000025,-0.0462276,0.31232
2.049,3.18405,-0.24102,-0.119288,0.777158,0.292000000000033,-2.46700000000027,-0.0461193,0.311334
2.05,3.18393,-0.240244,-0.118996,0.774698,0.292000000000033,-2.46000000000029,-0.0460112,0.31035
2.051,3.18381,-0.23947,-0.118705,0.772246,0.290999999999902,-2.45199999999919,-0.0459031,0.30937
2.052,3.18369,-0.238699,-0.118414,0.769801,0.291000000000032,-2.4450000000003,-0.0457951,0.308392
2.053,3.18357,-0.237931,-0.118124,0.767364,0.29000000000003,-2.43700000000018,-0.0456873,0.307418
2.054,3.18345,-0.237164,-0.117834,0.764934,0.290000000000044,-2.43000000000031,-0.0455795,0.306446
2.055,3.18334,-0.236401,-0.117544,0.762511,0.289999999999902,-2.42299999999914,-0.0454719,0.305477
2.056,3.18322,-0.235639,-0.117255,0.760096,0.289000000000029,-2.41500000000032,-0.0453644,0.304512
2.057,3.1831,-0.234881,-0.116966,0.757687,0.289000000000029,-2.40900000000026,-0.045257,0.303549
2.058,3.18299,-0.234124,-0.116678,0.755286,0.288000000000028,-2.40100000000025,-0.0451497,0.302589
2.059,3.18287,-0.23337,-0.11639,0.752893,0.287999999999914,-2.39299999999918,-0.0450425,0.301631
2.06,3.18275,-0.232618,-0.116102,0.750506,0.288000000000028,-2.38700000000029,-0.0449354,0.300677
2.061,3.18264,-0.231869,-0.115815,0.748127,0.287000000000027,-2.37900000000028,-0.0448285,0.299726
2.062,3.18252,-0.231122,-0.115528,0.745755,0.287000000000027,-2.3720000000003,-0.0447217,0.298777
2.063,3.18241,-0.230378,-0.115242,0.74339,0.285999999999913,-2.36499999999916,-0.044615,0.297831
2.064,3.18229,-0.229635,-0.114956,0.741032,0.286000000000026,-2.35800000000023,-0.0445084,0.296888
2.065,3.18218,-0.228896,-0.11467,0.738681,0.28600000000004,-2.35100000000025,-0.044402,0.295948
2.066,3.18206,-0.228158,-0.114385,0.736338,0.285000000000025,-2.34300000000024,-0.0442956,0.295011
2.067,3.18195,-0.227423,-0.1141,0.734001,0.284999999999912,-2.33699999999925,-0.0441894,0.294076
2.068,3.18183,-0.22669,-0.113816,0.731672,0.284000000000024,-2.32900000000028,-0.0440834,0.293145
2.069,3.18172,-0.22596,-0.113532,0.72935,0.284000000000038,-2.32200000000019,-0.0439774,0.292216
2.07,3.18161,-0.225231,-0.113249,0.727034,0.283000000000023,-2.31600000000035,-0.0438716,0.29129
2.071,3.18149,-0.224505,-0.112966,0.724726,0.282999999999911,-2.30799999999921,-0.0437659,0.290367
2.072,3.18138,-0.223782,-0.112683,0.722425,0.283000000000023,-2.30100000000025,-0.0436604,0.289446
2.073,3.18127,-0.223061,-0.112401,0.72013,0.282000000000035,-2.29500000000019,-0.0435549,0.288528
2.074,3.18116,-0.222342,-0.112119,0.717843,0.282000000000035,-2.28700000000029,-0.0434497,0.287614
2.075,3.18104,-0.221625,-0.111838,0.715563,0.280999999999896,-2.2799999999993,-0.0433445,0.286701
2.076,3.18093,-0.220911,-0.111557,0.713289,0.281000000000034,-2.27400000000025,-0.0432395,0.285792
2.077,3.18082,-0.220198,-0.111277,0.711023,0.280000000000033,-2.26600000000024,-0.0431346,0.284885
2.078,3.18071,-0.219489,-0.110997,0.708763,0.280000000000033,-2.26000000000018,-0.0430299,0.283981
2.079,3.1806,-0.218781,-0.110717,0.70651,0.279999999999909,-2.25299999999931,-0.0429252,0.28308
2.08,3.18049,-0.218075,-0.110438,0.704264,0.279000000000032,-2.24600000000022,-0.0428208,0.282182
2.081,3.18038,-0.217372,-0.11016,0.702025,0.278000000000031,-2.23900000000024,-0.0427164,0.281286
2.082,3.18027,-0.216671,-0.109882,0.699793,0.278000000000031,-2.23200000000026,-0.0426122,0.280393
2.083,3.18016,-0.215973,-0.109604,0.697568,0.277999999999908,-2.22499999999929,-0.0425082,0.279503
2.084,3.18005,-0.215276,-0.109327,0.695349,0.27700000000003,-2.21900000000022,-0.0424043,0.278615
2.085,3.17994,-0.214582,-0.10905,0.693137,0.27700000000003,-2.21200000000024,-0.0423005,0.27773
2.086,3.17983,-0.21389,-0.108773,0.690932,0.27700000000003,-2.20500000000026,-0.0421969,0.276848
2.087,3.17972,-0.2132,-0.108498,0.688734,0.274999999999906,-2.1979999999993,-0.0420934,0.275968
2.088,3.17961,-0.212513,-0.108222,0.686542,0.276000000000029,-2.19200000000021,-0.0419901,0.275091
2.089,3.1795,-0.211827,-0.107947,0.684357,0.275000000000028,-2.18500000000023,-0.0418869,0.274217
2.09,3.1794,-0.211144,-0.107673,0.682179,0.274000000000027,-2.17800000000025,-0.0417839,0.273345
2.091,3.17929,-0.210463,-0.107399,0.680007,0.273999999999919,-2.17199999999923,-0.041681,0.272477
2.092,3.17918,-0.209784,-0.107125,0.677842,0.274000000000027,-2.16500000000032,-0.0415782,0.27161
2.093,3.17908,-0.209107,-0.106852,0.675683,0.273000000000026,-2.15900000000015,-0.0414756,0.270747
2.094,3.17897,-0.208433,-0.106579,0.673532,0.273000000000039,-2.15100000000025,-0.0413732,0.269886
2.095,3.17886,-0.20776,-0.106307,0.671386,0.271999999999904,-2.14599999999926,-0.0412709,0.269027
2.096,3.17876,-0.20709,-0.106035,0.669248,0.272000000000024,-2.13800000000032,-0.0411688,0.268171
2.097,3.17865,-0.206422,-0.105764,0.667116,0.271000000000037,-2.13200000000015,-0.0410668,0.267318
2.098,3.17854,-0.205756,-0.105493,0.66499,0.271000000000023,-2.12600000000031,-0.0409649,0.266468
2.099,3.17844,-0.205092,-0.105223,0.662871,0.269999999999916,-2.11899999999927,-0.0408632,0.26562
2.1,3.17833,-0.20443,-0.104953,0.660759,0.270000000000022,-2.11200000000024,-0.0407617,0.264774
2.101,3.17823,-0.20377,-0.104684,0.658653,0.269000000000035,-2.10600000000017,-0.0406603,0.263931
2.102,3.17812,-0.203113,-0.104415,0.656553,0.269000000000035,-2.10000000000022,-0.0405591,0.263091
2.103,3.17802,-0.202457,-0.104147,0.65446,0.267999999999901,-2.09299999999931,-0.0404581,0.262253
2.104,3.17792,-0.201804,-0.103879,0.652373,0.268000000000034,-2.08700000000029,-0.0403572,0.261418
2.105,3.17781,-0.201152,-0.103611,0.650293,0.268000000000034,-2.0800000000002,-0.0402564,0.260586
2.106,3.17771,-0.200503,-0.103344,0.648219,0.267000000000019,-2.07400000000025,-0.0401558,0.259756
2.107,3.17761,-0.199856,-0.103078,0.646151,0.265999999999913,-2.06799999999927,-0.0400554,0.258928
2.108,3.1775,-0.199211,-0.102812,0.64409,0.266000000000032,-2.06100000000021,-0.0399551,0.258103
2.109,3.1774,-0.198568,-0.102546,0.642036,0.266000000000032,-2.05400000000023,-0.039855,0.257281
2.11,3.1773,-0.197927,-0.102281,0.639987,0.265000000000031,-2.0490000000003,-0.039755,0.256461
2.111,3.1772,-0.197288,-0.102017,0.637945,0.263999999999912,-2.04199999999931,-0.0396552,0.255644
2.112,3.17709,-0.196651,-0.101753,0.635909,0.264000000000029,-2.03600000000026,-0.0395556,0.254829
2.113,3.17699,-0.196016,-0.101489,0.633879,0.264000000000029,-2.0300000000002,-0.0394561,0.254016
2.114,3.17689,-0.195383,-0.101226,0.631856,0.263000000000028,-2.02300000000022,-0.0393568,0.253207
2.115,3.17679,-0.194752,-0.100963,0.629839,0.262999999999912,-2.01699999999926,-0.0392577,0.252399
2.116,3.17669,-0.194123,-0.100701,0.627828,0.262000000000027,-2.01100000000021,-0.0391587,0.251594
2.117,3.17659,-0.193497,-0.10044,0.625823,0.261000000000026,-2.00500000000026,-0.0390599,0.250792
2.118,3.17649,-0.192872,-0.100178,0.623825,0.262000000000027,-1.99800000000028,-0.0389612,0.249992
2.119,3.17639,-0.192249,-0.0999178,0.621832,0.260199999999915,-1.99299999999925,-0.0388627,0.249194
2.12,3.17629,-0.191628,-0.0996576,0.619846,0.260200000000031,-1.98600000000026,-0.0387644,0.248399
2.121,3.17619,-0.191009,-0.0993979,0.617866,0.25970000000003,-1.9800000000002,-0.0386663,0.247607
2.122,3.17609,-0.190392,-0.0991388,0.615892,0.259100000000027,-1.97400000000025,-0.0385683,0.246817
2.123,3.17599,-0.189778,-0.0988801,0.613925,0.258699999999914,-1.96699999999928,-0.0384704,0.246029
2.124,3.17589,-0.189165,-0.0986219,0.611963,0.258200000000028,-1.96200000000024,-0.0383728,0.245243
2.125,3.17579,-0.188554,-0.0983642,0.610007,0.257700000000028,-1.95600000000028,-0.0382753,0.244461
2.126,3.17569,-0.187945,-0.098107,0.608058,0.257200000000027,-1.94900000000019,-0.038178,0.24368
2.127,3.1756,-0.187338,-0.0978503,0.606114,0.256700000000027,-1.94400000000016,-0.0380808,0.242902
2.128,3.1755,-0.186732,-0.0975941,0.604176,0.256199999999913,-1.93799999999935,-0.0379838,0.242126
2.129,3.1754,-0.186129,-0.0973384,0.602245,0.255700000000026,-1.93100000000023,-0.037887,0.241353
2.13,3.1753,-0.185528,-0.0970832,0.600319,0.255200000000039,-1.9260000000002,-0.0377904,0.240582
2.131,3.17521,-0.184929,-0.0968285,0.5984,0.254700000000025,-1.91900000000022,-0.0376939,0.239814
2.132,3.17511,-0.184331,-0.0965743,0.596486,0.254199999999911,-1.91399999999944,-0.0375976,0.239047
2.133,3.17501,-0.183736,-0.0963206,0.594578,0.253700000000023,-1.90800000000012,-0.0375014,0.238284
2.134,3.17492,-0.183142,-0.0960674,0.592677,0.253200000000037,-1.90100000000025,-0.0374055,0.237522
2.135,3.17482,-0.18255,-0.0958147,0.590781,0.252700000000022,-1.89600000000022,-0.0373097,0.236763
2.136,3.17473,-0.18196,-0.0955624,0.588891,0.252299999999913,-1.88999999999932,-0.037214,0.236006
2.137,3.17463,-0.181372,-0.0953107,0.587007,0.251700000000035,-1.88400000000032,-0.0371186,0.235252
2.138,3.17454,-0.180786,-0.0950595,0.585128,0.251200000000021,-1.87900000000017,-0.0370233,0.2345
2.139,3.17444,-0.180202,-0.0948088,0.583256,0.250700000000034,-1.87200000000019,-0.0369282,0.23375
2.14,3.17435,-0.17962,-0.0945586,0.581389,0.250199999999909,-1.86699999999933,-0.0368333,0.233003
2.141,3.17425,-0.179039,-0.0943089,0.579528,0.249700000000033,-1.86100000000021,-0.0367385,0.232258
2.142,3.17416,-0.178461,-0.0940597,0.577673,0.249200000000032,-1.85500000000026,-0.0366439,0.231515
2.143,3.17406,-0.177884,-0.093811,0.575824,0.248700000000018,-1.84900000000019,-0.0365495,0.230775
2.144,3.17397,-0.177309,-0.0935628,0.57398,0.248199999999921,-1.84399999999934,-0.0364552,0.230036
2.145,3.17388,-0.176736,-0.0933151,0.572143,0.247700000000031,-1.83700000000029,-0.0363612,0.229301
2.146,3.17378,-0.176165,-0.0930679,0.570311,0.24720000000003,-1.83200000000015,-0.0362673,0.228567
2.147,3.17369,-0.175596,-0.0928212,0.568484,0.246700000000016,-1.82700000000022,-0.0361736,0.227836
2.148,3.1736,-0.175028,-0.092575,0.566664,0.24619999999992,-1.81999999999944,-0.03608,0.227107
2.149,3.17351,-0.174462,-0.0923294,0.564849,0.245600000000026,-1.8150000000001,-0.0359867,0.22638
2.15,3.17341,-0.173898,-0.0920842,0.563039,0.245200000000028,-1.81000000000029,-0.0358935,0.225655
2.151,3.17332,-0.173336,-0.0918395,0.561236,0.244700000000027,-1.8030000000002,-0.0358004,0.224933
2.152,3.17323,-0.172776,-0.0915953,0.559437,0.244199999999918,-1.79899999999939,-0.0357076,0.224213
2.153,3.17314,-0.172217,-0.0913517,0.557645,0.243600000000037,-1.79200000000021,-0.0356149,0.223495
2.154,3.17305,-0.171661,-0.0911085,0.555858,0.243200000000026,-1.78700000000018,-0.0355224,0.22278
2.155,3.17296,-0.171106,-0.0908659,0.554077,0.242600000000022,-1.78100000000012,-0.0354301,0.222066
2.156,3.17287,-0.170552,-0.0906237,0.552301,0.242199999999917,-1.77599999999941,-0.035338,0.221355
2.157,3.17277,-0.170001,-0.0903821,0.550531,0.241600000000021,-1.77000000000024,-0.035246,0.220646
2.158,3.17268,-0.169451,-0.090141,0.548766,0.241100000000034,-1.76500000000021,-0.0351543,0.219939
2.159,3.17259,-0.168904,-0.0899003,0.547007,0.240700000000023,-1.75900000000015,-0.0350626,0.219235
2.16,3.1725,-0.168357,-0.0896602,0.545253,0.240099999999927,-1.75399999999945,-0.0349712,0.218533
2.161,3.17242,-0.167813,-0.0894206,0.543505,0.239600000000019,-1.74800000000016,-0.03488,0.217832
2.162,3.17233,-0.16727,-0.0891815,0.541762,0.239100000000032,-1.74300000000024,-0.0347889,0.217135
2.163,3.17224,-0.16673,-0.0889429,0.540025,0.238600000000018,-1.73700000000018,-0.034698,0.216439
2.164,3.17215,-0.16619,-0.0887048,0.538293,0.238099999999925,-1.73199999999938,-0.0346073,0.215745
2.165,3.17206,-0.165653,-0.0884672,0.536567,0.237600000000031,-1.7260000000002,-0.0345167,0.215054
2.166,3.17197,-0.165117,-0.0882301,0.534846,0.237100000000016,-1.72100000000016,-0.0344264,0.214364
2.167,3.17188,-0.164583,-0.0879935,0.53313,0.23660000000003,-1.71600000000024,-0.0343362,0.213677
2.168,3.1718,-0.164051,-0.0877574,0.53142,0.236099999999924,-1.70999999999942,-0.0342462,0.212992
2.169,3.17171,-0.16352,-0.0875219,0.529715,0.235500000000025,-1.70500000000014,-0.0341564,0.212309
2.17,3.17162,-0.162992,-0.0872868,0.528015,0.235100000000028,-1.70000000000022,-0.0340667,0.211629
2.171,3.17153,-0.162464,-0.0870522,0.526321,0.234600000000027,-1.69400000000016,-0.0339773,0.21095
2.172,3.17145,-0.161939,-0.0868182,0.524632,0.23399999999992,-1.68899999999949,-0.033888,0.210274
2.173,3.17136,-0.161415,-0.0865846,0.522949,0.233600000000026,-1.68300000000018,-0.0337989,0.209599
2.174,3.17127,-0.160893,-0.0863516,0.52127,0.233000000000023,-1.67900000000017,-0.0337099,0.208927
2.175,3.17119,-0.160373,-0.086119,0.519597,0.232600000000025,-1.67300000000022,-0.0336212,0.208257
2.176,3.1711,-0.159854,-0.085887,0.517929,0.231999999999919,-1.66799999999945,-0.0335326,0.207589
2.177,3.17101,-0.159337,-0.0856555,0.516267,0.231500000000035,-1.66200000000012,-0.0334442,0.206923
2.178,3.17093,-0.158821,-0.0854245,0.514609,0.231000000000021,-1.65800000000023,-0.033356,0.206259
2.179,3.17084,-0.158308,-0.0851939,0.512957,0.230600000000023,-1.65200000000017,-0.033268,0.205597
2.18,3.17076,-0.157795,-0.0849639,0.51131,0.229999999999931,-1.6469999999994,-0.0331801,0.204938
2.181,3.17067,-0.157285,-0.0847344,0.509668,0.229500000000019,-1.64200000000021,-0.0330925,0.20428
2.182,3.17059,-0.156776,-0.0845054,0.508031,0.229000000000032,-1.63700000000018,-0.033005,0.203624
2.183,3.1705,-0.156269,-0.0842769,0.5064,0.228500000000018,-1.63100000000023,-0.0329176,0.202971
2.184,3.17042,-0.155763,-0.0840489,0.504773,0.22799999999993,-1.62699999999939,-0.0328305,0.202319
2.185,3.17034,-0.155259,-0.0838214,0.503152,0.227500000000017,-1.62100000000016,-0.0327436,0.20167
2.186,3.17025,-0.154757,-0.0835944,0.501536,0.22700000000003,-1.61600000000024,-0.0326568,0.201022
2.187,3.17017,-0.154256,-0.0833679,0.499925,0.226500000000029,-1.61100000000015,-0.0325702,0.200377
2.188,3.17009,-0.153757,-0.083142,0.498319,0.225899999999926,-1.60599999999946,-0.0324838,0.199734
2.189,3.17,-0.15326,-0.0829165,0.496718,0.225500000000014,-1.6010000000002,-0.0323975,0.199092
2.19,3.16992,-0.152764,-0.0826915,0.495122,0.225000000000028,-1.59600000000016,-0.0323115,0.198453
2.191,3.16984,-0.152269,-0.082467,0.493531,0.224500000000027,-1.59100000000018,-0.0322256,0.197816
2.192,3.16976,-0.151777,-0.0822431,0.491945,0.223899999999924,-1.58599999999945,-0.0321399,0.19718
2.193,3.16967,-0.151286,-0.0820196,0.490364,0.223500000000026,-1.58100000000017,-0.0320544,0.196547
2.194,3.16959,-0.150796,-0.0817966,0.488788,0.223000000000026,-1.5760000000002,-0.0319691,0.195916
2.195,3.16951,-0.150308,-0.0815741,0.487217,0.222500000000025,-1.57100000000016,-0.0318839,0.195286
2.196,3.16943,-0.149822,-0.0813522,0.485651,0.221899999999923,-1.56599999999949,-0.031799,0.194659
2.197,3.16935,-0.149337,-0.0811307,0.484089,0.221500000000024,-1.56200000000018,-0.0317142,0.194033
2.198,3.16927,-0.148853,-0.0809097,0.482533,0.221000000000023,-1.55600000000017,-0.0316295,0.19341
2.199,3.16919,-0.148372,-0.0806893,0.480982,0.22040000000002,-1.55100000000014,-0.0315451,0.192788
2.2,3.1691,-0.147891,-0.0804693,0.479435,0.219999999999938,-1.5469999999995,-0.0314609,0.192169
2.201,3.16902,-0.147413,-0.0802498,0.477894,0.219500000000022,-1.54100000000018,-0.0313768,0.191551
2.202,3.16894,-0.146936,-0.0800309,0.476357,0.218900000000018,-1.53700000000018,-0.0312929,0.190936
2.203,3.16886,-0.14646,-0.0798124,0.474825,0.218500000000021,-1.53200000000015,-0.0312092,0.190322
2.204,3.16878,-0.145986,-0.0795944,0.473298,0.217999999999937,-1.52699999999949,-0.0311256,0.18971
2.205,3.16871,-0.145514,-0.0793769,0.471776,0.217500000000019,-1.52200000000019,-0.0310423,0.1891
2.206,3.16863,-0.145043,-0.07916,0.470259,0.21690000000003,-1.51700000000016,-0.0309591,0.188492
2.207,3.16855,-0.144573,-0.0789435,0.468746,0.216500000000018,-1.51300000000015,-0.0308761,0.187886
2.208,3.16847,-0.144105,-0.0787275,0.467238,0.215999999999922,-1.50799999999951,-0.0307933,0.187282
2.209,3.16839,-0.143639,-0.078512,0.465735,0.215500000000031,-1.50300000000014,-0.0307107,0.18668
2.21,3.16831,-0.143174,-0.078297,0.464237,0.215000000000017,-1.49800000000016,-0.0306282,0.18608
2.211,3.16823,-0.14271,-0.0780825,0.462743,0.21450000000003,-1.49400000000016,-0.0305459,0.185481
2.212,3.16815,-0.142248,-0.0778685,0.461254,0.213999999999934,-1.48899999999952,-0.0304638,0.184885
2.213,3.16808,-0.141788,-0.077655,0.45977,0.213500000000015,-1.48400000000015,-0.0303819,0.18429
2.214,3.168,-0.141329,-0.077442,0.458291,0.213000000000028,-1.47900000000017,-0.0303002,0.183698
2.215,3.16792,-0.140871,-0.0772295,0.456816,0.212500000000014,-1.47500000000017,-0.0302186,0.183107
2.216,3.16785,-0.140415,-0.0770174,0.455346,0.212099999999936,-1.46999999999954,-0.0301373,0.182518
2.217,3.16777,-0.13996,-0.0768059,0.45388,0.211500000000027,-1.46600000000013,-0.0300561,0.18193
2.218,3.16769,-0.139507,-0.0765949,0.452419,0.211000000000026,-1.46100000000015,-0.029975,0.181345
2.219,3.16762,-0.139055,-0.0763843,0.450963,0.210600000000015,-1.45600000000017,-0.0298942,0.180762
2.22,3.16754,-0.138605,-0.0761743,0.449511,0.209999999999932,-1.45199999999952,-0.0298135,0.18018
2.221,3.16746,-0.138156,-0.0759647,0.448064,0.209600000000027,-1.44700000000014,-0.029733,0.1796
2.222,3.16739,-0.137709,-0.0757556,0.446622,0.209100000000013,-1.44200000000016,-0.0296527,0.179022
2.223,3.16731,-0.137263,-0.075547,0.445184,0.208600000000026,-1.43800000000015,-0.0295726,0.178446
2.224,3.16724,-0.136819,-0.0753389,0.44375,0.208099999999933,-1.43399999999957,-0.0294927,0.177872
2.225,3.16716,-0.136376,-0.0751313,0.442322,0.207600000000025,-1.42800000000014,-0.0294129,0.177299
2.226,3.16709,-0.135934,-0.0749242,0.440897,0.207100000000025,-1.42500000000017,-0.0293333,0.176729
2.227,3.16701,-0.135494,-0.0747176,0.439478,0.206600000000024,-1.41900000000016,-0.0292539,0.17616
2.228,3.16694,-0.135055,-0.0745114,0.438062,0.206199999999921,-1.4159999999995,-0.0291746,0.175593
2.229,3.16686,-0.134618,-0.0743058,0.436651,0.205600000000023,-1.41100000000015,-0.0290956,0.175027
2.23,3.16679,-0.134182,-0.0741006,0.435245,0.205200000000025,-1.40600000000017,-0.0290167,0.174464
2.231,3.16671,-0.133747,-0.0738959,0.433843,0.204700000000025,-1.40200000000017,-0.028938,0.173902
2.232,3.16664,-0.133314,-0.0736917,0.432446,0.204199999999933,-1.39699999999952,-0.0288595,0.173342
2.233,3.16657,-0.132882,-0.073488,0.431053,0.203700000000024,-1.39300000000013,-0.0287811,0.172784
2.234,3.16649,-0.132452,-0.0732847,0.429664,0.203300000000026,-1.38900000000018,-0.028703,0.172227
2.235,3.16642,-0.132023,-0.073082,0.42828,0.202700000000022,-1.38400000000015,-0.028625,0.171673
2.236,3.16635,-0.131596,-0.0728797,0.4269,0.202299999999921,-1.37999999999953,-0.0285471,0.17112
2.237,3.16627,-0.131169,-0.0726779,0.425525,0.201800000000024,-1.37500000000017,-0.0284695,0.170569
2.238,3.1662,-0.130745,-0.0724766,0.424154,0.201300000000024,-1.37100000000016,-0.028392,0.170019
2.239,3.16613,-0.130321,-0.0722758,0.422787,0.200800000000023,-1.3670000000001,-0.0283148,0.169472
2.24,3.16606,-0.129899,-0.0720755,0.421425,0.200299999999934,-1.36199999999958,-0.0282376,0.168926
2.241,3.16598,-0.129478,-0.0718756,0.420067,0.199900000000025,-1.35800000000012,-0.0281607,0.168382
2.242,3.16591,-0.129059,-0.0716762,0.418713,0.199400000000024,-1.35400000000017,-0.0280839,0.167839
2.243,3.16584,-0.128641,-0.0714773,0.417363,0.198900000000024,-1.35000000000017,-0.0280074,0.167298
2.244,3.16577,-0.128224,-0.0712789,0.416018,0.198399999999921,-1.34499999999954,-0.027931,0.166759
2.245,3.1657,-0.127809,-0.071081,0.414677,0.197900000000023,-1.34100000000013,-0.0278547,0.166222
2.246,3.16563,-0.127395,-0.0708835,0.413341,0.197500000000025,-1.33600000000015,-0.0277787,0.165686
2.247,3.16556,-0.126982,-0.0706865,0.412008,0.197000000000024,-1.33300000000018,-0.0277028,0.165152
2.248,3.16549,-0.126571,-0.07049,0.41068,0.196499999999937,-1.32799999999955,-0.0276271,0.16462
2.249,3.16542,-0.126161,-0.0702939,0.409356,0.196100000000012,-1.32400000000014,-0.0275516,0.16409
2.25,3.16535,-0.125752,-0.0700984,0.408037,0.195500000000023,-1.31900000000016,-0.0274762,0.163561
2.251,3.16528,-0.125345,-0.0699033,0.406721,0.195100000000025,-1.31600000000013,-0.027401,0.163034
2.252,3.16521,-0.124939,-0.0697087,0.40541,0.194600000000025,-1.31100000000015,-0.027326,0.162508
2.253,3.16514,-0.124534,-0.0695145,0.404102,0.194199999999927,-1.30799999999954,-0.0272512,0.161984
2.254,3.16507,-0.12413,-0.0693208,0.402799,0.193700000000026,-1.30300000000014,-0.0271765,0.161462
2.255,3.165,-0.123728,-0.0691276,0.401501,0.193200000000026,-1.29800000000016,-0.027102,0.160942
2.256,3.16493,-0.123327,-0.0689349,0.400206,0.192700000000025,-1.29500000000013,-0.0270277,0.160423
2.257,3.16486,-0.122928,-0.0687426,0.398915,0.192299999999928,-1.29099999999956,-0.0269536,0.159906
2.258,3.16479,-0.12253,-0.0685509,0.397629,0.191700000000024,-1.28600000000015,-0.0268796,0.15939
2.259,3.16472,-0.122133,-0.0683595,0.396346,0.191400000000015,-1.28300000000018,-0.0268058,0.158876
2.26,3.16465,-0.121737,-0.0681687,0.395068,0.190800000000026,-1.27800000000014,-0.0267322,0.158364
2.261,3.16459,-0.121343,-0.0679783,0.393794,0.19039999999993,-1.27399999999957,-0.0266588,0.157853
2.262,3.16452,-0.120949,-0.0677884,0.392523,0.189900000000028,-1.27100000000011,-0.0265855,0.157344
2.263,3.16445,-0.120557,-0.0675989,0.391257,0.189500000000016,-1.26600000000013,-0.0265124,0.156837
2.264,3.16438,-0.120167,-0.0674099,0.389995,0.189000000000029,-1.26200000000018,-0.0264395,0.156331
2.265,3.16432,-0.119778,-0.0672214,0.388737,0.188499999999931,-1.25799999999956,-0.0263667,0.155827
2.266,3.16425,-0.119389,-0.0670333,0.387483,0.188100000000017,-1.25400000000012,-0.0262941,0.155324
2.267,3.16418,-0.119003,-0.0668457,0.386233,0.187600000000031,-1.25000000000017,-0.0262217,0.154823
2.268,3.16412,-0.118617,-0.0666586,0.384986,0.187100000000016,-1.24700000000014,-0.0261495,0.154324
2.269,3.16405,-0.118233,-0.0664719,0.383744,0.186699999999936,-1.24199999999961,-0.0260774,0.153826
2.27,3.16398,-0.117849,-0.0662857,0.382506,0.186200000000018,-1.2380000000001,-0.0260055,0.153329
2.271,3.16392,-0.117468,-0.0661,0.381272,0.185700000000017,-1.23400000000015,-0.0259338,0.152835
2.272,3.16385,-0.117087,-0.0659147,0.380041,0.18530000000002,-1.23100000000012,-0.0258622,0.152342
2.273,3.16378,-0.116708,-0.0657298,0.378815,0.18489999999994,-1.2259999999996,-0.0257909,0.15185
2.274,3.16372,-0.116329,-0.0655455,0.377593,0.184300000000019,-1.22200000000014,-0.0257196,0.15136
2.275,3.16365,-0.115952,-0.0653615,0.376374,0.184000000000024,-1.21900000000016,-0.0256486,0.150872
2.276,3.16359,-0.115577,-0.0651781,0.375159,0.18340000000002,-1.2150000000001,-0.0255777,0.150385
2.277,3.16352,-0.115202,-0.0649951,0.373948,0.182999999999941,-1.21099999999961,-0.025507,0.1499
2.278,3.16346,-0.114829,-0.0648125,0.372741,0.182600000000025,-1.20700000000015,-0.0254365,0.149416
2.279,3.16339,-0.114457,-0.0646304,0.371538,0.182100000000011,-1.20300000000014,-0.0253661,0.148934
2.28,3.16333,-0.114086,-0.0644488,0.370339,0.181600000000024,-1.19900000000014,-0.0252959,0.148453
2.281,3.16326,-0.113716,-0.0642676,0.369143,0.181199999999946,-1.19599999999958,-0.0252259,0.147974
2.282,3.1632,-0.113347,-0.0640869,0.367952,0.180700000000012,-1.19100000000013,-0.025156,0.147496
2.283,3.16314,-0.11298,-0.0639066,0.366764,0.180300000000028,-1.18800000000015,-0.0250863,0.14702
2.284,3.16307,-0.112614,-0.0637268,0.36558,0.179800000000014,-1.18400000000009,-0.0250168,0.146546
2.285,3.16301,-0.112249,-0.0635474,0.364399,0.179399999999936,-1.18099999999965,-0.0249474,0.146073
2.286,3.16295,-0.111885,-0.0633685,0.363223,0.178900000000029,-1.17600000000008,-0.0248783,0.145601
2.287,3.16288,-0.111522,-0.06319,0.36205,0.178500000000018,-1.17300000000016,-0.0248092,0.145131
2.288,3.16282,-0.111161,-0.063012,0.360881,0.178000000000017,-1.1690000000001,-0.0247404,0.144663
2.289,3.16276,-0.110801,-0.0628344,0.359716,0.177599999999941,-1.16499999999964,-0.0246717,0.144195
2.29,3.16269,-0.110441,-0.0626572,0.358554,0.177200000000022,-1.16200000000012,-0.0246032,0.14373
2.291,3.16263,-0.110084,-0.0624805,0.357396,0.176700000000014,-1.15800000000012,-0.0245348,0.143266
2.292,3.16257,-0.109727,-0.0623043,0.356242,0.176200000000021,-1.15400000000012,-0.0244666,0.142803
2.293,3.16251,-0.109371,-0.0621285,0.355092,0.175799999999938,-1.1499999999996,-0.0243986,0.142342
2.294,3.16244,-0.109017,-0.0619531,0.353945,0.175400000000025,-1.14700000000014,-0.0243307,0.141883
2.295,3.16238,-0.108663,-0.0617782,0.352802,0.174900000000018,-1.14300000000013,-0.024263,0.141424
2.296,3.16232,-0.108311,-0.0616038,0.351662,0.174400000000017,-1.14000000000016,-0.0241955,0.140968
2.297,3.16226,-0.10796,-0.0614297,0.350526,0.174099999999945,-1.13599999999959,-0.0241282,0.140512
2.298,3.1622,-0.10761,-0.0612561,0.349394,0.173600000000015,-1.13200000000015,-0.024061,0.140059
2.299,3.16214,-0.107261,-0.061083,0.348266,0.173100000000021,-1.12800000000009,-0.0239939,0.139606
2.3,3.16208,-0.106913,-0.0609103,0.347141,0.172700000000017,-1.12500000000017,-0.0239271,0.139155
2.301,3.16201,-0.106567,-0.060738,0.346019,0.172299999999943,-1.12199999999958,-0.0238604,0.138706
2.302,3.16195,-0.106221,-0.0605662,0.344901,0.171800000000019,-1.11800000000013,-0.0237938,0.138258
2.303,3.16189,-0.105877,-0.0603948,0.343787,0.171400000000021,-1.11400000000013,-0.0237274,0.137811
2.304,3.16183,-0.105534,-0.0602238,0.342677,0.171000000000016,-1.11000000000012,-0.0236612,0.137366
2.305,3.16177,-0.105192,-0.0600533,0.341569,0.170499999999947,-1.10799999999963,-0.0235952,0.136922
2.306,3.16171,-0.104851,-0.0598832,0.340466,0.170100000000018,-1.10300000000014,-0.0235293,0.13648
2.307,3.16165,-0.104511,-0.0597135,0.339366,0.169700000000014,-1.10000000000011,-0.0234636,0.136039
2.308,3.16159,-0.104172,-0.0595443,0.338269,0.16920000000002,-1.09700000000014,-0.023398,0.1356
2.309,3.16153,-0.103834,-0.0593755,0.337176,0.168799999999947,-1.09299999999965,-0.0233326,0.135161
2.31,3.16147,-0.103498,-0.0592072,0.336087,0.168300000000015,-1.08900000000007,-0.0232673,0.134725
2.311,3.16142,-0.103162,-0.0590392,0.335001,0.16800000000002,-1.08600000000015,-0.0232023,0.134289
2.312,3.16136,-0.102828,-0.0588717,0.333918,0.167500000000019,-1.08300000000012,-0.0231373,0.133856
2.313,3.1613,-0.102494,-0.0587047,0.332839,0.166999999999945,-1.07899999999964,-0.0230726,0.133423
2.314,3.16124,-0.102162,-0.058538,0.331763,0.166700000000017,-1.07600000000014,-0.023008,0.132992
2.315,3.16118,-0.101831,-0.0583718,0.330691,0.166200000000017,-1.07200000000008,-0.0229436,0.132562
2.316,3.16112,-0.101501,-0.058206,0.329623,0.165800000000019,-1.06800000000013,-0.0228793,0.132134
2.317,3.16106,-0.101171,-0.0580406,0.328557,0.165399999999948,-1.06599999999966,-0.0228152,0.131707
2.318,3.16101,-0.100843,-0.0578757,0.327495,0.164900000000014,-1.06200000000012,-0.0227512,0.131281
2.319,3.16095,-0.100516,-0.0577112,0.326437,0.164500000000023,-1.05800000000012,-0.0226874,0.130857
2.32,3.16089,-0.100191,-0.0575471,0.325382,0.164100000000018,-1.05500000000009,-0.0226238,0.130434
2.321,3.16083,-0.0998657,-0.0573834,0.32433,0.163699999999941,-1.05199999999965,-0.0225603,0.130012
2.322,3.16078,-0.0995419,-0.0572202,0.323281,0.16320000000002,-1.04900000000014,-0.022497,0.129592
2.323,3.16072,-0.0992191,-0.0570574,0.322236,0.162800000000016,-1.04500000000008,-0.0224338,0.129173
2.324,3.16066,-0.0988974,-0.056895,0.321195,0.162400000000018,-1.04100000000013,-0.0223708,0.128756
2.325,3.16061,-0.0985768,-0.056733,0.320156,0.161999999999948,-1.03899999999967,-0.022308,0.128339
2.326,3.16055,-0.0982571,-0.0565714,0.319121,0.161600000000016,-1.03500000000012,-0.0222453,0.127924
2.327,3.16049,-0.0979385,-0.0564103,0.31809,0.161100000000022,-1.03100000000012,-0.0221828,0.127511
2.328,3.16044,-0.097621,-0.0562495,0.317061,0.160800000000013,-1.02900000000012,-0.0221204,0.127099
2.329,3.16038,-0.0973044,-0.0560892,0.316036,0.160299999999949,-1.02499999999966,-0.0220582,0.126688
2.33,3.16032,-0.0969889,-0.0559293,0.315014,0.159900000000015,-1.02200000000008,-0.0219961,0.126278
2.331,3.16027,-0.0966744,-0.0557699,0.313996,0.159400000000022,-1.01800000000013,-0.0219342,0.12587
2.332,3.16021,-0.0963609,-0.0556108,0.312981,0.159100000000013,-1.0150000000001,-0.0218725,0.125463
2.333,3.16016,-0.0960484,-0.0554521,0.311969,0.158699999999952,-1.01199999999968,-0.0218109,0.125057
2.334,3.1601,-0.095737,-0.0552939,0.31096,0.158200000000015,-1.00900000000009,-0.0217494,0.124653
2.335,3.16005,-0.0954265,-0.0551361,0.309954,0.157800000000017,-1.00600000000012,-0.0216881,0.12425
2.336,3.15999,-0.0951171,-0.0549786,0.308952,0.157500000000015,-1.00200000000011,-0.021627,0.123848
2.337,3.15994,-0.0948086,-0.0548216,0.307953,0.156999999999952,-0.998999999999694,-0.021566,0.123448
2.338,3.15988,-0.0945012,-0.054665,0.306957,0.156600000000017,-0.996000000000107,-0.0215052,0.123048
2.339,3.15983,-0.0941947,-0.0545088,0.305964,0.156200000000012,-0.993000000000075,-0.0214446,0.122651
2.34,3.15977,-0.0938893,-0.054353,0.304975,0.155800000000022,-0.989000000000127,-0.0213841,0.122254
2.341,3.15972,-0.0935848,-0.0541977,0.303988,0.155299999999945,-0.986999999999686,-0.0213237,0.121859
2.342,3.15966,-0.0932813,-0.0540427,0.303005,0.155000000000019,-0.983000000000064,-0.0212635,0.121464
2.343,3.15961,-0.0929788,-0.0538881,0.302025,0.154600000000015,-0.980000000000144,-0.0212034,0.121072
2.344,3.15956,-0.0926772,-0.053734,0.301048,0.154100000000021,-0.977000000000113,-0.0211435,0.12068
2.345,3.1595,-0.0923767,-0.0535802,0.300075,0.153799999999944,-0.972999999999677,-0.0210838,0.12029
2.346,3.15945,-0.0920771,-0.0534268,0.299104,0.153400000000015,-0.971000000000107,-0.0210242,0.119901
2.347,3.1594,-0.0917785,-0.0532739,0.298136,0.152900000000021,-0.968000000000075,-0.0209648,0.119513
2.348,3.15934,-0.0914808,-0.0531213,0.297172,0.152600000000013,-0.964000000000127,-0.0209055,0.119126
2.349,3.15929,-0.0911841,-0.0529692,0.296211,0.152099999999951,-0.960999999999669,-0.0208463,0.118741
2.35,3.15924,-0.0908884,-0.0528174,0.295253,0.151800000000017,-0.95800000000012,-0.0207874,0.118357
2.351,3.15918,-0.0905936,-0.0526661,0.294297,0.151300000000017,-0.956000000000118,-0.0207285,0.117974
2.352,3.15913,-0.0902998,-0.0525151,0.293345,0.151000000000015,-0.952000000000058,-0.0206698,0.117592
2.353,3.15908,-0.090007,-0.0523646,0.292396,0.150499999999955,-0.948999999999716,-0.0206113,0.117212
2.354,3.15903,-0.089715,-0.0522144,0.29145,0.150200000000013,-0.946000000000107,-0.0205529,0.116833
2.355,3.15897,-0.0894241,-0.0520646,0.290507,0.149800000000015,-0.943000000000075,-0.0204947,0.116455
2.356,3.15892,-0.089134,-0.0519153,0.289568,0.149300000000021,-0.939000000000127,-0.0204366,0.116078
2.357,3.15887,-0.0888449,-0.0517663,0.288631,0.148999999999947,-0.936999999999653,-0.0203786,0.115702
2.358,3.15882,-0.0885568,-0.0516177,0.287697,0.148600000000015,-0.934000000000149,-0.0203209,0.115328
2.359,3.15877,-0.0882695,-0.0514695,0.286766,0.148200000000017,-0.931000000000062,-0.0202632,0.114955
2.36,3.15872,-0.0879832,-0.0513217,0.285838,0.14780000000002,-0.928000000000142,-0.0202057,0.114583
2.361,3.15866,-0.0876979,-0.0511743,0.284913,0.14739999999995,-0.924999999999645,-0.0201484,0.114212
2.362,3.15861,-0.0874134,-0.0510272,0.283991,0.147100000000013,-0.922000000000135,-0.0200912,0.113843
2.363,3.15856,-0.0871299,-0.0508806,0.283072,0.14660000000002,-0.919000000000104,-0.0200341,0.113474
2.364,3.15851,-0.0868473,-0.0507344,0.282156,0.146200000000015,-0.916000000000073,-0.0199772,0.113107
2.365,3.15846,-0.0865656,-0.0505885,0.281243,0.145899999999949,-0.912999999999692,-0.0199205,0.112741
2.366,3.15841,-0.0862848,-0.050443,0.280333,0.145500000000016,-0.910000000000122,-0.0198639,0.112376
2.367,3.15836,-0.0860049,-0.0502979,0.279426,0.145100000000018,-0.907000000000091,-0.0198074,0.112012
2.368,3.15831,-0.085726,-0.0501532,0.278522,0.144700000000014,-0.904000000000115,-0.0197511,0.11165
2.369,3.15826,-0.0854479,-0.0500089,0.27762,0.144299999999952,-0.901999999999713,-0.0196949,0.111289
2.37,3.15821,-0.0851707,-0.049865,0.276722,0.143900000000018,-0.898000000000053,-0.0196389,0.110928
2.371,3.15816,-0.0848945,-0.0497214,0.275826,0.143600000000017,-0.896000000000107,-0.019583,0.110569
2.372,3.15811,-0.0846191,-0.0495783,0.274933,0.143100000000016,-0.893000000000131,-0.0195273,0.110212
2.373,3.15806,-0.0843446,-0.0494355,0.274044,0.142799999999951,-0.888999999999676,-0.0194717,0.109855
2.374,3.15801,-0.084071,-0.0492931,0.273157,0.142400000000017,-0.887000000000124,-0.0194162,0.109499
2.375,3.15796,-0.0837983,-0.049151,0.272273,0.142100000000015,-0.884000000000093,-0.0193609,0.109145
2.376,3.15791,-0.0835265,-0.0490094,0.271391,0.141600000000014,-0.882000000000091,-0.0193058,0.108792
2.377,3.15786,-0.0832555,-0.0488681,0.270513,0.141300000000019,-0.878000000000087,-0.0192507,0.108439
2.378,3.15782,-0.0829854,-0.0487272,0.269637,0.140899999999952,-0.875999999999695,-0.0191959,0.108088
2.379,3.15777,-0.0827162,-0.0485867,0.268764,0.140500000000017,-0.873000000000109,-0.0191411,0.107739
2.38,3.15772,-0.0824479,-0.0484465,0.267894,0.140200000000009,-0.870000000000078,-0.0190865,0.10739
2.381,3.15767,-0.0821805,-0.0483068,0.267027,0.139700000000022,-0.867000000000102,-0.0190321,0.107042
2.382,3.15762,-0.0819139,-0.0481674,0.266163,0.139399999999951,-0.863999999999743,-0.0189778,0.106696
2.383,3.15757,-0.0816481,-0.0480283,0.265301,0.139100000000011,-0.862000000000069,-0.0189236,0.10635
2.384,3.15753,-0.0813833,-0.0478897,0.264442,0.138600000000018,-0.859000000000093,-0.0188696,0.106006
2.385,3.15748,-0.0811193,-0.0477514,0.263586,0.138300000000016,-0.856000000000118,-0.0188157,0.105663
2.386,3.15743,-0.0808561,-0.0476135,0.262733,0.13789999999995,-0.852999999999708,-0.018762,0.105321
2.387,3.15738,-0.0805938,-0.0474759,0.261882,0.137600000000017,-0.851000000000084,-0.0187084,0.10498
2.388,3.15734,-0.0803323,-0.0473387,0.261034,0.137200000000019,-0.848000000000109,-0.0186549,0.10464
2.389,3.15729,-0.0800717,-0.0472019,0.260189,0.136800000000014,-0.845000000000078,-0.0186016,0.104301
2.39,3.15724,-0.079812,-0.0470655,0.259347,0.136399999999949,-0.841999999999728,-0.0185484,0.103963
2.391,3.15719,-0.0795531,-0.0469294,0.258507,0.136100000000015,-0.8400000000001,-0.0184954,0.103627
2.392,3.15715,-0.079295,-0.0467937,0.25767,0.135700000000017,-0.837000000000069,-0.0184425,0.103291
2.393,3.1571,-0.0790377,-0.0466584,0.256836,0.135300000000013,-0.834000000000093,-0.0183897,0.102957
2.394,3.15705,-0.0787813,-0.0465234,0.256004,0.134999999999958,-0.831999999999722,-0.0183371,0.102623
2.395,3.15701,-0.0785257,-0.0463888,0.255175,0.134600000000013,-0.829000000000115,-0.0182846,0.102291
2.396,3.15696,-0.078271,-0.0462545,0.254349,0.134300000000019,-0.826000000000084,-0.0182323,0.10196
2.397,3.15691,-0.078017,-0.0461206,0.253525,0.133900000000014,-0.824000000000082,-0.0181801,0.10163
2.398,3.15687,-0.0777639,-0.0459871,0.252704,0.13349999999995,-0.820999999999742,-0.018128,0.1013
2.399,3.15682,-0.0775116,-0.0458539,0.251886,0.133200000000015,-0.818000000000075,-0.0180761,0.100972
2.4,3.15678,-0.0772601,-0.0457211,0.25107,0.132800000000017,-0.816000000000073,-0.0180243,0.100645
2.401,3.15673,-0.0770095,-0.0455886,0.250257,0.132500000000015,-0.813000000000098,-0.0179726,0.100319
2.402,3.15669,-0.0767596,-0.0454565,0.249447,0.132099999999959,-0.809999999999735,-0.0179211,0.0999946
2.403,3.15664,-0.0765106,-0.0453248,0.248639,0.131700000000013,-0.808000000000092,-0.0178697,0.0996708
2.404,3.1566,-0.0762624,-0.0451934,0.247834,0.131400000000011,-0.805000000000089,-0.0178184,0.099348
2.405,3.15655,-0.0760149,-0.0450623,0.247031,0.131100000000016,-0.803000000000087,-0.0177673,0.0990262
2.406,3.15651,-0.0757683,-0.0449317,0.246231,0.130599999999958,-0.799999999999728,-0.0177163,0.0987055
2.407,3.15646,-0.0755225,-0.0448013,0.245434,0.13040000000001,-0.79700000000008,-0.0176655,0.0983858
2.408,3.15642,-0.0752774,-0.0446714,0.244639,0.129900000000017,-0.795000000000105,-0.0176148,0.0980671
2.409,3.15637,-0.0750332,-0.0445417,0.243847,0.129700000000018,-0.792000000000074,-0.0175642,0.0977495
2.41,3.15633,-0.0747898,-0.0444125,0.243057,0.129199999999953,-0.789999999999749,-0.0175138,0.0974329
2.411,3.15628,-0.0745471,-0.0442835,0.24227,0.129000000000011,-0.787000000000069,-0.0174634,0.0971173
2.412,3.15624,-0.0743052,-0.044155,0.241485,0.128500000000018,-0.785000000000094,-0.0174133,0.0968027
2.413,3.15619,-0.0740641,-0.0440267,0.240703,0.128300000000012,-0.782000000000091,-0.0173632,0.0964892
2.414,3.15615,-0.0738238,-0.0438989,0.239923,0.127799999999962,-0.779999999999742,-0.0173133,0.0961766
2.415,3.15611,-0.0735843,-0.0437713,0.239146,0.127600000000013,-0.777000000000086,-0.0172635,0.0958651
2.416,3.15606,-0.0733455,-0.0436442,0.238371,0.127100000000012,-0.775000000000083,-0.0172139,0.0955545
2.417,3.15602,-0.0731075,-0.0435173,0.237599,0.126900000000013,-0.77200000000008,-0.0171644,0.095245
2.418,3.15598,-0.0728703,-0.0433908,0.23683,0.126499999999959,-0.768999999999735,-0.017115,0.0949364
2.419,3.15593,-0.0726339,-0.0432647,0.236062,0.126100000000011,-0.768000000000103,-0.0170657,0.0946289
2.42,3.15589,-0.0723982,-0.0431389,0.235298,0.125800000000016,-0.764000000000071,-0.0170166,0.0943223
2.421,3.15585,-0.0721633,-0.0430134,0.234536,0.125500000000014,-0.762000000000097,-0.0169676,0.0940168
2.422,3.1558,-0.0719292,-0.0428883,0.233776,0.125099999999961,-0.759999999999729,-0.0169188,0.0937122
2.423,3.15576,-0.0716958,-0.0427635,0.233018,0.124800000000008,-0.758000000000092,-0.01687,0.0934086
2.424,3.15572,-0.0714631,-0.0426391,0.232264,0.124400000000017,-0.754000000000088,-0.0168214,0.093106
2.425,3.15567,-0.0712312,-0.042515,0.231511,0.124100000000016,-0.753000000000087,-0.016773,0.0928043
2.426,3.15563,-0.0710001,-0.0423912,0.230761,0.123799999999959,-0.74999999999975,-0.0167246,0.0925037
2.427,3.15559,-0.0707697,-0.0422678,0.230014,0.123400000000009,-0.74700000000008,-0.0166764,0.0922039
2.428,3.15555,-0.0705401,-0.0421447,0.229268,0.123100000000015,-0.746000000000079,-0.0166283,0.0919052
2.429,3.15551,-0.0703112,-0.0420219,0.228526,0.122800000000013,-0.742000000000074,-0.0165804,0.0916074
2.43,3.15546,-0.070083,-0.0418995,0.227785,0.122399999999961,-0.740999999999772,-0.0165325,0.0913106
2.431,3.15542,-0.0698556,-0.0417774,0.227047,0.122100000000013,-0.73800000000007,-0.0164848,0.0910148
2.432,3.15538,-0.0696289,-0.0416557,0.226312,0.121700000000016,-0.735000000000067,-0.0164373,0.0907199
2.433,3.15534,-0.069403,-0.0415342,0.225578,0.12150000000001,-0.734000000000093,-0.0163898,0.0904259
2.434,3.1553,-0.0691778,-0.0414132,0.224847,0.120999999999963,-0.730999999999765,-0.0163425,0.0901329
2.435,3.15526,-0.0689533,-0.0412924,0.224119,0.120800000000011,-0.728000000000059,-0.0162953,0.0898408
2.436,3.15521,-0.0687296,-0.041172,0.223393,0.120400000000013,-0.726000000000084,-0.0162483,0.0895497
2.437,3.15517,-0.0685065,-0.0410519,0.222669,0.120100000000011,-0.724000000000082,-0.0162013,0.0892595
2.438,3.15513,-0.0682842,-0.0409321,0.221947,0.119799999999963,-0.721999999999759,-0.0161545,0.0889703
2.439,3.15509,-0.0680626,-0.0408127,0.221228,0.119400000000012,-0.719000000000077,-0.0161078,0.088682
2.44,3.15505,-0.0678418,-0.0406936,0.220511,0.11910000000001,-0.717000000000074,-0.0160613,0.0883946
2.441,3.15501,-0.0676216,-0.0405748,0.219797,0.118800000000015,-0.714000000000099,-0.0160148,0.0881082
2.442,3.15497,-0.0674022,-0.0404563,0.219085,0.118499999999961,-0.711999999999753,-0.0159685,0.0878226
2.443,3.15493,-0.0671835,-0.0403382,0.218375,0.118100000000016,-0.710000000000067,-0.0159224,0.087538
2.444,3.15489,-0.0669654,-0.0402204,0.217667,0.117800000000007,-0.708000000000092,-0.0158763,0.0872543
2.445,3.15485,-0.0667481,-0.0401029,0.216962,0.117500000000019,-0.705000000000089,-0.0158304,0.0869716
2.446,3.15481,-0.0665315,-0.0399857,0.216259,0.117199999999959,-0.702999999999747,-0.0157845,0.0866897
2.447,3.15477,-0.0663156,-0.0398689,0.215558,0.116800000000013,-0.701000000000084,-0.0157389,0.0864088
2.448,3.15473,-0.0661004,-0.0397524,0.214859,0.116500000000011,-0.699000000000082,-0.0156933,0.0861287
2.449,3.15469,-0.0658859,-0.0396362,0.214163,0.11620000000001,-0.696000000000079,-0.0156478,0.0858496
2.45,3.15465,-0.0656721,-0.0395203,0.213469,0.115899999999963,-0.693999999999768,-0.0156025,0.0855713
2.451,3.15461,-0.065459,-0.0394047,0.212777,0.115600000000013,-0.692000000000074,-0.0155573,0.085294
2.452,3.15457,-0.0652465,-0.0392895,0.212088,0.115200000000015,-0.689000000000071,-0.0155123,0.0850176
2.453,3.15453,-0.0650348,-0.0391745,0.2114,0.11500000000001,-0.68800000000007,-0.0154673,0.084742
2.454,3.15449,-0.0648237,-0.0390599,0.210715,0.114599999999961,-0.684999999999762,-0.0154225,0.0844673
2.455,3.15445,-0.0646134,-0.0389456,0.210032,0.114300000000017,-0.683000000000092,-0.0153778,0.0841936
2.456,3.15441,-0.0644037,-0.0388317,0.209352,0.113900000000013,-0.680000000000061,-0.0153332,0.0839207
2.457,3.15438,-0.0641947,-0.038718,0.208673,0.113700000000007,-0.679000000000088,-0.0152887,0.0836486
2.458,3.15434,-0.0639863,-0.0386046,0.207997,0.113399999999962,-0.675999999999784,-0.0152444,0.0833775
2.459,3.1543,-0.0637787,-0.0384916,0.207323,0.113000000000014,-0.674000000000054,-0.0152001,0.0831073
2.46,3.15426,-0.0635717,-0.0383789,0.206651,0.112700000000013,-0.67200000000008,-0.015156,0.0828379
2.461,3.15422,-0.0633654,-0.0382665,0.205981,0.112400000000011,-0.670000000000078,-0.015112,0.0825694
2.462,3.15418,-0.0631597,-0.0381544,0.205313,0.112099999999966,-0.667999999999779,-0.0150682,0.0823017
2.463,3.15415,-0.0629548,-0.0380426,0.204648,0.111800000000008,-0.665000000000072,-0.0150244,0.0820349
2.464,3.15411,-0.0627504,-0.0379311,0.203984,0.111500000000013,-0.664000000000071,-0.0149808,0.081769
2.465,3.15407,-0.0625468,-0.0378199,0.203323,0.111200000000018,-0.661000000000068,-0.0149373,0.0815039
2.466,3.15403,-0.0623438,-0.037709,0.202664,0.11089999999996,-0.658999999999773,-0.0148939,0.0812397
2.467,3.15399,-0.0621415,-0.0375985,0.202007,0.110500000000012,-0.657000000000091,-0.0148506,0.0809764
2.468,3.15396,-0.0619398,-0.0374882,0.201352,0.110300000000013,-0.655000000000061,-0.0148074,0.0807139
2.469,3.15392,-0.0617388,-0.0373783,0.2007,0.109900000000008,-0.652000000000086,-0.0147644,0.0804522
2.47,3.15388,-0.0615384,-0.0372686,0.200049,0.109699999999968,-0.650999999999768,-0.0147215,0.0801914
2.471,3.15384,-0.0613387,-0.0371593,0.199401,0.109300000000012,-0.648000000000081,-0.0146787,0.0799314
2.472,3.15381,-0.0611396,-0.0370502,0.198754,0.109100000000013,-0.64700000000008,-0.014636,0.0796723
2.473,3.15377,-0.0609412,-0.0369415,0.19811,0.108700000000008,-0.644000000000049,-0.0145934,0.079414
2.474,3.15373,-0.0607434,-0.0368331,0.197468,0.108399999999965,-0.641999999999789,-0.0145509,0.0791565
2.475,3.1537,-0.0605462,-0.0367249,0.196828,0.108200000000015,-0.640000000000072,-0.0145086,0.0788999
2.476,3.15366,-0.0603497,-0.0366171,0.19619,0.10780000000001,-0.63800000000007,-0.0144664,0.0786441
2.477,3.15362,-0.0601539,-0.0365096,0.195554,0.107500000000008,-0.636000000000068,-0.0144242,0.0783891
2.478,3.15359,-0.0599586,-0.0364023,0.19492,0.107299999999969,-0.633999999999784,-0.0143822,0.078135
2.479,3.15355,-0.059764,-0.0362954,0.194288,0.106900000000012,-0.632000000000091,-0.0143404,0.0778817
2.48,3.15351,-0.0595701,-0.0361888,0.193658,0.10660000000001,-0.630000000000061,-0.0142986,0.0776291
2.481,3.15348,-0.0593767,-0.0360824,0.19303,0.106400000000011,-0.628000000000059,-0.0142569,0.0773775
2.482,3.15344,-0.059184,-0.0359764,0.192404,0.105999999999967,-0.625999999999806,-0.0142154,0.0771266
2.483,3.15341,-0.0589919,-0.0358706,0.191781,0.105800000000008,-0.623000000000053,-0.014174,0.0768765
2.484,3.15337,-0.0588004,-0.0357652,0.191159,0.105400000000017,-0.62200000000008,-0.0141327,0.0766272
2.485,3.15334,-0.0586096,-0.03566,0.190539,0.105200000000011,-0.620000000000078,-0.0140915,0.0763788
2.486,3.1533,-0.0584194,-0.0355551,0.189921,0.104899999999963,-0.617999999999773,-0.0140504,0.0761311
2.487,3.15326,-0.0582298,-0.0354505,0.189306,0.104600000000008,-0.615000000000072,-0.0140094,0.0758843
2.488,3.15323,-0.0580408,-0.0353462,0.188692,0.104300000000013,-0.614000000000071,-0.0139685,0.0756382
2.489,3.15319,-0.0578524,-0.0352422,0.18808,0.104000000000011,-0.612000000000069,-0.0139278,0.075393
2.49,3.15316,-0.0576646,-0.0351385,0.18747,0.103699999999964,-0.609999999999796,-0.0138871,0.0751485
2.491,3.15312,-0.0574774,-0.0350351,0.186863,0.103400000000015,-0.607000000000063,-0.0138466,0.0749048
2.492,3.15309,-0.0572909,-0.034932,0.186257,0.103100000000013,-0.606000000000062,-0.0138062,0.0746619
2.493,3.15305,-0.0571049,-0.0348291,0.185653,0.102900000000007,-0.60400000000006,-0.0137659,0.0744198
2.494,3.15302,-0.0569196,-0.0347266,0.185051,0.102499999999964,-0.601999999999818,-0.0137257,0.0741785
2.495,3.15298,-0.0567348,-0.0346243,0.184451,0.102300000000018,-0.600000000000055,-0.0136856,0.073938
2.496,3.15295,-0.0565507,-0.0345223,0.183853,0.102000000000009,-0.598000000000081,-0.0136456,0.0736982
2.497,3.15291,-0.0563671,-0.0344206,0.183257,0.101700000000007,-0.596000000000051,-0.0136058,0.0734592
2.498,3.15288,-0.0561842,-0.0343192,0.182662,0.101399999999968,-0.594999999999813,-0.013566,0.073221
2.499,3.15285,-0.0560018,-0.0342181,0.18207,0.101100000000011,-0.592000000000047,-0.0135264,0.0729836
2.5,3.15281,-0.05582,-0.0341173,0.18148,0.100800000000009,-0.590000000000072,-0.0134868,0.0727469
2.501,3.15278,-0.0556389,-0.0340167,0.180891,0.100600000000017,-0.589000000000071,-0.0134474,0.072511
2.502,3.15274,-0.0554583,-0.0339164,0.180305,0.100300000000009,-0.586000000000068,-0.0134081,0.0722758
2.503,3.15271,-0.0552783,-0.0338164,0.17972,0.0999999999999625,-0.584999999999807,-0.0133689,0.0720414
2.504,3.15268,-0.0550988,-0.0337167,0.179137,0.0997000000000122,-0.583000000000064,-0.0133298,0.0718078
2.505,3.15264,-0.05492,-0.0336172,0.178556,0.0995000000000133,-0.581000000000062,-0.0132908,0.0715749
2.506,3.15261,-0.0547417,-0.0335181,0.177977,0.0991000000000087,-0.57900000000006,-0.0132519,0.0713428
2.507,3.15258,-0.054564,-0.0334192,0.1774,0.098899999999966,-0.576999999999801,-0.0132131,0.0711114
2.508,3.15254,-0.0543869,-0.0333206,0.176825,0.0986000000000151,-0.575000000000055,-0.0131745,0.0708808
2.509,3.15251,-0.0542104,-0.0332222,0.176252,0.0984000000000093,-0.573000000000081,-0.0131359,0.0706509
2.51,3.15248,-0.0540344,-0.0331242,0.17568,0.0980000000000117,-0.572000000000052,-0.0130974,0.0704218
2.511,3.15244,-0.053859,-0.0330264,0.17511,0.0977999999999694,-0.569999999999825,-0.0130591,0.0701934
2.512,3.15241,-0.0536842,-0.0329289,0.174543,0.0975000000000111,-0.567000000000047,-0.0130208,0.0699657
2.513,3.15238,-0.05351,-0.0328317,0.173976,0.0972000000000094,-0.567000000000074,-0.0129827,0.0697388
2.514,3.15234,-0.0533363,-0.0327347,0.173412,0.0970000000000105,-0.564000000000043,-0.0129447,0.0695126
2.515,3.15231,-0.0531631,-0.032638,0.17285,0.0966999999999659,-0.561999999999819,-0.0129067,0.0692872
2.516,3.15228,-0.0529906,-0.0325416,0.172289,0.096400000000014,-0.561000000000068,-0.0128689,0.0690625
2.517,3.15225,-0.0528186,-0.0324454,0.171731,0.0962000000000083,-0.558000000000064,-0.0128312,0.0688385
2.518,3.15221,-0.0526471,-0.0323496,0.171174,0.0958000000000106,-0.557000000000063,-0.0127936,0.0686152
2.519,3.15218,-0.0524762,-0.032254,0.170619,0.0955999999999693,-0.554999999999815,-0.012756,0.0683926
2.52,3.15215,-0.0523059,-0.0321586,0.170065,0.095400000000006,-0.55400000000006,-0.0127186,0.0681708
2.521,3.15212,-0.0521361,-0.0320636,0.169514,0.0950000000000153,-0.551000000000057,-0.0126813,0.0679497
2.522,3.15209,-0.0519668,-0.0319688,0.168964,0.0948000000000095,-0.550000000000056,-0.0126441,0.0677293
2.523,3.15205,-0.0517982,-0.0318742,0.168416,0.0945999999999687,-0.54799999999981,-0.012607,0.0675096
2.524,3.15202,-0.05163,-0.0317799,0.16787,0.0943000000000089,-0.546000000000079,-0.01257,0.0672906
2.525,3.15199,-0.0514624,-0.0316859,0.167325,0.0940000000000072,-0.54500000000005,-0.0125331,0.0670724
2.526,3.15196,-0.0512954,-0.0315922,0.166783,0.0937000000000124,-0.542000000000074,-0.0124964,0.0668548
2.527,3.15193,-0.0511289,-0.0314987,0.166242,0.0934999999999721,-0.540999999999805,-0.0124597,0.066638
2.528,3.1519,-0.0509629,-0.0314055,0.165703,0.0932000000000049,-0.539000000000071,-0.0124231,0.0664218
2.529,3.15186,-0.0507975,-0.0313126,0.165165,0.0929000000000102,-0.538000000000042,-0.0123866,0.0662063
2.53,3.15183,-0.0506326,-0.0312199,0.164629,0.0927000000000148,-0.536000000000068,-0.0123502,0.0659916
2.531,3.1518,-0.0504682,-0.0311275,0.164095,0.0923999999999686,-0.533999999999828,-0.0123139,0.0657775
2.532,3.15177,-0.0503044,-0.0310353,0.163563,0.0922000000000108,-0.532000000000063,-0.0122778,0.0655642
2.533,3.15174,-0.0501411,-0.0309434,0.163033,0.091900000000009,-0.530000000000033,-0.0122417,0.0653515
2.534,3.15171,-0.0499783,-0.0308518,0.162504,0.0916000000000108,-0.52900000000006,-0.0122057,0.0651395
2.535,3.15168,-0.0498161,-0.0307604,0.161977,0.0913999999999679,-0.526999999999824,-0.0121698,0.0649282
2.536,3.15165,-0.0496544,-0.0306692,0.161451,0.0912000000000097,-0.526000000000057,-0.012134,0.0647176
2.537,3.15162,-0.0494932,-0.0305784,0.160928,0.090800000000012,-0.523000000000081,-0.0120984,0.0645076
2.538,3.15159,-0.0493325,-0.0304878,0.160406,0.0906000000000097,-0.522000000000052,-0.0120628,0.0642984
2.539,3.15156,-0.0491724,-0.0303974,0.159886,0.0903999999999672,-0.519999999999819,-0.0120273,0.0640898
2.54,3.15152,-0.0490127,-0.0303073,0.159367,0.0901000000000126,-0.519000000000049,-0.0119919,0.0638819
2.541,3.15149,-0.0488536,-0.0302175,0.15885,0.0898000000000074,-0.517000000000074,-0.0119566,0.0636746
2.542,3.15146,-0.048695,-0.0301279,0.158335,0.089600000000012,-0.515000000000044,-0.0119214,0.0634681
2.543,3.15143,-0.048537,-0.0300385,0.157821,0.08939999999997,-0.513999999999843,-0.0118864,0.0632622
2.544,3.1514,-0.0483794,-0.0299495,0.157309,0.0890000000000086,-0.512000000000041,-0.0118514,0.0630569
2.545,3.15137,-0.0482224,-0.0298606,0.156799,0.0889000000000092,-0.510000000000067,-0.0118165,0.0628524
2.546,3.15134,-0.0480658,-0.029772,0.15629,0.0886000000000109,-0.509000000000038,-0.0117817,0.0626485
2.547,3.15131,-0.0479098,-0.0296837,0.155783,0.08829999999997,-0.506999999999838,-0.011747,0.0624452
2.548,3.15129,-0.0477543,-0.0295956,0.155278,0.0881000000000104,-0.505000000000061,-0.0117124,0.0622426
2.549,3.15126,-0.0475992,-0.0295078,0.154774,0.0878000000000087,-0.50400000000006,-0.0116779,0.0620407
2.55,3.15123,-0.0474447,-0.0294202,0.154272,0.0876000000000098,-0.502000000000058,-0.0116435,0.0618394
2.551,3.1512,-0.0472907,-0.0293329,0.153772,0.0872999999999728,-0.499999999999833,-0.0116092,0.0616388
2.552,3.15117,-0.0471372,-0.0292458,0.153273,0.0871000000000093,-0.499000000000054,-0.0115749,0.0614388
2.553,3.15114,-0.0469841,-0.029159,0.152776,0.0868000000000075,-0.497000000000052,-0.0115408,0.0612395
2.554,3.15111,-0.0468316,-0.0290724,0.15228,0.0866000000000087,-0.496000000000051,-0.0115068,0.0610408
2.555,3.15108,-0.0466796,-0.028986,0.151786,0.0863999999999715,-0.493999999999829,-0.0114729,0.0608428
2.556,3.15105,-0.046528,-0.0288999,0.151294,0.0861000000000116,-0.492000000000047,-0.011439,0.0606454
2.557,3.15102,-0.046377,-0.0288141,0.150803,0.0858000000000099,-0.491000000000073,-0.0114053,0.0604486
2.558,3.15099,-0.0462264,-0.0287285,0.150314,0.0856000000000076,-0.489000000000043,-0.0113717,0.0602525
2.559,3.15096,-0.0460764,-0.0286431,0.149826,0.0853999999999708,-0.487999999999853,-0.0113381,0.060057
2.56,3.15094,-0.0459268,-0.028558,0.14934,0.0851000000000105,-0.48600000000004,-0.0113047,0.0598622
2.561,3.15091,-0.0457777,-0.0284731,0.148856,0.0849000000000082,-0.484000000000065,-0.0112713,0.059668
2.562,3.15088,-0.0456291,-0.0283885,0.148373,0.08460000000001,-0.483000000000037,-0.011238,0.0594744
2.563,3.15085,-0.045481,-0.0283041,0.147892,0.0843999999999737,-0.480999999999849,-0.0112048,0.0592814
2.564,3.15082,-0.0453333,-0.0282199,0.147412,0.0842000000000088,-0.480000000000061,-0.0111718,0.0590891
2.565,3.15079,-0.0451861,-0.028136,0.146933,0.0839000000000071,-0.479000000000032,-0.0111388,0.0588973
2.566,3.15077,-0.0450394,-0.0280523,0.146457,0.0837000000000117,-0.476000000000057,-0.0111059,0.0587062
2.567,3.15074,-0.0448932,-0.0279688,0.145982,0.0834999999999724,-0.474999999999845,-0.0110731,0.0585158
2.568,3.15071,-0.0447475,-0.0278856,0.145508,0.0832000000000077,-0.474000000000054,-0.0110404,0.0583259
2.569,3.15068,-0.0446022,-0.0278027,0.145036,0.0829000000000095,-0.472000000000052,-0.0110078,0.0581366
2.57,3.15066,-0.0444574,-0.0277199,0.144565,0.0828000000000101,-0.471000000000051,-0.0109752,0.057948
2.571,3.15063,-0.0443131,-0.0276374,0.144096,0.0824999999999717,-0.468999999999841,-0.0109428,0.05776
2.572,3.1506,-0.0441692,-0.0275552,0.143629,0.0822000000000101,-0.467000000000047,-0.0109104,0.0575726
2.573,3.15057,-0.0440258,-0.0274732,0.143163,0.0820000000000078,-0.466000000000046,-0.0108782,0.0573858
2.574,3.15054,-0.0438829,-0.0273914,0.142699,0.0818000000000089,-0.464000000000071,-0.010846,0.0571996
2.575,3.15052,-0.0437404,-0.0273098,0.142236,0.0815999999999739,-0.462999999999837,-0.010814,0.057014
2.576,3.15049,-0.0435984,-0.0272285,0.141774,0.0813000000000084,-0.462000000000041,-0.010782,0.056829
2.577,3.15046,-0.0434569,-0.0271474,0.141314,0.0811000000000096,-0.460000000000067,-0.0107501,0.0566446
2.578,3.15044,-0.0433158,-0.0270665,0.140856,0.0809000000000072,-0.458000000000037,-0.0107183,0.0564608
2.579,3.15041,-0.0431752,-0.0269859,0.140399,0.0805999999999732,-0.45699999999986,-0.0106866,0.0562775
2.58,3.15038,-0.043035,-0.0269055,0.139943,0.0804000000000102,-0.456000000000034,-0.0106549,0.0560949
2.581,3.15036,-0.0428953,-0.0268253,0.139489,0.0802000000000079,-0.45400000000006,-0.0106234,0.0559129
2.582,3.15033,-0.042756,-0.0267454,0.139037,0.0799000000000096,-0.452000000000058,-0.010592,0.0557315
2.583,3.1503,-0.0426172,-0.0266656,0.138585,0.0797999999999713,-0.451999999999829,-0.0105606,0.0555506
2.584,3.15027,-0.0424789,-0.0265862,0.138136,0.079400000000009,-0.449000000000054,-0.0105293,0.0553704
2.585,3.15025,-0.042341,-0.0265069,0.137688,0.0793000000000096,-0.448000000000053,-0.0104982,0.0551907
2.586,3.15022,-0.0422035,-0.0264279,0.137241,0.0790000000000079,-0.447000000000052,-0.0104671,0.0550116
2.587,3.1502,-0.0420665,-0.0263491,0.136796,0.0787999999999741,-0.444999999999852,-0.0104361,0.0548331
2.588,3.15017,-0.0419299,-0.0262705,0.136352,0.0786000000000102,-0.444000000000049,-0.0104052,0.0546552
2.589,3.15014,-0.0417938,-0.0261921,0.135909,0.0784000000000079,-0.443000000000048,-0.0103743,0.0544778
2.59,3.15012,-0.0416581,-0.026114,0.135468,0.0781000000000097,-0.441000000000046,-0.0103436,0.054301
2.591,3.15009,-0.0415228,-0.0260361,0.135029,0.0778999999999728,-0.438999999999848,-0.0103129,0.0541248
2.592,3.15006,-0.041388,-0.0259584,0.134591,0.0777000000000086,-0.43800000000007,-0.0102824,0.0539492
2.593,3.15004,-0.0412537,-0.0258809,0.134154,0.0775000000000097,-0.437000000000041,-0.0102519,0.0537741
2.594,3.15001,-0.0411197,-0.0258037,0.133719,0.077200000000008,-0.435000000000039,-0.0102215,0.0535996
2.595,3.14999,-0.0409862,-0.0257267,0.133285,0.0769999999999715,-0.433999999999873,-0.0101912,0.0534256
2.596,3.14996,-0.0408532,-0.0256499,0.132852,0.0768000000000103,-0.433000000000037,-0.010161,0.0532523
2.597,3.14994,-0.0407205,-0.0255733,0.132421,0.076600000000008,-0.431000000000034,-0.0101308,0.0530795
2.598,3.14991,-0.0405883,-0.0254969,0.131992,0.0764000000000092,-0.42900000000006,-0.0101008,0.0529072
2.599,3.14988,-0.0404566,-0.0254208,0.131563,0.0760999999999737,-0.428999999999842,-0.0100708,0.0527355
2.6,3.14986,-0.0403252,-0.0253449,0.131136,0.0759000000000086,-0.427000000000058,-0.0100409,0.0525644
2.601,3.14983,-0.0401943,-0.0252691,0.130711,0.0758000000000092,-0.425000000000056,-0.0100111,0.0523938
2.602,3.14981,-0.0400638,-0.0251937,0.130287,0.0754000000000081,-0.424000000000054,-0.0099814,0.0522238
2.603,3.14978,-0.0399337,-0.0251184,0.129864,0.0752999999999752,-0.422999999999838,-0.00995177,0.0520543
2.604,3.14976,-0.0398041,-0.0250433,0.129443,0.0751000000000064,-0.421000000000051,-0.00992223,0.0518853
2.605,3.14973,-0.0396748,-0.0249685,0.129023,0.0748000000000081,-0.42000000000005,-0.00989277,0.051717
2.606,3.14971,-0.039546,-0.0248939,0.128604,0.0746000000000093,-0.419000000000049,-0.00986339,0.0515491
2.607,3.14968,-0.0394176,-0.0248195,0.128187,0.0743999999999739,-0.416999999999861,-0.0098341,0.0513818
2.608,3.14966,-0.0392896,-0.0247453,0.127771,0.0742000000000081,-0.416000000000046,-0.00980489,0.0512151
2.609,3.14963,-0.0391621,-0.0246713,0.127356,0.0740000000000093,-0.415000000000044,-0.00977576,0.0510489
2.61,3.14961,-0.0390349,-0.0245975,0.126943,0.073800000000007,-0.413000000000042,-0.00974672,0.0508832
2.611,3.14959,-0.0389082,-0.0245239,0.126531,0.0735999999999755,-0.411999999999858,-0.00971775,0.050718
2.612,3.14956,-0.0387819,-0.0244506,0.12612,0.0733000000000099,-0.41100000000004,-0.00968887,0.0505534
2.613,3.14954,-0.038656,-0.0243775,0.125711,0.0731000000000076,-0.409000000000065,-0.00966007,0.0503894
2.614,3.14951,-0.0385305,-0.0243045,0.125303,0.0730000000000082,-0.408000000000037,-0.00963136,0.0502258
2.615,3.14949,-0.0384054,-0.0242318,0.124896,0.0726999999999742,-0.406999999999869,-0.00960272,0.0500628
2.616,3.14946,-0.0382807,-0.0241593,0.124491,0.0725000000000076,-0.405000000000033,-0.00957417,0.0499004
2.617,3.14944,-0.0381564,-0.024087,0.124087,0.0723000000000088,-0.404000000000046,-0.0095457,0.0497384
2.618,3.14942,-0.0380325,-0.0240149,0.123684,0.07210000000001,-0.403000000000045,-0.00951731,0.049577
2.619,3.14939,-0.037909,-0.023943,0.123283,0.0718999999999757,-0.400999999999865,-0.009489,0.0494161
2.62,3.14937,-0.0377859,-0.0238714,0.122883,0.0716000000000059,-0.400000000000042,-0.00946077,0.0492557
2.621,3.14934,-0.0376633,-0.0237999,0.122484,0.07150000000001,-0.399000000000054,-0.00943262,0.0490958
2.622,3.14932,-0.037541,-0.0237286,0.122087,0.0713000000000077,-0.397000000000038,-0.00940455,0.0489365
2.623,3.1493,-0.0374191,-0.0236576,0.121691,0.0709999999999744,-0.395999999999875,-0.00937657,0.0487777
2.624,3.14927,-0.0372976,-0.0235867,0.121296,0.07090000000001,-0.395000000000036,-0.00934866,0.0486193
2.625,3.14925,-0.0371765,-0.0235161,0.120902,0.0706000000000048,-0.394000000000049,-0.00932083,0.0484615
2.626,3.14923,-0.0370558,-0.0234456,0.12051,0.0705000000000089,-0.392000000000033,-0.00929308,0.0483043
2.627,3.1492,-0.0369355,-0.0233754,0.120119,0.0702000000000072,-0.391000000000046,-0.00926541,0.0481475
2.628,3.14918,-0.0368156,-0.0233054,0.119729,0.0699999999999772,-0.389999999999871,-0.00923781,0.0479912
2.629,3.14916,-0.036696,-0.0232355,0.11934,0.0699000000000089,-0.389000000000043,-0.0092103,0.0478354
2.63,3.14913,-0.0365769,-0.0231659,0.118953,0.0696000000000072,-0.387000000000041,-0.00918287,0.0476802
2.631,3.14911,-0.0364581,-0.0230965,0.118567,0.0694000000000084,-0.38600000000004,-0.00915551,0.0475254
2.632,3.14909,-0.0363397,-0.0230272,0.118182,0.0692999999999747,-0.384999999999882,-0.00912823,0.0473712
2.633,3.14906,-0.0362218,-0.0229582,0.117799,0.0690000000000072,-0.383000000000037,-0.00910103,0.0472174
2.634,3.14904,-0.0361042,-0.0228894,0.117416,0.0688000000000084,-0.383000000000037,-0.00907391,0.0470642
2.635,3.14902,-0.0359869,-0.0228207,0.117035,0.068700000000009,-0.381000000000048,-0.00904687,0.0469114
2.636,3.14899,-0.0358701,-0.0227523,0.116655,0.0683999999999769,-0.379999999999878,-0.0090199,0.0467591
2.637,3.14897,-0.0357536,-0.022684,0.116277,0.0683000000000078,-0.378000000000031,-0.00899301,0.0466074
2.638,3.14895,-0.0356375,-0.022616,0.1159,0.0680000000000061,-0.377000000000044,-0.00896619,0.0464561
2.639,3.14893,-0.0355218,-0.0225482,0.115523,0.0678000000000073,-0.377000000000044,-0.00893946,0.0463053
2.64,3.1489,-0.0354065,-0.0224805,0.115148,0.0676999999999778,-0.374999999999875,-0.0089128,0.046155
2.641,3.14888,-0.0352915,-0.022413,0.114775,0.067500000000009,-0.373000000000039,-0.00888621,0.0460052
2.642,3.14886,-0.0351769,-0.0223458,0.114402,0.0672000000000073,-0.373000000000039,-0.0088597,0.0458559
2.643,3.14884,-0.0350627,-0.0222787,0.114031,0.0671000000000079,-0.371000000000051,-0.00883327,0.045707
2.644,3.14881,-0.0349489,-0.0222119,0.113661,0.0667999999999765,-0.369999999999872,-0.00880691,0.0455587
2.645,3.14879,-0.0348354,-0.0221452,0.113292,0.0667000000000067,-0.369000000000035,-0.00878063,0.0454108
2.646,3.14877,-0.0347223,-0.0220787,0.112924,0.0665000000000079,-0.368000000000048,-0.00875443,0.0452634
2.647,3.14875,-0.0346096,-0.0220124,0.112558,0.0663000000000056,-0.366000000000032,-0.0087283,0.0451165
2.648,3.14873,-0.0344972,-0.0219463,0.112193,0.0660999999999809,-0.364999999999882,-0.00870224,0.04497
2.649,3.1487,-0.0343852,-0.0218804,0.111828,0.0659000000000045,-0.365000000000044,-0.00867626,0.0448241
2.65,3.14868,-0.0342735,-0.0218147,0.111465,0.0657000000000091,-0.363000000000042,-0.00865035,0.0446786
2.651,3.14866,-0.0341622,-0.0217492,0.111104,0.0655000000000068,-0.36100000000004,-0.00862452,0.0445335
2.652,3.14864,-0.0340513,-0.0216838,0.110743,0.0653999999999783,-0.36099999999988,-0.00859876,0.044389
2.653,3.14862,-0.0339408,-0.0216187,0.110384,0.0651000000000057,-0.359000000000038,-0.00857308,0.0442449
2.654,3.1486,-0.0338306,-0.0215537,0.110025,0.0650000000000097,-0.359000000000038,-0.00854746,0.0441013
2.655,3.14857,-0.0337207,-0.0214889,0.109668,0.0648000000000074,-0.357000000000035,-0.00852193,0.0439581
2.656,3.14855,-0.0336112,-0.0214244,0.109312,0.064499999999977,-0.355999999999876,-0.00849646,0.0438154
2.657,3.14853,-0.0335021,-0.02136,0.108958,0.0644000000000063,-0.354000000000046,-0.00847107,0.0436732
2.658,3.14851,-0.0333933,-0.0212958,0.108604,0.0642000000000074,-0.354000000000032,-0.00844575,0.0435314
2.659,3.14849,-0.0332849,-0.0212317,0.108252,0.064100000000008,-0.352000000000044,-0.00842051,0.0433901
2.66,3.14847,-0.0331768,-0.0211679,0.1079,0.063799999999978,-0.351999999999888,-0.00839534,0.0432493
2.661,3.14845,-0.0330691,-0.0211043,0.10755,0.0636000000000075,-0.350000000000028,-0.00837023,0.0431089
2.662,3.14843,-0.0329617,-0.0210408,0.107201,0.0635000000000081,-0.34900000000004,-0.00834521,0.042969
2.663,3.1484,-0.0328547,-0.0209775,0.106853,0.0633000000000057,-0.348000000000039,-0.00832025,0.0428295
2.664,3.14838,-0.032748,-0.0209144,0.106506,0.0630999999999789,-0.346999999999884,-0.00829536,0.0426904
2.665,3.14836,-0.0326417,-0.0208515,0.10616,0.0629000000000081,-0.346000000000037,-0.00827055,0.0425519
2.666,3.14834,-0.0325357,-0.0207888,0.105816,0.0627000000000058,-0.344000000000049,-0.00824581,0.0424137
2.667,3.14832,-0.0324301,-0.0207262,0.105472,0.0626000000000064,-0.344000000000035,-0.00822114,0.0422761
2.668,3.1483,-0.0323248,-0.0206638,0.10513,0.0623999999999798,-0.341999999999881,-0.00819654,0.0421388
2.669,3.14828,-0.0322198,-0.0206017,0.104789,0.0621000000000058,-0.341000000000046,-0.00817201,0.042002
2.67,3.14826,-0.0321152,-0.0205397,0.104449,0.0620000000000064,-0.340000000000031,-0.00814755,0.0418657
2.671,3.14824,-0.0320109,-0.0204778,0.10411,0.061900000000007,-0.339000000000043,-0.00812316,0.0417298
2.672,3.14822,-0.031907,-0.0204162,0.103772,0.0615999999999814,-0.337999999999878,-0.00809885,0.0415943
2.673,3.1482,-0.0318034,-0.0203547,0.103435,0.0615000000000058,-0.337000000000041,-0.0080746,0.0414593
2.674,3.14818,-0.0317001,-0.0202934,0.103099,0.061300000000007,-0.33600000000004,-0.00805042,0.0413247
2.675,3.14816,-0.0315972,-0.0202323,0.102765,0.0611000000000047,-0.334000000000038,-0.00802631,0.0411906
2.676,3.14814,-0.0314946,-0.0201714,0.102431,0.0608999999999823,-0.333999999999889,-0.00800227,0.0410568
2.677,3.14812,-0.0313923,-0.0201106,0.102099,0.0608000000000064,-0.332000000000035,-0.0079783,0.0409236
2.678,3.1481,-0.0312904,-0.0200501,0.101767,0.0605000000000047,-0.332000000000035,-0.0079544,0.0407907
2.679,3.14808,-0.0311888,-0.0199897,0.101437,0.0604000000000088,-0.330000000000033,-0.00793057,0.0406583
2.68,3.14806,-0.0310875,-0.0199294,0.101108,0.0602999999999791,-0.328999999999886,-0.00790681,0.0405263
2.681,3.14804,-0.0309866,-0.0198694,0.100779,0.0600000000000076,-0.329000000000046,-0.00788312,0.0403947
2.682,3.14802,-0.0308859,-0.0198095,0.100452,0.0599000000000047,-0.32700000000003,-0.00785949,0.0402636
2.683,3.148,-0.0307857,-0.0197498,0.100126,0.0597000000000059,-0.326000000000029,-0.00783593,0.0401329
2.684,3.14798,-0.0306857,-0.0196903,0.0998013,0.0594999999999807,-0.324699999999903,-0.00781244,0.0400026
2.685,3.14796,-0.0305861,-0.0196309,0.0994774,0.0594000000000077,-0.323900000000038,-0.00778902,0.0398728
2.686,3.14794,-0.0304867,-0.0195718,0.0991545,0.0591000000000059,-0.322900000000023,-0.00776567,0.0397433
2.687,3.14792,-0.0303877,-0.0195128,0.0988326,0.0590000000000065,-0.321900000000035,-0.00774238,0.0396143
2.688,3.1479,-0.0302891,-0.0194539,0.0985118,0.0588999999999809,-0.320799999999903,-0.00771916,0.0394857
2.689,3.14788,-0.0301907,-0.0193953,0.098192,0.0586000000000054,-0.31980000000003,-0.00769601,0.0393575
2.69,3.14786,-0.0300927,-0.0193368,0.0978733,0.058500000000006,-0.31870000000004,-0.00767292,0.0392297
2.691,3.14784,-0.029995,-0.0192784,0.0975556,0.0584000000000066,-0.317700000000025,-0.0076499,0.0391024
2.692,3.14782,-0.0298976,-0.0192203,0.097239,0.0580999999999825,-0.316599999999894,-0.00762695,0.0389754
2.693,3.1478,-0.0298005,-0.0191623,0.0969233,0.0580000000000054,-0.315700000000037,-0.00760407,0.0388489
2.694,3.14778,-0.0297037,-0.0191045,0.0966087,0.0578000000000066,-0.314600000000033,-0.00758125,0.0387228
2.695,3.14776,-0.0296073,-0.0190469,0.0962951,0.0576000000000077,-0.313600000000046,-0.00755849,0.0385971
2.696,3.14775,-0.0295111,-0.0189894,0.0959826,0.0574999999999793,-0.312499999999889,-0.00753581,0.0384718
2.697,3.14773,-0.0294153,-0.0189321,0.095671,0.057300000000006,-0.311600000000029,-0.00751318,0.0383469
2.698,3.14771,-0.0293198,-0.0188749,0.0953604,0.0572000000000066,-0.310600000000042,-0.00749063,0.0382224
2.699,3.14769,-0.0292246,-0.018818,0.0950509,0.0569000000000049,-0.309500000000038,-0.00746813,0.0380983
2.7,3.14767,-0.0291297,-0.0187612,0.0947424,0.0567999999999837,-0.308499999999886,-0.00744571,0.0379746
2.701,3.14765,-0.0290351,-0.0187045,0.0944348,0.0567000000000061,-0.307600000000039,-0.00742335,0.0378513
2.702,3.14763,-0.0289408,-0.018648,0.0941283,0.0565000000000038,-0.306500000000035,-0.00740105,0.0377285
2.703,3.14761,-0.0288469,-0.0185917,0.0938227,0.0563000000000084,-0.305600000000037,-0.00737882,0.037606
2.704,3.1476,-0.0287532,-0.0185356,0.0935182,0.0560999999999812,-0.304499999999897,-0.00735665,0.0374839
2.705,3.14758,-0.0286598,-0.0184796,0.0932146,0.0560000000000067,-0.303600000000034,-0.00733455,0.0373622
2.706,3.14756,-0.0285668,-0.0184238,0.092912,0.0558000000000044,-0.302600000000033,-0.00731251,0.0372409
2.707,3.14754,-0.028474,-0.0183681,0.0926104,0.0557000000000084,-0.301600000000032,-0.00729053,0.03712
2.708,3.14752,-0.0283816,-0.0183127,0.0923098,0.0553999999999786,-0.300599999999898,-0.00726862,0.0369995
2.709,3.1475,-0.0282894,-0.0182573,0.0920102,0.0554000000000067,-0.29960000000003,-0.00724677,0.0368794
2.71,3.14749,-0.0281975,-0.0182022,0.0917115,0.055100000000005,-0.298700000000032,-0.00722499,0.0367596
2.711,3.14747,-0.028106,-0.0181472,0.0914138,0.055000000000009,-0.297700000000031,-0.00720327,0.0366403
2.712,3.14745,-0.0280147,-0.0180923,0.091117,0.0548999999999818,-0.296799999999901,-0.00718161,0.0365213
2.713,3.14743,-0.0279237,-0.0180376,0.0908212,0.0547000000000038,-0.295800000000031,-0.00716001,0.0364028
2.714,3.14741,-0.0278331,-0.0179831,0.0905264,0.0545000000000085,-0.29480000000003,-0.00713848,0.0362846
2.715,3.1474,-0.0277427,-0.0179287,0.0902326,0.0544000000000056,-0.293800000000043,-0.00711701,0.0361668
2.716,3.14738,-0.0276526,-0.0178745,0.0899396,0.0541999999999792,-0.292999999999904,-0.0070956,0.0360494
2.717,3.14736,-0.0275628,-0.0178205,0.0896477,0.0540000000000079,-0.29190000000003,-0.00707425,0.0359323
2.718,3.14734,-0.0274733,-0.0177666,0.0893567,0.053900000000005,-0.291000000000032,-0.00705297,0.0358157
2.719,3.14732,-0.0273841,-0.0177129,0.0890666,0.0537000000000062,-0.290100000000033,-0.00703175,0.0356994
2.72,3.14731,-0.0272952,-0.0176593,0.0887775,0.053599999999983,-0.289099999999904,-0.00701059,0.0355835
2.721,3.14729,-0.0272065,-0.0176059,0.0884893,0.0534000000000045,-0.28820000000002,-0.00698949,0.0354679
2.722,3.14727,-0.0271182,-0.0175526,0.088202,0.0533000000000051,-0.287300000000036,-0.00696845,0.0353528
2.723,3.14725,-0.0270301,-0.0174995,0.0879157,0.0531000000000062,-0.286300000000035,-0.00694747,0.035238
2.724,3.14724,-0.0269424,-0.0174466,0.0876303,0.0528999999999839,-0.28539999999991,-0.00692656,0.0351236
2.725,3.14722,-0.0268549,-0.0173938,0.0873458,0.0528000000000045,-0.284500000000024,-0.0069057,0.0350096
2.726,3.1472,-0.0267677,-0.0173412,0.0870623,0.0526000000000057,-0.283500000000037,-0.00688491,0.0348959
2.727,3.14718,-0.0266808,-0.0172887,0.0867797,0.0525000000000062,-0.282600000000025,-0.00686417,0.0347826
2.728,3.14717,-0.0265941,-0.0172363,0.0864979,0.0523999999999836,-0.281799999999905,-0.0068435,0.0346697
2.729,3.14715,-0.0265078,-0.0171842,0.0862172,0.0521000000000051,-0.28070000000004,-0.00682289,0.0345571
2.73,3.14713,-0.0264217,-0.0171322,0.0859373,0.0520000000000057,-0.27990000000003,-0.00680233,0.0344449
2.731,3.14712,-0.0263359,-0.0170803,0.0856583,0.0519000000000063,-0.279000000000018,-0.00678184,0.0343331
2.732,3.1471,-0.0262504,-0.0170286,0.0853802,0.051699999999981,-0.27809999999991,-0.00676141,0.0342216
2.733,3.14708,-0.0261651,-0.016977,0.085103,0.051600000000008,-0.277200000000036,-0.00674103,0.0341105
2.734,3.14706,-0.0260802,-0.0169256,0.0848268,0.0514000000000057,-0.276200000000035,-0.00672072,0.0339998
2.735,3.14705,-0.0259955,-0.0168743,0.0845514,0.0513000000000063,-0.275400000000025,-0.00670046,0.0338894
2.736,3.14703,-0.0259111,-0.0168232,0.0842769,0.0510999999999813,-0.274499999999905,-0.00668027,0.0337794
2.737,3.14701,-0.0258269,-0.0167723,0.0840033,0.0509000000000052,-0.273600000000029,-0.00666013,0.0336697
2.738,3.147,-0.0257431,-0.0167214,0.0837306,0.0509000000000052,-0.272700000000031,-0.00664005,0.0335604
2.739,3.14698,-0.0256595,-0.0166708,0.0834588,0.0506000000000069,-0.271800000000032,-0.00662003,0.0334514
2.74,3.14696,-0.0255762,-0.0166203,0.0831879,0.0504999999999816,-0.270899999999914,-0.00660007,0.0333428
2.741,3.14695,-0.0254931,-0.0165699,0.0829178,0.0504000000000081,-0.270100000000025,-0.00658016,0.0332345
2.742,3.14693,-0.0254103,-0.0165197,0.0826486,0.0502000000000058,-0.269200000000027,-0.00656032,0.0331266
2.743,3.14691,-0.0253278,-0.0164696,0.0823803,0.0501000000000029,-0.268300000000029,-0.00654053,0.0330191
2.744,3.1469,-0.0252456,-0.0164197,0.0821129,0.0498999999999854,-0.267399999999912,-0.0065208,0.0329119
2.745,3.14688,-0.0251636,-0.0163699,0.0818463,0.0498000000000046,-0.266600000000035,-0.00650112,0.032805
2.746,3.14686,-0.0250819,-0.0163203,0.0815806,0.0496000000000058,-0.265700000000023,-0.00648151,0.0326985
2.747,3.14685,-0.0250004,-0.0162708,0.0813157,0.0495000000000064,-0.264900000000028,-0.00646195,0.0325923
2.748,3.14683,-0.0249192,-0.0162215,0.0810518,0.0492999999999822,-0.263899999999923,-0.00644245,0.0324865
2.749,3.14682,-0.0248383,-0.0161723,0.0807886,0.0492000000000047,-0.26320000000002,-0.00642301,0.032381
2.75,3.1468,-0.0247577,-0.0161233,0.0805264,0.0490000000000058,-0.262200000000033,-0.00640362,0.0322759
2.751,3.14678,-0.0246773,-0.0160744,0.0802649,0.0489000000000064,-0.261500000000027,-0.00638429,0.0321711
2.752,3.14677,-0.0245971,-0.0160256,0.0800044,0.0488000000000035,-0.260500000000026,-0.00636501,0.0320666
2.753,3.14675,-0.0245173,-0.015977,0.0797446,0.0485999999999831,-0.259799999999918,-0.0063458,0.0319625
2.754,3.14674,-0.0244376,-0.0159285,0.0794857,0.0485000000000053,-0.258900000000021,-0.00632663,0.0318587
2.755,3.14672,-0.0243583,-0.0158802,0.0792277,0.0483000000000064,-0.258000000000037,-0.00630753,0.0317553
2.756,3.1467,-0.0242792,-0.015832,0.0789705,0.048200000000007,-0.257200000000027,-0.00628848,0.0316522
2.757,3.14669,-0.0242004,-0.015784,0.0787141,0.0479999999999834,-0.256399999999918,-0.00626948,0.0315494
2.758,3.14667,-0.0241218,-0.0157361,0.0784586,0.0479000000000053,-0.25550000000002,-0.00625055,0.031447
2.759,3.14666,-0.0240434,-0.0156883,0.0782038,0.0478000000000059,-0.254800000000028,-0.00623166,0.0313449
2.76,3.14664,-0.0239654,-0.0156407,0.07795,0.0476000000000036,-0.253800000000026,-0.00621283,0.0312431
2.761,3.14663,-0.0238875,-0.0155932,0.0776969,0.0474999999999848,-0.253099999999922,-0.00619406,0.0311417
2.762,3.14661,-0.02381,-0.0155459,0.0774446,0.0473000000000053,-0.252300000000025,-0.00617534,0.0310406
2.763,3.14659,-0.0237327,-0.0154987,0.0771932,0.0472000000000042,-0.251400000000027,-0.00615668,0.0309398
2.764,3.14658,-0.0236556,-0.0154516,0.0769426,0.0471000000000065,-0.250600000000031,-0.00613807,0.0308393
2.765,3.14656,-0.0235788,-0.0154047,0.0766928,0.0468999999999834,-0.249799999999911,-0.00611952,0.0307392
2.766,3.14655,-0.0235022,-0.0153579,0.0764438,0.0468000000000048,-0.249000000000027,-0.00610102,0.0306394
2.767,3.14653,-0.0234259,-0.0153112,0.0761956,0.0467000000000054,-0.248200000000031,-0.00608257,0.0305399
2.768,3.14652,-0.0233498,-0.0152647,0.0759483,0.0465000000000048,-0.247300000000033,-0.00606418,0.0304407
2.769,3.1465,-0.023274,-0.0152184,0.0757017,0.0462999999999854,-0.246599999999917,-0.00604584,0.0303419
2.77,3.14649,-0.0231984,-0.0151721,0.0754559,0.0463000000000042,-0.245800000000018,-0.00602756,0.0302434
2.771,3.14647,-0.0231231,-0.015126,0.075211,0.0461000000000054,-0.244900000000033,-0.00600933,0.0301452
2.772,3.14646,-0.023048,-0.0150801,0.0749668,0.0459000000000048,-0.244200000000027,-0.00599115,0.0300473
2.773,3.14644,-0.0229731,-0.0150343,0.0747234,0.0457999999999851,-0.243399999999923,-0.00597303,0.0299497
2.774,3.14643,-0.0228985,-0.0149886,0.0744808,0.045700000000006,-0.242600000000022,-0.00595495,0.0298525
2.775,3.14641,-0.0228242,-0.014943,0.074239,0.0456000000000048,-0.241800000000027,-0.00593694,0.0297555
2.776,3.1464,-0.0227501,-0.0148976,0.073998,0.0454000000000043,-0.241000000000032,-0.00591897,0.0296589
2.777,3.14638,-0.0226762,-0.0148523,0.0737577,0.0452999999999847,-0.240299999999919,-0.00590106,0.0295626
2.778,3.14637,-0.0226026,-0.0148072,0.0735183,0.045100000000006,-0.239400000000027,-0.0058832,0.0294666
2.779,3.14635,-0.0225292,-0.0147621,0.0732796,0.0451000000000043,-0.238700000000021,-0.00586539,0.029371
2.78,3.14634,-0.022456,-0.0147173,0.0730417,0.044800000000006,-0.237900000000025,-0.00584764,0.0292756
2.781,3.14632,-0.0223831,-0.0146725,0.0728045,0.0447999999999844,-0.237199999999928,-0.00582994,0.0291805
2.782,3.14631,-0.0223104,-0.0146279,0.0725682,0.0446000000000055,-0.236300000000021,-0.00581228,0.0290858
2.783,3.14629,-0.0222379,-0.0145834,0.0723326,0.0445000000000043,-0.235600000000028,-0.00579468,0.0289913
2.784,3.14628,-0.0221657,-0.014539,0.0720977,0.0444000000000049,-0.234900000000022,-0.00577714,0.0288972
2.785,3.14626,-0.0220937,-0.0144948,0.0718636,0.0441999999999847,-0.234099999999923,-0.00575964,0.0288034
2.786,3.14625,-0.022022,-0.0144507,0.0716303,0.0441000000000049,-0.233300000000031,-0.0057422,0.0287098
2.787,3.14624,-0.0219505,-0.0144068,0.0713978,0.0439000000000043,-0.232500000000022,-0.0057248,0.0286166
2.788,3.14622,-0.0218792,-0.0143629,0.071166,0.0439000000000061,-0.23180000000003,-0.00570746,0.0285237
2.789,3.14621,-0.0218082,-0.0143192,0.0709349,0.0436999999999844,-0.231099999999921,-0.00569017,0.0284311
2.79,3.14619,-0.0217373,-0.0142756,0.0707046,0.0436000000000061,-0.230300000000014,-0.00567293,0.0283388
2.791,3.14618,-0.0216667,-0.0142322,0.070475,0.0434000000000038,-0.229600000000036,-0.00565574,0.0282467
2.792,3.14616,-0.0215964,-0.0141889,0.0702462,0.0433000000000044,-0.228800000000026,-0.0056386,0.028155
2.793,3.14615,-0.0215263,-0.0141457,0.0700182,0.0431999999999858,-0.227999999999916,-0.00562151,0.0280636
2.794,3.14614,-0.0214564,-0.0141026,0.0697908,0.0431000000000055,-0.227400000000028,-0.00560447,0.0279725
2.795,3.14612,-0.0213867,-0.0140597,0.0695643,0.042900000000005,-0.226500000000029,-0.00558748,0.0278816
2.796,3.14611,-0.0213172,-0.0140169,0.0693384,0.0428000000000038,-0.225900000000026,-0.00557055,0.0277911
2.797,3.14609,-0.021248,-0.0139742,0.0691133,0.0426999999999854,-0.225099999999917,-0.00555366,0.0277009
2.798,3.14608,-0.021179,-0.0139317,0.0688889,0.0425000000000056,-0.224400000000024,-0.00553682,0.0276109
2.799,3.14607,-0.0211102,-0.0138892,0.0686652,0.0425000000000038,-0.223700000000032,-0.00552003,0.0275213
2.8,3.14605,-0.0210417,-0.0138469,0.0684423,0.042300000000005,-0.222900000000023,-0.00550329,0.0274319
2.801,3.14604,-0.0209733,-0.0138048,0.0682201,0.0420999999999857,-0.222199999999918,-0.0054866,0.0273428
2.802,3.14602,-0.0209052,-0.0137627,0.0679986,0.0421000000000061,-0.221500000000024,-0.00546996,0.027254
2.803,3.14601,-0.0208373,-0.0137208,0.0677778,0.0419000000000038,-0.220800000000031,-0.00545336,0.0271655
2.804,3.146,-0.0207697,-0.013679,0.0675577,0.0418000000000044,-0.220100000000025,-0.00543682,0.0270773
2.805,3.14598,-0.0207022,-0.0136373,0.0673384,0.0416999999999865,-0.219299999999918,-0.00542032,0.0269894
2.806,3.14597,-0.020635,-0.0135958,0.0671198,0.0415000000000044,-0.218600000000037,-0.00540388,0.0269018
2.807,3.14596,-0.020568,-0.0135543,0.0669018,0.0415000000000044,-0.21800000000002,-0.00538748,0.0268144
2.808,3.14594,-0.0205012,-0.013513,0.0666846,0.0413000000000039,-0.217200000000025,-0.00537113,0.0267273
2.809,3.14593,-0.0204346,-0.0134718,0.0664681,0.0411999999999862,-0.216499999999922,-0.00535483,0.0266406
2.81,3.14592,-0.0203683,-0.0134308,0.0662523,0.0410000000000056,-0.215800000000026,-0.00533857,0.0265541
2.811,3.1459,-0.0203021,-0.0133898,0.0660372,0.0410000000000039,-0.21510000000002,-0.00532237,0.0264678
2.812,3.14589,-0.0202362,-0.013349,0.0658228,0.0408000000000051,-0.214400000000027,-0.00530621,0.0263819
2.813,3.14588,-0.0201705,-0.0133083,0.0656091,0.0406999999999858,-0.213699999999926,-0.0052901,0.0262962
2.814,3.14586,-0.020105,-0.0132677,0.0653961,0.0406000000000045,-0.213000000000028,-0.00527404,0.0262108
2.815,3.14585,-0.0200397,-0.0132273,0.0651837,0.0404000000000039,-0.212400000000025,-0.00525802,0.0261257
2.816,3.14584,-0.0199746,-0.013187,0.0649721,0.0403000000000045,-0.211600000000016,-0.00524205,0.0260409
2.817,3.14582,-0.0199097,-0.0131467,0.0647611,0.0402999999999866,-0.210999999999932,-0.00522613,0.0259563
2.818,3.14581,-0.0198451,-0.0131066,0.0645509,0.0401000000000057,-0.210200000000031,-0.00521026,0.025872
2.819,3.1458,-0.0197806,-0.0130667,0.0643413,0.0399000000000034,-0.209600000000013,-0.00519443,0.025788
2.82,3.14578,-0.0197164,-0.0130268,0.0641324,0.0399000000000051,-0.208900000000021,-0.00517865,0.0257043
2.821,3.14577,-0.0196524,-0.0129871,0.0639242,0.0396999999999869,-0.208199999999936,-0.00516292,0.0256208
2.822,3.14576,-0.0195886,-0.0129474,0.0637166,0.0397000000000045,-0.207600000000025,-0.00514723,0.0255376
2.823,3.14574,-0.019525,-0.0129079,0.0635097,0.039500000000004,-0.206900000000019,-0.00513159,0.0254547
2.824,3.14573,-0.0194615,-0.0128685,0.0633035,0.0394000000000045,-0.206200000000026,-0.00511599,0.025372
2.825,3.14572,-0.0193983,-0.0128293,0.063098,0.0391999999999866,-0.205499999999929,-0.00510044,0.0252897
2.826,3.14571,-0.0193354,-0.0127901,0.0628931,0.039200000000004,-0.20490000000003,-0.00508494,0.0252075
2.827,3.14569,-0.0192726,-0.0127511,0.0626889,0.0390000000000051,-0.20420000000001,-0.00506948,0.0251257
2.828,3.14568,-0.01921,-0.0127122,0.0624854,0.038900000000004,-0.203500000000025,-0.00505407,0.0250441
2.829,3.14567,-0.0191476,-0.0126734,0.0622825,0.0387999999999873,-0.202899999999938,-0.00503871,0.0249628
2.83,3.14565,-0.0190854,-0.0126347,0.0620803,0.0387000000000034,-0.202200000000022,-0.00502338,0.0248817
2.831,3.14564,-0.0190234,-0.0125961,0.0618787,0.038600000000004,-0.201600000000018,-0.00500811,0.0248009
2.832,3.14563,-0.0189617,-0.0125576,0.0616778,0.0385000000000046,-0.200900000000026,-0.00499288,0.0247204
2.833,3.14562,-0.0189001,-0.0125193,0.0614775,0.038299999999987,-0.200299999999934,-0.00497769,0.0246401
2.834,3.1456,-0.0188387,-0.0124811,0.0612779,0.0382000000000046,-0.199600000000016,-0.00496255,0.0245601
2.835,3.14559,-0.0187775,-0.012443,0.061079,0.0381000000000052,-0.198900000000024,-0.00494746,0.0244803
2.836,3.14558,-0.0187165,-0.0124049,0.0608806,0.0381000000000034,-0.198400000000023,-0.00493241,0.0244008
2.837,3.14557,-0.0186558,-0.0123671,0.060683,0.0377999999999867,-0.197599999999933,-0.0049174,0.0243216
2.838,3.14556,-0.0185952,-0.0123293,0.0604859,0.0378000000000052,-0.19710000000002,-0.00490244,0.0242426
2.839,3.14554,-0.0185348,-0.0122916,0.0602895,0.037700000000004,-0.196400000000021,-0.00488752,0.0241639
2.84,3.14553,-0.0184746,-0.0122541,0.0600938,0.0375000000000035,-0.195700000000022,-0.00487265,0.0240854
2.841,3.14552,-0.0184146,-0.0122166,0.0598987,0.0374999999999885,-0.195099999999938,-0.00485782,0.0240072
2.842,3.14551,-0.0183548,-0.0121793,0.0597042,0.0373000000000029,-0.194500000000022,-0.00484303,0.0239293
2.843,3.14549,-0.0182952,-0.0121421,0.0595103,0.0372000000000052,-0.193900000000018,-0.00482829,0.0238516
2.844,3.14548,-0.0182358,-0.012105,0.0593171,0.0371000000000041,-0.193200000000026,-0.00481359,0.0237741
2.845,3.14547,-0.0181766,-0.012068,0.0591245,0.0369999999999865,-0.19259999999993,-0.00479894,0.0236969
2.846,3.14546,-0.0181175,-0.0120311,0.0589325,0.0369000000000052,-0.192000000000026,-0.00478433,0.0236199
2.847,3.14545,-0.0180587,-0.0119943,0.0587412,0.0368000000000041,-0.191300000000019,-0.00476976,0.0235432
2.848,3.14543,-0.0180001,-0.0119576,0.0585504,0.0367000000000029,-0.190800000000019,-0.00475523,0.0234668
2.849,3.14542,-0.0179416,-0.0119211,0.0583603,0.0364999999999879,-0.190099999999942,-0.00474075,0.0233906
2.85,3.14541,-0.0178833,-0.0118846,0.0581708,0.0365000000000041,-0.189500000000016,-0.00472631,0.0233146
2.851,3.1454,-0.0178253,-0.0118483,0.057982,0.0363000000000035,-0.188800000000024,-0.00471192,0.0232389
2.852,3.14539,-0.0177674,-0.0118121,0.0577937,0.0362000000000041,-0.188300000000016,-0.00469756,0.0231635
2.853,3.14537,-0.0177097,-0.0117759,0.057606,0.036199999999988,-0.187699999999943,-0.00468325,0.0230882
2.854,3.14536,-0.0176522,-0.0117399,0.057419,0.0360000000000053,-0.18700000000002,-0.00466898,0.0230133
2.855,3.14535,-0.0175948,-0.011704,0.0572326,0.0359000000000024,-0.186400000000017,-0.00465476,0.0229385
2.856,3.14534,-0.0175377,-0.0116682,0.0570467,0.0358000000000047,-0.185900000000023,-0.00464057,0.022864
2.857,3.14533,-0.0174807,-0.0116325,0.0568615,0.0356999999999877,-0.185199999999935,-0.00462643,0.0227898
2.858,3.14532,-0.017424,-0.0115969,0.0566769,0.0356000000000041,-0.18460000000002,-0.00461233,0.0227158
2.859,3.1453,-0.0173674,-0.0115615,0.0564928,0.0354000000000036,-0.18410000000002,-0.00459827,0.022642
2.86,3.14529,-0.017311,-0.0115261,0.0563094,0.0354000000000053,-0.18340000000002,-0.00458426,0.0225685
2.861,3.14528,-0.0172548,-0.0114908,0.0561266,0.0352999999999867,-0.182799999999943,-0.00457028,0.0224952
2.862,3.14527,-0.0171987,-0.0114557,0.0559443,0.0351000000000053,-0.182300000000016,-0.00455635,0.0224222
2.863,3.14526,-0.0171429,-0.0114206,0.0557627,0.0351000000000036,-0.181600000000024,-0.00454246,0.0223493
2.864,3.14525,-0.0170872,-0.0113856,0.0555816,0.0350000000000042,-0.181100000000017,-0.00452861,0.0222768
2.865,3.14524,-0.0170317,-0.0113508,0.0554011,0.0347999999999881,-0.18049999999994,-0.0045148,0.0222044
2.866,3.14522,-0.0169764,-0.011316,0.0552212,0.0348000000000036,-0.179900000000024,-0.00450103,0.0221323
2.867,3.14521,-0.0169213,-0.0112814,0.0550419,0.034600000000003,-0.17930000000002,-0.0044873,0.0220605
2.868,3.1452,-0.0168663,-0.0112469,0.0548632,0.0345000000000036,-0.178700000000017,-0.00447361,0.0219888
2.869,3.14519,-0.0168116,-0.0112124,0.0546851,0.0344999999999883,-0.178099999999941,-0.00445997,0.0219174
2.87,3.14518,-0.016757,-0.0111781,0.0545075,0.0343000000000048,-0.17760000000002,-0.00444636,0.0218462
2.871,3.14517,-0.0167025,-0.0111439,0.0543305,0.0342000000000036,-0.177000000000023,-0.0044328,0.0217753
2.872,3.14516,-0.0166483,-0.0111097,0.0541541,0.0342000000000036,-0.17640000000002,-0.00441927,0.0217046
2.873,3.14515,-0.0165942,-0.0110757,0.0539783,0.033999999999988,-0.175799999999938,-0.00440579,0.0216341
2.874,3.14513,-0.0165404,-0.0110418,0.053803,0.0339000000000054,-0.175300000000023,-0.00439234,0.0215638
2.875,3.14512,-0.0164866,-0.011008,0.0536283,0.0338000000000025,-0.174700000000019,-0.00437894,0.0214938
2.876,3.14511,-0.0164331,-0.0109743,0.0534542,0.0337000000000048,-0.174100000000016,-0.00436557,0.021424
2.877,3.1451,-0.0163797,-0.0109406,0.0532806,0.0337000000000031,-0.173600000000022,-0.00435225,0.0213544
2.878,3.14509,-0.0163265,-0.0109071,0.0531076,0.0334999999999894,-0.172999999999942,-0.00433896,0.0212851
2.879,3.14508,-0.0162735,-0.0108737,0.0529352,0.0334000000000031,-0.172400000000015,-0.00432572,0.021216
2.88,3.14507,-0.0162207,-0.0108404,0.0527633,0.0333000000000037,-0.171900000000022,-0.00431251,0.0211471
2.881,3.14506,-0.016168,-0.0108072,0.0525919,0.0332000000000042,-0.171400000000021,-0.00429934,0.0210784
2.882,3.14505,-0.0161155,-0.010774,0.0524212,0.0331999999999878,-0.170699999999939,-0.00428621,0.02101
2.883,3.14504,-0.0160631,-0.010741,0.052251,0.0330000000000037,-0.170200000000021,-0.00427312,0.0209417
2.884,3.14503,-0.016011,-0.0107081,0.0520813,0.0329000000000043,-0.16970000000002,-0.00426007,0.0208737
2.885,3.14502,-0.015959,-0.0106753,0.0519122,0.0328000000000031,-0.169100000000017,-0.00424706,0.0208059
2.886,3.145,-0.0159072,-0.0106426,0.0517436,0.0326999999999892,-0.168599999999942,-0.00423409,0.0207384
2.887,3.14499,-0.0158555,-0.0106099,0.0515756,0.0327000000000037,-0.16800000000002,-0.00422116,0.020671
2.888,3.14498,-0.015804,-0.0105774,0.0514081,0.0325000000000031,-0.167500000000019,-0.00420826,0.0206039
2.889,3.14497,-0.0157527,-0.010545,0.0512412,0.0324000000000037,-0.166900000000016,-0.0041954,0.020537
2.89,3.14496,-0.0157015,-0.0105126,0.0510748,0.0323999999999893,-0.166399999999948,-0.00418259,0.0204703
2.891,3.14495,-0.0156505,-0.0104804,0.050909,0.0322000000000031,-0.165800000000012,-0.0041698,0.0204038
2.892,3.14494,-0.0155997,-0.0104483,0.0507437,0.0321000000000037,-0.165300000000018,-0.00415706,0.0203376
2.893,3.14493,-0.0155491,-0.0104162,0.0505789,0.0321000000000037,-0.164800000000018,-0.00414436,0.0202715
2.894,3.14492,-0.0154986,-0.0103843,0.0504147,0.031899999999989,-0.164199999999948,-0.00413169,0.0202057
2.895,3.14491,-0.0154482,-0.0103524,0.050251,0.0319000000000049,-0.163700000000021,-0.00411906,0.0201401
2.896,3.1449,-0.0153981,-0.0103206,0.0500878,0.0318000000000037,-0.163200000000013,-0.00410647,0.0200747
2.897,3.14489,-0.015348,-0.010289,0.0499252,0.0316000000000032,-0.162600000000017,-0.00409392,0.0200095
2.898,3.14488,-0.0152982,-0.0102574,0.049763,0.0315999999999891,-0.162199999999947,-0.0040814,0.0199445
2.899,3.14487,-0.0152485,-0.0102259,0.0496015,0.0315000000000037,-0.16150000000002,-0.00406892,0.0198797
2.9,3.14486,-0.015199,-0.0101946,0.0494404,0.0313000000000032,-0.161100000000015,-0.00405648,0.0198152
2.901,3.14485,-0.0151496,-0.0101633,0.0492799,0.0313000000000032,-0.160500000000019,-0.00404407,0.0197508
2.902,3.14484,-0.0151004,-0.0101321,0.0491198,0.0311999999999899,-0.16009999999995,-0.00403171,0.0196867
2.903,3.14483,-0.0150514,-0.010101,0.0489603,0.0311000000000026,-0.159500000000017,-0.00401938,0.0196227
2.904,3.14482,-0.0150025,-0.01007,0.0488014,0.0310000000000032,-0.158900000000014,-0.00400708,0.019559
2.905,3.14481,-0.0149538,-0.0100391,0.0486429,0.0309000000000038,-0.158500000000016,-0.00399482,0.0194955
2.906,3.1448,-0.0149052,-0.0100083,0.0484849,0.0307999999999907,-0.157999999999953,-0.0039826,0.0194322
2.907,3.14479,-0.0148568,-0.00997754,0.0483275,0.0307600000000029,-0.157400000000012,-0.00397042,0.0193691
2.908,3.14478,-0.0148086,-0.00994691,0.0481706,0.0306300000000036,-0.156900000000019,-0.00395827,0.0193062
2.909,3.14477,-0.0147605,-0.00991637,0.0480142,0.0305400000000024,-0.156400000000018,-0.00394616,0.0192435
2.91,3.14476,-0.0147126,-0.00988592,0.0478582,0.0304499999999911,-0.155999999999951,-0.00393408,0.019181
2.911,3.14475,-0.0146648,-0.00985556,0.0477028,0.0303600000000034,-0.155400000000017,-0.00392204,0.0191187
2.912,3.14474,-0.0146172,-0.0098253,0.0475479,0.0302600000000023,-0.154900000000017,-0.00391004,0.0190566
2.913,3.14473,-0.0145697,-0.00979512,0.0473936,0.0301800000000045,-0.154300000000013,-0.00389807,0.0189947
2.914,3.14472,-0.0145224,-0.00976504,0.0472397,0.03007999999999,-0.153899999999947,-0.00388614,0.018933
2.915,3.14471,-0.0144752,-0.00973504,0.0470863,0.0300000000000021,-0.153400000000022,-0.00387424,0.0188716
2.916,3.1447,-0.0144282,-0.00970514,0.0469334,0.0299000000000044,-0.152900000000014,-0.00386238,0.0188103
2.917,3.14469,-0.0143813,-0.00967533,0.046781,0.0298100000000032,-0.152400000000014,-0.00385056,0.0187492
2.918,3.14468,-0.0143346,-0.0096456,0.0466291,0.0297299999999887,-0.151899999999953,-0.00383877,0.0186883
2.919,3.14467,-0.0142881,-0.00961596,0.0464776,0.0296400000000042,-0.151500000000016,-0.00382701,0.0186276
2.92,3.14466,-0.0142417,-0.00958642,0.0463267,0.029540000000003,-0.150900000000019,-0.00381529,0.0185671
2.921,3.14465,-0.0141954,-0.00955696,0.0461763,0.0294600000000035,-0.150400000000012,-0.00380361,0.0185068
2.922,3.14464,-0.0141493,-0.00952759,0.0460263,0.0293699999999892,-0.149999999999954,-0.00379196,0.0184467
2.923,3.14463,-0.0141034,-0.00949831,0.0458769,0.0292800000000045,-0.149400000000017,-0.00378034,0.0183868
2.924,3.14462,-0.0140576,-0.00946912,0.0457279,0.0291900000000033,-0.149000000000013,-0.00376876,0.0183271
2.925,3.14461,-0.0140119,-0.00944001,0.0455794,0.0291100000000021,-0.148500000000019,-0.00375722,0.0182676
2.926,3.1446,-0.0139664,-0.00941099,0.0454314,0.0290199999999914,-0.147999999999953,-0.00374571,0.0182082
2.927,3.14459,-0.0139211,-0.00938206,0.0452839,0.0289300000000031,-0.147500000000011,-0.00373423,0.0181491
2.928,3.14459,-0.0138759,-0.00935322,0.0451369,0.0288400000000019,-0.147000000000017,-0.00372279,0.0180902
2.929,3.14458,-0.0138308,-0.00932446,0.0449903,0.0287600000000041,-0.14660000000002,-0.00371138,0.0180314
2.93,3.14457,-0.0137859,-0.00929579,0.0448442,0.0286699999999902,-0.146099999999947,-0.00370001,0.0179729
2.931,3.14456,-0.0137411,-0.00926721,0.0446986,0.0285800000000034,-0.145600000000019,-0.00368867,0.0179145
2.932,3.14455,-0.0136965,-0.00923871,0.0445534,0.0285000000000021,-0.145200000000014,-0.00367736,0.0178563
2.933,3.14454,-0.013652,-0.0092103,0.0444088,0.0284100000000044,-0.144600000000018,-0.00366609,0.0177983
2.934,3.14453,-0.0136077,-0.00918198,0.0442646,0.0283199999999906,-0.144199999999949,-0.00365485,0.0177405
2.935,3.14452,-0.0135635,-0.00915373,0.0441208,0.0282500000000019,-0.143800000000015,-0.00364365,0.0176829
2.936,3.14451,-0.0135194,-0.00912558,0.0439775,0.0281500000000042,-0.143300000000015,-0.00363248,0.0176255
2.937,3.1445,-0.0134755,-0.00909751,0.0438347,0.0280700000000029,-0.142800000000021,-0.00362134,0.0175683
2.938,3.14449,-0.0134318,-0.00906952,0.0436924,0.027989999999991,-0.14229999999995,-0.00361023,0.0175112
2.939,3.14448,-0.0133881,-0.00904162,0.0435505,0.0279000000000022,-0.141900000000016,-0.00359916,0.0174543
2.94,3.14448,-0.0133446,-0.0090138,0.0434091,0.0278200000000026,-0.141400000000015,-0.00358812,0.0173977
2.941,3.14447,-0.0133013,-0.00898606,0.0432681,0.0277400000000031,-0.141000000000018,-0.00357712,0.0173412
2.942,3.14446,-0.0132581,-0.00895841,0.0431276,0.0276499999999914,-0.140499999999948,-0.00356615,0.0172848
2.943,3.14445,-0.0132151,-0.00893084,0.0429876,0.0275700000000024,-0.140000000000017,-0.00355521,0.0172287
2.944,3.14444,-0.0131721,-0.00890336,0.042848,0.0274800000000029,-0.139600000000019,-0.0035443,0.0171727
2.945,3.14443,-0.0131294,-0.00887596,0.0427089,0.0274000000000034,-0.139100000000011,-0.00353343,0.017117
2.946,3.14442,-0.0130867,-0.00884864,0.0425702,0.0273199999999917,-0.138699999999952,-0.00352259,0.0170614
2.947,3.14441,-0.0130442,-0.0088214,0.0424319,0.0272400000000026,-0.138300000000016,-0.00351178,0.017006
2.948,3.1444,-0.0130019,-0.00879425,0.0422942,0.0271500000000031,-0.13770000000002,-0.003501,0.0169508
2.949,3.1444,-0.0129596,-0.00876717,0.0421568,0.0270800000000035,-0.137400000000011,-0.00349026,0.0168957
2.95,3.14439,-0.0129175,-0.00874018,0.0420199,0.0269899999999903,-0.136899999999957,-0.00347955,0.0168408
2.951,3.14438,-0.0128756,-0.00871327,0.0418835,0.0269100000000027,-0.136400000000017,-0.00346887,0.0167861
2.952,3.14437,-0.0128338,-0.00868644,0.0417475,0.0268300000000032,-0.136000000000012,-0.00345822,0.0167316
2.953,3.14436,-0.0127921,-0.00865969,0.0416119,0.0267500000000037,-0.135600000000015,-0.00344761,0.0166773
2.954,3.14435,-0.0127506,-0.00863303,0.0414768,0.0266599999999906,-0.135099999999954,-0.00343702,0.0166231
2.955,3.14434,-0.0127092,-0.00860644,0.0413421,0.0265900000000029,-0.134700000000016,-0.00342647,0.0165691
2.956,3.14433,-0.0126679,-0.00857993,0.0412078,0.0265100000000033,-0.134300000000012,-0.00341595,0.0165153
2.957,3.14433,-0.0126267,-0.0085535,0.041074,0.0264300000000021,-0.133800000000018,-0.00340546,0.0164617
2.958,3.14432,-0.0125857,-0.00852716,0.0409406,0.0263399999999909,-0.133399999999954,-0.003395,0.0164082
2.959,3.14431,-0.0125449,-0.00850089,0.0408077,0.026270000000003,-0.132900000000013,-0.00338458,0.016355
2.96,3.1443,-0.0125041,-0.0084747,0.0406752,0.0261900000000035,-0.132500000000015,-0.00337418,0.0163018
2.961,3.14429,-0.0124635,-0.00844859,0.0405431,0.0261100000000022,-0.132100000000018,-0.00336382,0.0162489
2.962,3.14428,-0.012423,-0.00842256,0.0404115,0.0260299999999911,-0.131599999999952,-0.00335349,0.0161961
2.963,3.14428,-0.0123827,-0.00839661,0.0402802,0.0259500000000031,-0.131300000000015,-0.00334319,0.0161435
2.964,3.14427,-0.0123425,-0.00837073,0.0401494,0.0258800000000035,-0.130800000000015,-0.00333292,0.0160911
2.965,3.14426,-0.0123024,-0.00834494,0.040019,0.0257900000000023,-0.130400000000017,-0.00332268,0.0160388
2.966,3.14425,-0.0122624,-0.00831922,0.0398891,0.0257199999999913,-0.129899999999959,-0.00331247,0.0159868
2.967,3.14424,-0.0122226,-0.00829358,0.0397596,0.0256400000000032,-0.129500000000012,-0.00330229,0.0159348
2.968,3.14423,-0.0121829,-0.00826802,0.0396304,0.0255600000000037,-0.12920000000001,-0.00329214,0.0158831
2.969,3.14423,-0.0121433,-0.00824253,0.0395018,0.0254900000000023,-0.128600000000021,-0.00328203,0.0158315
2.97,3.14422,-0.0121039,-0.00821712,0.0393735,0.0254099999999915,-0.128299999999955,-0.00327194,0.0157801
2.971,3.14421,-0.0120646,-0.00819179,0.0392456,0.0253300000000033,-0.127900000000014,-0.00326189,0.0157288
2.972,3.1442,-0.0120254,-0.00816654,0.0391182,0.025250000000002,-0.127400000000014,-0.00325186,0.0156778
2.973,3.14419,-0.0119864,-0.00814136,0.0389912,0.0251800000000024,-0.127000000000016,-0.00324186,0.0156268
2.974,3.14418,-0.0119474,-0.00811625,0.0388645,0.0251099999999917,-0.126699999999951,-0.0032319,0.0155761
2.975,3.14418,-0.0119086,-0.00809123,0.0387383,0.0250200000000033,-0.126200000000014,-0.00322196,0.0155255
2.976,3.14417,-0.01187,-0.00806628,0.0386125,0.024950000000002,-0.125800000000016,-0.00321206,0.0154751
2.977,3.14416,-0.0118314,-0.0080414,0.0384872,0.0248800000000024,-0.125300000000016,-0.00320218,0.0154248
2.978,3.14415,-0.011793,-0.0080166,0.0383622,0.0247999999999919,-0.124999999999958,-0.00319233,0.0153747
2.979,3.14414,-0.0117547,-0.00799187,0.0382376,0.0247300000000033,-0.124600000000016,-0.00318252,0.0153248
2.98,3.14414,-0.0117165,-0.00796722,0.0381134,0.024650000000002,-0.124200000000012,-0.00317273,0.015275
2.981,3.14413,-0.0116785,-0.00794265,0.0379897,0.0245700000000025,-0.123700000000011,-0.00316297,0.0152254
2.982,3.14412,-0.0116405,-0.00791814,0.0378663,0.024509999999992,-0.123399999999961,-0.00315324,0.015176
2.983,3.14411,-0.0116027,-0.00789371,0.0377433,0.0244300000000033,-0.123000000000012,-0.00314354,0.0151267
2.984,3.1441,-0.0115651,-0.00786936,0.0376208,0.0243500000000021,-0.122500000000011,-0.00313387,0.0150776
2.985,3.1441,-0.0115275,-0.00784508,0.0374986,0.0242800000000025,-0.122200000000016,-0.00312423,0.0150286
2.986,3.14409,-0.0114901,-0.00782087,0.0373768,0.0242099999999921,-0.121799999999958,-0.00311462,0.0149798
2.987,3.14408,-0.0114527,-0.00779674,0.0372555,0.0241300000000033,-0.121300000000018,-0.00310504,0.0149311
2.988,3.14407,-0.0114155,-0.00777268,0.0371345,0.0240600000000029,-0.121000000000009,-0.00309548,0.0148827
2.989,3.14407,-0.0113785,-0.00774869,0.0370139,0.0239900000000024,-0.120600000000012,-0.00308596,0.0148343
2.99,3.14406,-0.0113415,-0.00772477,0.0368937,0.0239199999999922,-0.120199999999961,-0.00307646,0.0147861
2.991,3.14405,-0.0113047,-0.00770093,0.0367739,0.0238400000000024,-0.119800000000016,-0.00306699,0.0147381
2.992,3.14404,-0.011268,-0.00767716,0.0366545,0.0237700000000028,-0.119400000000012,-0.00305755,0.0146903
2.993,3.14403,-0.0112314,-0.00765346,0.0365354,0.0237000000000024,-0.11910000000001,-0.00304814,0.0146426
2.994,3.14403,-0.0111949,-0.00762983,0.0364168,0.0236299999999923,-0.118599999999964,-0.00303876,0.014595
2.995,3.14402,-0.0111585,-0.00760628,0.0362985,0.0235500000000024,-0.118300000000015,-0.00302941,0.0145476
2.996,3.14401,-0.0111223,-0.00758279,0.0361807,0.0234900000000027,-0.117800000000007,-0.00302008,0.0145004
2.997,3.144,-0.0110862,-0.00755938,0.0360632,0.0234100000000023,-0.117500000000019,-0.00301078,0.0144533
2.998,3.144,-0.0110502,-0.00753603,0.0359461,0.0233499999999923,-0.117099999999956,-0.00300151,0.0144063
2.999,3.14399,-0.0110143,-0.00751276,0.0358293,0.0232700000000023,-0.116800000000013,-0.00299227,0.0143595
3,3.14398,-0.0109785,-0.00748956,0.035713,0.0232000000000027,-0.116300000000013,-0.00298306,0.0143129
3.001,3.14397,-0.0109429,-0.00746643,0.035597,0.0231300000000031,-0.116000000000018,-0.00297387,0.0142664
3.002,3.14397,-0.0109073,-0.00744337,0.0354814,0.0230600000000018,-0.115600000000006,-0.00296471,0.0142201
3.003,3.14396,-0.0108719,-0.00742038,0.0353662,0.0229899999999928,-0.115199999999964,-0.00295558,0.0141739
3.004,3.14395,-0.0108366,-0.00739746,0.0352513,0.0229200000000026,-0.114900000000014,-0.00294647,0.0141279
3.005,3.14394,-0.0108014,-0.0073746,0.0351369,0.0228600000000021,-0.114400000000013,-0.0029374,0.014082
3.006,3.14394,-0.0107663,-0.00735182,0.0350228,0.0227800000000025,-0.114100000000011,-0.00292835,0.0140363
3.007,3.14393,-0.0107314,-0.00732911,0.034909,0.0227099999999929,-0.113799999999959,-0.00291933,0.0139907
3.008,3.14392,-0.0106965,-0.00730646,0.0347957,0.0226500000000024,-0.113300000000016,-0.00291033,0.0139452
3.009,3.14392,-0.0106618,-0.00728389,0.0346827,0.022570000000002,-0.113000000000014,-0.00290137,0.0138999
3.01,3.14391,-0.0106271,-0.00726138,0.0345701,0.0225100000000032,-0.11260000000001,-0.00289243,0.0138548
3.011,3.1439,-0.0105926,-0.00723894,0.0344578,0.0224399999999919,-0.112299999999965,-0.00288351,0.0138098
3.012,3.14389,-0.0105582,-0.00721657,0.0343459,0.0223700000000023,-0.11190000000001,-0.00287463,0.013765
3.013,3.14389,-0.0105239,-0.00719426,0.0342344,0.0223100000000027,-0.111500000000013,-0.00286577,0.0137203
3.014,3.14388,-0.0104898,-0.00717203,0.0341232,0.0222300000000023,-0.111200000000011,-0.00285693,0.0136757
3.015,3.14387,-0.0104557,-0.00714986,0.0340124,0.0221699999999928,-0.110799999999964,-0.00284813,0.0136313
3.016,3.14386,-0.0104217,-0.00712775,0.0339019,0.0221100000000021,-0.110500000000012,-0.00283935,0.013587
3.017,3.14386,-0.0103879,-0.00710572,0.0337918,0.0220300000000026,-0.110100000000014,-0.0028306,0.0135429
3.018,3.14385,-0.0103542,-0.00708375,0.0336821,0.0219700000000029,-0.109700000000009,-0.00282187,0.0134989
3.019,3.14384,-0.0103205,-0.00706185,0.0335727,0.0218999999999927,-0.109399999999966,-0.00281317,0.0134551
3.02,3.14384,-0.010287,-0.00704002,0.0334637,0.021830000000002,-0.10900000000001,-0.00280449,0.0134114
3.021,3.14383,-0.0102536,-0.00701825,0.033355,0.0217700000000023,-0.108700000000008,-0.00279585,0.0133678
3.022,3.14382,-0.0102203,-0.00699655,0.0332467,0.0217000000000028,-0.108300000000018,-0.00278723,0.0133244
3.023,3.14382,-0.0101871,-0.00697491,0.0331387,0.0216399999999926,-0.107999999999961,-0.00277863,0.0132811
3.024,3.14381,-0.010154,-0.00695334,0.0330311,0.0215700000000026,-0.107600000000011,-0.00277006,0.013238
3.025,3.1438,-0.010121,-0.00693183,0.0329239,0.0215100000000021,-0.107200000000014,-0.00276152,0.013195
3.026,3.14379,-0.0100882,-0.00691039,0.0328169,0.0214400000000025,-0.107000000000008,-0.002753,0.0131521
3.027,3.14379,-0.0100554,-0.00688902,0.0327104,0.0213699999999926,-0.106499999999967,-0.00274451,0.0131094
3.028,3.14378,-0.0100228,-0.00686771,0.0326042,0.0213100000000024,-0.106200000000012,-0.00273604,0.0130669
3.029,3.14377,-0.0099902,-0.00684646,0.0324983,0.0212500000000019,-0.105900000000011,-0.0027276,0.0130244
3.03,3.14377,-0.00995776,-0.00682528,0.0323927,0.0211800000000023,-0.105600000000009,-0.00271918,0.0129821
3.031,3.14376,-0.00992542,-0.00680416,0.0322875,0.0211199999999933,-0.105199999999972,-0.00271079,0.01294
3.032,3.14375,-0.00989318,-0.00678311,0.0321827,0.0210500000000022,-0.104800000000007,-0.00270243,0.0128979
3.033,3.14375,-0.00986105,-0.00676212,0.0320782,0.0209900000000026,-0.104500000000012,-0.00269409,0.012856
3.034,3.14374,-0.00982903,-0.0067412,0.031974,0.0209200000000021,-0.10420000000001,-0.00268578,0.0128143
3.035,3.14373,-0.00979711,-0.00672034,0.0318702,0.0208599999999932,-0.103799999999966,-0.00267749,0.0127727
3.036,3.14373,-0.00976529,-0.00669954,0.0317667,0.0208000000000019,-0.103500000000011,-0.00266922,0.0127312
3.037,3.14372,-0.00973357,-0.0066788,0.0316635,0.0207400000000023,-0.103200000000016,-0.00266098,0.0126898
3.038,3.14371,-0.00970196,-0.00665813,0.0315607,0.0206700000000027,-0.102800000000011,-0.00265277,0.0126486
3.039,3.14371,-0.00967045,-0.00663752,0.0314582,0.020609999999993,-0.102499999999964,-0.00264458,0.0126075
3.04,3.1437,-0.00963905,-0.00661698,0.0313561,0.0205400000000026,-0.102100000000012,-0.00263642,0.0125666
3.041,3.14369,-0.00960774,-0.00659649,0.0312542,0.020490000000002,-0.101900000000006,-0.00262828,0.0125258
3.042,3.14369,-0.00957654,-0.00657607,0.0311527,0.0204200000000024,-0.101500000000016,-0.00262016,0.0124851
3.043,3.14368,-0.00954544,-0.00655571,0.0310516,0.0203599999999928,-0.101099999999966,-0.00261207,0.0124446
3.044,3.14367,-0.00951444,-0.00653542,0.0309507,0.0202900000000023,-0.100900000000009,-0.002604,0.0124041
3.045,3.14367,-0.00948354,-0.00651518,0.0308502,0.0202400000000026,-0.100500000000011,-0.00259596,0.0123639
3.046,3.14366,-0.00945274,-0.006495,0.03075,0.0201800000000021,-0.100200000000013,-0.00258795,0.0123237
3.047,3.14365,-0.00942204,-0.00647489,0.0306502,0.0201099999999935,-0.0997999999999673,-0.00257995,0.0122837
3.048,3.14365,-0.00939144,-0.00645484,0.0305506,0.020050000000002,-0.0996000000000093,-0.00257198,0.0122438
3.049,3.14364,-0.00936094,-0.00643485,0.0304514,0.0199900000000023,-0.0992000000000116,-0.00256404,0.012204
3.05,3.14363,-0.00933053,-0.00641492,0.0303525,0.0199300000000018,-0.0989000000000099,-0.00255612,0.0121644
3.051,3.14363,-0.00930023,-0.00639505,0.030254,0.0198699999999933,-0.0984999999999685,-0.00254822,0.0121249
3.052,3.14362,-0.00927003,-0.00637524,0.0301557,0.0198100000000025,-0.0983000000000099,-0.00254035,0.0120855
3.053,3.14362,-0.00923992,-0.00635549,0.0300578,0.019750000000002,-0.0979000000000122,-0.0025325,0.0120463
3.054,3.14361,-0.00920991,-0.0063358,0.0299602,0.0196900000000023,-0.0976000000000105,-0.00252468,0.0120071
3.055,3.1436,-0.00918,-0.00631617,0.0298629,0.0196299999999931,-0.0972999999999656,-0.00251687,0.0119681
3.056,3.1436,-0.00915019,-0.00629661,0.0297659,0.0195600000000022,-0.0970000000000105,-0.0025091,0.0119293
3.057,3.14359,-0.00912047,-0.0062771,0.0296692,0.0195100000000025,-0.0967000000000123,-0.00250134,0.0118905
3.058,3.14358,-0.00909085,-0.00625765,0.0295729,0.019450000000002,-0.0963000000000111,-0.00249361,0.0118519
3.059,3.14358,-0.00906132,-0.00623825,0.0294769,0.0193999999999937,-0.0959999999999668,-0.00248591,0.0118134
3.06,3.14357,-0.0090319,-0.00621892,0.0293811,0.0193300000000018,-0.0958000000000106,-0.00247822,0.011775
3.061,3.14357,-0.00900256,-0.00619965,0.0292857,0.0192700000000022,-0.0954000000000095,-0.00247056,0.0117368
3.062,3.14356,-0.00897332,-0.00618044,0.0291906,0.0192100000000025,-0.0951000000000112,-0.00246292,0.0116987
3.063,3.14355,-0.00894418,-0.00616128,0.0290958,0.0191599999999934,-0.0947999999999674,-0.00245531,0.0116607
3.064,3.14355,-0.00891513,-0.00614218,0.0290013,0.0191000000000023,-0.0945000000000112,-0.00244772,0.0116228
3.065,3.14354,-0.00888618,-0.00612314,0.0289072,0.0190400000000018,-0.0941000000000101,-0.00244015,0.0115851
3.066,3.14353,-0.00885732,-0.00610416,0.0288133,0.0189800000000021,-0.0939000000000113,-0.00243261,0.0115475
3.067,3.14353,-0.00882855,-0.00608524,0.0287197,0.0189199999999941,-0.093599999999968,-0.00242508,0.0115099
3.068,3.14352,-0.00879988,-0.00606637,0.0286264,0.0188700000000019,-0.0933000000000113,-0.00241758,0.0114726
3.069,3.14352,-0.0087713,-0.00604756,0.0285335,0.0188100000000023,-0.0929000000000102,-0.00241011,0.0114353
3.07,3.14351,-0.00874281,-0.00602881,0.0284408,0.0187500000000017,-0.0927000000000113,-0.00240265,0.0113982
3.071,3.1435,-0.00871442,-0.00601012,0.0283485,0.0186899999999938,-0.0922999999999692,-0.00239522,0.0113611
3.072,3.1435,-0.00868612,-0.00599148,0.0282564,0.0186400000000015,-0.0921000000000079,-0.00238781,0.0113243
3.073,3.14349,-0.00865791,-0.0059729,0.0281646,0.0185800000000027,-0.0918000000000096,-0.00238043,0.0112875
3.074,3.14349,-0.00862979,-0.00595438,0.0280732,0.0185200000000022,-0.091400000000012,-0.00237306,0.0112508
3.075,3.14348,-0.00860176,-0.00593591,0.027982,0.0184699999999934,-0.0911999999999692,-0.00236572,0.0112143
3.076,3.14347,-0.00857383,-0.0059175,0.0278911,0.018410000000002,-0.0909000000000114,-0.0023584,0.0111779
3.077,3.14347,-0.00854598,-0.00589914,0.0278006,0.0183600000000023,-0.0905000000000068,-0.00235111,0.0111416
3.078,3.14346,-0.00851823,-0.00588084,0.0277103,0.0183000000000018,-0.0903000000000114,-0.00234383,0.0111054
3.079,3.14346,-0.00849056,-0.0058626,0.0276203,0.018239999999994,-0.0899999999999698,-0.00233658,0.0110693
3.08,3.14345,-0.00846299,-0.00584441,0.0275306,0.0181900000000015,-0.0897000000000115,-0.00232935,0.0110333
3.081,3.14345,-0.0084355,-0.00582628,0.0274412,0.0181300000000027,-0.0894000000000097,-0.00232214,0.0109975
3.082,3.14344,-0.0084081,-0.00580821,0.0273521,0.0180700000000014,-0.089100000000008,-0.00231495,0.0109618
3.083,3.14343,-0.0083808,-0.00579018,0.0272633,0.0180299999999945,-0.0887999999999703,-0.00230779,0.0109262
3.084,3.14343,-0.00835358,-0.00577222,0.0271747,0.017960000000002,-0.0886000000000109,-0.00230064,0.0108907
3.085,3.14342,-0.00832645,-0.00575431,0.0270865,0.0179100000000014,-0.0882000000000098,-0.00229352,0.0108553
3.086,3.14342,-0.00829941,-0.00573645,0.0269985,0.0178600000000026,-0.0880000000000075,-0.00228642,0.0108201
3.087,3.14341,-0.00827245,-0.00571865,0.0269108,0.0177999999999942,-0.0876999999999738,-0.00227934,0.0107849
3.088,3.1434,-0.00824558,-0.0057009,0.0268234,0.0177500000000015,-0.0874000000000075,-0.00227229,0.0107499
3.089,3.1434,-0.00821881,-0.0056832,0.0267363,0.0177000000000018,-0.0871000000000093,-0.00226525,0.010715
3.09,3.14339,-0.00819211,-0.00566556,0.0266495,0.0176400000000021,-0.086800000000011,-0.00225824,0.0106802
3.091,3.14339,-0.00816551,-0.00564798,0.026563,0.0175799999999938,-0.0864999999999709,-0.00225124,0.0106455
3.092,3.14338,-0.00813899,-0.00563044,0.0264767,0.0175400000000027,-0.0863000000000105,-0.00224427,0.0106109
3.093,3.14338,-0.00811255,-0.00561296,0.0263907,0.0174800000000013,-0.0860000000000087,-0.00223732,0.0105765
3.094,3.14337,-0.00808621,-0.00559554,0.026305,0.0174200000000017,-0.0857000000000105,-0.00223039,0.0105421
3.095,3.14337,-0.00805994,-0.00557816,0.0262196,0.0173799999999942,-0.0853999999999708,-0.00222348,0.0105079
3.096,3.14336,-0.00803377,-0.00556085,0.0261344,0.0173100000000023,-0.0852000000000099,-0.0022166,0.0104738
3.097,3.14335,-0.00800768,-0.00554358,0.0260496,0.0172700000000017,-0.0848000000000088,-0.00220973,0.0104398
3.098,3.14335,-0.00798167,-0.00552636,0.025965,0.017220000000002,-0.08460000000001,-0.00220289,0.0104058
3.099,3.14334,-0.00795575,-0.0055092,0.0258806,0.0171599999999947,-0.0843999999999702,-0.00219606,0.010372
3.1,3.14334,-0.00792991,-0.00549209,0.0257966,0.0171100000000018,-0.08400000000001,-0.00218926,0.0103384
3.101,3.14333,-0.00790415,-0.00547504,0.0257128,0.0170500000000021,-0.0838000000000077,-0.00218248,0.0103048
3.102,3.14333,-0.00787848,-0.00545803,0.0256293,0.0170100000000015,-0.0835000000000094,-0.00217571,0.0102713
3.103,3.14332,-0.0078529,-0.00544108,0.0255461,0.0169499999999943,-0.0831999999999742,-0.00216897,0.010238
3.104,3.14332,-0.00782739,-0.00542418,0.0254631,0.0169000000000021,-0.0830000000000089,-0.00216225,0.0102047
3.105,3.14331,-0.00780197,-0.00540733,0.0253804,0.0168500000000015,-0.0827000000000072,-0.00215555,0.0101716
3.106,3.1433,-0.00777663,-0.00539053,0.025298,0.0168000000000018,-0.0824000000000089,-0.00214887,0.0101385
3.107,3.1433,-0.00775137,-0.00537378,0.0252159,0.0167499999999947,-0.0820999999999742,-0.00214221,0.0101056
3.108,3.14329,-0.0077262,-0.00535709,0.025134,0.0166900000000016,-0.0819000000000084,-0.00213557,0.0100728
3.109,3.14329,-0.00770111,-0.00534044,0.0250524,0.0166500000000018,-0.0816000000000101,-0.00212895,0.0100401
3.11,3.14328,-0.0076761,-0.00532385,0.024971,0.0165900000000022,-0.0814000000000078,-0.00212235,0.0100075
3.111,3.14328,-0.00765117,-0.00530731,0.0248899,0.0165399999999943,-0.0810999999999735,-0.00211577,0.00997496
3.112,3.14327,-0.00762632,-0.00529081,0.0248091,0.0165000000000018,-0.0808000000000078,-0.00210921,0.00994256
3.113,3.14327,-0.00760155,-0.00527437,0.0247285,0.0164400000000022,-0.080600000000009,-0.00210267,0.00991027
3.114,3.14326,-0.00757686,-0.00525798,0.0246482,0.0163900000000016,-0.0803000000000107,-0.00209615,0.00987809
3.115,3.14326,-0.00755225,-0.00524164,0.0245682,0.0163399999999946,-0.0799999999999735,-0.00208965,0.00984601
3.116,3.14325,-0.00752772,-0.00522535,0.0244884,0.0162900000000013,-0.0798000000000067,-0.00208317,0.00981403
3.117,3.14325,-0.00750328,-0.00520911,0.0244088,0.0162400000000016,-0.0796000000000079,-0.00207671,0.00978215
3.118,3.14324,-0.00747891,-0.00519291,0.0243296,0.0162000000000019,-0.0792000000000102,-0.00207027,0.00975038
3.119,3.14324,-0.00745462,-0.00517677,0.0242506,0.016139999999995,-0.0789999999999728,-0.00206385,0.00971872
3.12,3.14323,-0.00743041,-0.00516068,0.0241718,0.0160900000000016,-0.0788000000000091,-0.00205745,0.00968715
3.121,3.14323,-0.00740627,-0.00514463,0.0240933,0.0160500000000019,-0.0785000000000074,-0.00205107,0.00965569
3.122,3.14322,-0.00738222,-0.00512864,0.0240151,0.0159900000000013,-0.0782000000000091,-0.00204471,0.00962433
3.123,3.14322,-0.00735824,-0.00511269,0.0239371,0.0159499999999954,-0.0779999999999756,-0.00203836,0.00959307
3.124,3.14321,-0.00733435,-0.00509679,0.0238593,0.015900000000001,-0.077800000000008,-0.00203204,0.00956192
3.125,3.14321,-0.00731053,-0.00508095,0.0237819,0.0158400000000022,-0.0774000000000068,-0.00202574,0.00953086
3.126,3.1432,-0.00728678,-0.00506515,0.0237046,0.0158000000000016,-0.0773000000000109,-0.00201945,0.00949991
3.127,3.1432,-0.00726312,-0.00504939,0.0236276,0.0157600000000018,-0.0770000000000092,-0.00201318,0.00946905
3.128,3.14319,-0.00723953,-0.00503369,0.0235509,0.0156999999999943,-0.0766999999999734,-0.00200694,0.0094383
3.129,3.14319,-0.00721602,-0.00501803,0.0234744,0.0156600000000024,-0.0765000000000086,-0.00200071,0.00940765
3.13,3.14318,-0.00719258,-0.00500243,0.0233982,0.015600000000001,-0.0762000000000069,-0.0019945,0.00937709
3.131,3.14318,-0.00716922,-0.00498687,0.0233222,0.0155600000000021,-0.076000000000008,-0.00198831,0.00934664
3.132,3.14317,-0.00714594,-0.00497135,0.0232465,0.0155199999999946,-0.0756999999999762,-0.00198214,0.00931628
3.133,3.14317,-0.00712273,-0.00495589,0.023171,0.0154600000000018,-0.0755000000000075,-0.00197599,0.00928603
3.134,3.14316,-0.0070996,-0.00494047,0.0230957,0.0154200000000021,-0.0753000000000087,-0.00196985,0.00925587
3.135,3.14316,-0.00707654,-0.0049251,0.0230207,0.0153700000000015,-0.0750000000000069,-0.00196374,0.00922581
3.136,3.14315,-0.00705355,-0.00490978,0.022946,0.015319999999995,-0.0746999999999755,-0.00195764,0.00919584
3.137,3.14315,-0.00703065,-0.0048945,0.0228715,0.0152800000000011,-0.0745000000000099,-0.00195157,0.00916598
3.138,3.14314,-0.00700781,-0.00487927,0.0227972,0.0152300000000023,-0.0743000000000076,-0.00194551,0.00913621
3.139,3.14314,-0.00698505,-0.00486409,0.0227231,0.0151800000000017,-0.0741000000000087,-0.00193947,0.00910653
3.14,3.14313,-0.00696237,-0.00484895,0.0226493,0.0151399999999944,-0.0737999999999742,-0.00193345,0.00907696
3.141,3.14313,-0.00693975,-0.00483386,0.0225758,0.0150900000000023,-0.0735000000000087,-0.00192744,0.00904748
3.142,3.14312,-0.00691722,-0.00481882,0.0225025,0.0150400000000017,-0.0733000000000064,-0.00192146,0.00901809
3.143,3.14312,-0.00689475,-0.00480382,0.0224294,0.015000000000001,-0.0731000000000111,-0.00191549,0.00898881
3.144,3.14311,-0.00687236,-0.00478887,0.0223566,0.0149499999999956,-0.0727999999999736,-0.00190954,0.00895961
3.145,3.14311,-0.00685004,-0.00477396,0.022284,0.0149100000000016,-0.0726000000000071,-0.00190361,0.00893051
3.146,3.1431,-0.00682779,-0.0047591,0.0222116,0.0148600000000019,-0.0724000000000082,-0.0018977,0.00890151
3.147,3.1431,-0.00680561,-0.00474429,0.0221395,0.0148100000000013,-0.07210000000001,-0.0018918,0.0088726
3.148,3.14309,-0.00678351,-0.00472952,0.0220676,0.014769999999995,-0.0718999999999757,-0.00188593,0.00884378
3.149,3.14309,-0.00676148,-0.0047148,0.0219959,0.0147200000000018,-0.0717000000000088,-0.00188007,0.00881506
3.15,3.14308,-0.00673952,-0.00470012,0.0219245,0.0146800000000012,-0.0714000000000071,-0.00187423,0.00878643
3.151,3.14308,-0.00671763,-0.00468548,0.0218533,0.0146400000000023,-0.0712000000000083,-0.0018684,0.00875789
3.152,3.14307,-0.00669581,-0.00467089,0.0217823,0.0145899999999952,-0.0709999999999744,-0.0018626,0.00872945
3.153,3.14307,-0.00667407,-0.00465635,0.0217116,0.0145400000000011,-0.0707000000000077,-0.00185681,0.0087011
3.154,3.14306,-0.00665239,-0.00464185,0.021641,0.0145000000000014,-0.0706000000000083,-0.00185104,0.00867284
3.155,3.14306,-0.00663079,-0.00462739,0.0215708,0.0144600000000016,-0.0702000000000072,-0.00184529,0.00864467
3.156,3.14306,-0.00660925,-0.00461298,0.0215007,0.0144099999999955,-0.0700999999999766,-0.00183956,0.00861659
3.157,3.14305,-0.00658778,-0.00459862,0.0214309,0.0143600000000013,-0.0698000000000095,-0.00183384,0.00858861
3.158,3.14305,-0.00656639,-0.00458429,0.0213613,0.0143300000000015,-0.0696000000000072,-0.00182814,0.00856071
3.159,3.14304,-0.00654506,-0.00457001,0.0212919,0.0142800000000018,-0.0694000000000084,-0.00182246,0.00853291
3.16,3.14304,-0.00652381,-0.00455578,0.0212228,0.0142299999999957,-0.0690999999999759,-0.00181679,0.0085052
3.161,3.14303,-0.00650262,-0.00454159,0.0211538,0.0141900000000014,-0.0690000000000072,-0.00181115,0.00847757
3.162,3.14303,-0.0064815,-0.00452744,0.0210852,0.0141500000000017,-0.0686000000000095,-0.00180552,0.00845004
3.163,3.14302,-0.00646045,-0.00451333,0.0210167,0.014110000000001,-0.0685000000000067,-0.0017999,0.0084226
3.164,3.14302,-0.00643947,-0.00449927,0.0209484,0.0140599999999959,-0.0682999999999775,-0.00179431,0.00839524
3.165,3.14301,-0.00641855,-0.00448525,0.0208804,0.0140200000000016,-0.0680000000000061,-0.00178873,0.00836798
3.166,3.14301,-0.0063977,-0.00447128,0.0208126,0.013970000000001,-0.0678000000000073,-0.00178317,0.0083408
3.167,3.14301,-0.00637693,-0.00445735,0.020745,0.0139300000000021,-0.0676000000000084,-0.00177762,0.00831371
3.168,3.143,-0.00635622,-0.00444346,0.0206776,0.0138899999999953,-0.0673999999999762,-0.0017721,0.00828671
3.169,3.143,-0.00633557,-0.00442961,0.0206105,0.0138500000000017,-0.0671000000000079,-0.00176659,0.00825979
3.17,3.14299,-0.00631499,-0.00441581,0.0205435,0.0138000000000011,-0.0670000000000085,-0.00176109,0.00823297
3.171,3.14299,-0.00629448,-0.00440204,0.0204768,0.0137700000000013,-0.0667000000000067,-0.00175561,0.00820623
3.172,3.14298,-0.00627404,-0.00438833,0.0204103,0.0137099999999955,-0.0664999999999784,-0.00175015,0.00817958
3.173,3.14298,-0.00625366,-0.00437465,0.020344,0.0136800000000018,-0.0663000000000056,-0.00174471,0.00815301
3.174,3.14297,-0.00623335,-0.00436101,0.020278,0.0136400000000012,-0.0660000000000074,-0.00173928,0.00812653
3.175,3.14297,-0.00621311,-0.00434742,0.0202121,0.0135900000000015,-0.0659000000000079,-0.00173387,0.00810014
3.176,3.14297,-0.00619293,-0.00433387,0.0201465,0.0135499999999957,-0.0655999999999771,-0.00172848,0.00807383
3.177,3.14296,-0.00617282,-0.00432036,0.020081,0.0135100000000019,-0.0655000000000068,-0.0017231,0.00804761
3.178,3.14296,-0.00615277,-0.00430689,0.0200158,0.0134700000000013,-0.0652000000000085,-0.00171774,0.00802147
3.179,3.14295,-0.00613279,-0.00429346,0.0199508,0.0134300000000015,-0.0650000000000062,-0.0017124,0.00799542
3.18,3.14295,-0.00611287,-0.00428007,0.019886,0.0133899999999949,-0.0647999999999786,-0.00170707,0.00796945
3.181,3.14294,-0.00609301,-0.00426673,0.0198215,0.013340000000002,-0.0645000000000092,-0.00170176,0.00794357
3.182,3.14294,-0.00607322,-0.00425342,0.0197571,0.0133100000000014,-0.0644000000000063,-0.00169646,0.00791777
3.183,3.14294,-0.0060535,-0.00424016,0.0196929,0.0132600000000016,-0.0642000000000074,-0.00169118,0.00789205
3.184,3.14293,-0.00603384,-0.00422694,0.019629,0.0132199999999951,-0.0638999999999773,-0.00168592,0.00786642
3.185,3.14293,-0.00601424,-0.00421375,0.0195652,0.0131900000000021,-0.0638000000000063,-0.00168067,0.00784087
3.186,3.14292,-0.00599471,-0.00420061,0.0195017,0.0131400000000015,-0.0635000000000081,-0.00167544,0.00781541
3.187,3.14292,-0.00597524,-0.00418751,0.0194384,0.0131000000000008,-0.0633000000000057,-0.00167023,0.00779002
3.188,3.14291,-0.00595583,-0.00417445,0.0193752,0.0130599999999961,-0.0631999999999817,-0.00166503,0.00776472
3.189,3.14291,-0.00593649,-0.00416143,0.0193123,0.0130200000000013,-0.0629000000000046,-0.00165985,0.00773951
3.19,3.14291,-0.00591721,-0.00414845,0.0192496,0.0129800000000015,-0.0627000000000093,-0.00165468,0.00771437
3.191,3.1429,-0.00589799,-0.00413551,0.0191871,0.0129400000000009,-0.0625000000000069,-0.00164953,0.00768931
3.192,3.1429,-0.00587883,-0.00412261,0.0191248,0.0128999999999963,-0.062299999999977,-0.00164439,0.00766434
3.193,3.14289,-0.00585974,-0.00410975,0.0190627,0.0128600000000014,-0.0621000000000093,-0.00163927,0.00763945
3.194,3.14289,-0.00584071,-0.00409692,0.0190007,0.0128300000000007,-0.0620000000000064,-0.00163417,0.00761464
3.195,3.14289,-0.00582174,-0.00408414,0.018939,0.0127800000000018,-0.0617000000000047,-0.00162908,0.00758991
3.196,3.14288,-0.00580283,-0.0040714,0.0188775,0.0127399999999955,-0.061499999999982,-0.00162401,0.00756525
3.197,3.14288,-0.00578399,-0.00405869,0.0188162,0.0127100000000014,-0.0613000000000035,-0.00161895,0.00754068
3.198,3.14287,-0.0057652,-0.00404603,0.0187551,0.0126600000000017,-0.0611000000000082,-0.00161391,0.00751619
3.199,3.14287,-0.00574648,-0.0040334,0.0186942,0.012630000000001,-0.0609000000000059,-0.00160888,0.00749178
3.2,3.14287,-0.00572781,-0.00402082,0.0186335,0.0125799999999966,-0.0606999999999801,-0.00160387,0.00746745
3.201,3.14286,-0.00570921,-0.00400827,0.018573,0.0125500000000006,-0.0605000000000082,-0.00159888,0.0074432
3.202,3.14286,-0.00569067,-0.00399576,0.0185127,0.0125100000000017,-0.0603000000000059,-0.0015939,0.00741902
3.203,3.14285,-0.00567218,-0.00398329,0.0184526,0.0124700000000019,-0.0601000000000071,-0.00158893,0.00739493
3.204,3.14285,-0.00565376,-0.00397085,0.0183926,0.0124399999999957,-0.059999999999981,-0.00158398,0.00737091
3.205,3.14285,-0.0056354,-0.00395846,0.0183329,0.0123900000000015,-0.0597000000000059,-0.00157905,0.00734697
3.206,3.14284,-0.0056171,-0.0039461,0.0182734,0.0123600000000008,-0.0595000000000071,-0.00157413,0.00732311
3.207,3.14284,-0.00559885,-0.00393378,0.018214,0.0123200000000019,-0.0594000000000042,-0.00156922,0.00729932
3.208,3.14283,-0.00558067,-0.0039215,0.0181549,0.0122799999999958,-0.0590999999999797,-0.00156433,0.00727562
3.209,3.14283,-0.00556254,-0.00390926,0.0180959,0.0122400000000006,-0.0590000000000065,-0.00155946,0.00725199
3.21,3.14283,-0.00554448,-0.00389705,0.0180371,0.0122100000000017,-0.0588000000000077,-0.0015546,0.00722843
3.211,3.14282,-0.00552647,-0.00388489,0.0179786,0.0121600000000015,-0.058500000000006,-0.00154976,0.00720496
3.212,3.14282,-0.00550852,-0.00387276,0.0179202,0.0121299999999959,-0.0583999999999806,-0.00154493,0.00718156
3.213,3.14281,-0.00549063,-0.00386066,0.017862,0.012100000000001,-0.0582000000000077,-0.00154011,0.00715823
3.214,3.14281,-0.0054728,-0.00384861,0.017804,0.0120500000000013,-0.0580000000000054,-0.00153531,0.00713498
3.215,3.14281,-0.00545502,-0.00383659,0.0177461,0.0120200000000015,-0.057900000000006,-0.00153053,0.00711181
3.216,3.1428,-0.00543731,-0.00382461,0.0176885,0.011979999999996,-0.0575999999999822,-0.00152576,0.00708871
3.217,3.1428,-0.00541965,-0.00381266,0.0176311,0.0119500000000015,-0.0574000000000054,-0.001521,0.00706569
3.218,3.1428,-0.00540204,-0.00380076,0.0175738,0.0119000000000013,-0.057300000000006,-0.00151626,0.00704274
3.219,3.14279,-0.0053845,-0.00378888,0.0175167,0.011880000000001,-0.0571000000000072,-0.00151153,0.00701987
3.22,3.14279,-0.00536701,-0.00377705,0.0174599,0.0118299999999961,-0.0567999999999802,-0.00150682,0.00699707
3.221,3.14278,-0.00534958,-0.00376525,0.0174032,0.0118000000000015,-0.0567000000000061,-0.00150212,0.00697434
3.222,3.14278,-0.0053322,-0.00375349,0.0173466,0.0117600000000013,-0.0566000000000066,-0.00149744,0.00695169
3.223,3.14278,-0.00531489,-0.00374176,0.0172903,0.0117300000000015,-0.0563000000000049,-0.00149277,0.00692911
3.224,3.14277,-0.00529762,-0.00373007,0.0172341,0.0116899999999961,-0.056199999999984,-0.00148811,0.00690661
3.225,3.14277,-0.00528042,-0.00371842,0.0171782,0.0116500000000011,-0.0559000000000038,-0.00148347,0.00688418
3.226,3.14277,-0.00526327,-0.0037068,0.0171224,0.0116200000000012,-0.0558000000000078,-0.00147885,0.00686182
3.227,3.14276,-0.00524617,-0.00369522,0.0170668,0.0115800000000015,-0.0556000000000055,-0.00147424,0.00683953
3.228,3.14276,-0.00522914,-0.00368367,0.0170114,0.0115499999999961,-0.0553999999999821,-0.00146964,0.00681732
3.229,3.14275,-0.00521215,-0.00367216,0.0169561,0.0115100000000014,-0.0553000000000038,-0.00146506,0.00679518
3.23,3.14275,-0.00519522,-0.00366069,0.016901,0.0114700000000012,-0.0551000000000084,-0.00146049,0.00677311
3.231,3.14275,-0.00517835,-0.00364925,0.0168462,0.011440000000001,-0.0548000000000067,-0.00145593,0.00675111
3.232,3.14274,-0.00516153,-0.00363784,0.0167915,0.0114099999999965,-0.0546999999999795,-0.00145139,0.00672918
3.233,3.14274,-0.00514477,-0.00362647,0.0167369,0.0113700000000009,-0.0546000000000079,-0.00144686,0.00670733
3.234,3.14274,-0.00512806,-0.00361514,0.0166826,0.0113300000000012,-0.0543000000000062,-0.00144235,0.00668554
3.235,3.14273,-0.0051114,-0.00360384,0.0166284,0.0113000000000014,-0.0542000000000033,-0.00143785,0.00666383
3.236,3.14273,-0.0050948,-0.00359258,0.0165744,0.0112599999999962,-0.0539999999999839,-0.00143336,0.00664219
3.237,3.14273,-0.00507825,-0.00358135,0.0165206,0.0112300000000013,-0.0538000000000056,-0.00142889,0.00662061
3.238,3.14272,-0.00506176,-0.00357015,0.0164669,0.0112000000000015,-0.0537000000000062,-0.00142443,0.00659911
3.239,3.14272,-0.00504532,-0.00355899,0.0164134,0.0111600000000009,-0.0535000000000039,-0.00141999,0.00657768
3.24,3.14271,-0.00502893,-0.00354786,0.0163601,0.0111299999999965,-0.0532999999999849,-0.00141556,0.00655632
3.241,3.14271,-0.0050126,-0.00353677,0.016307,0.0110900000000013,-0.0531000000000062,-0.00141114,0.00653502
3.242,3.14271,-0.00499632,-0.00352571,0.016254,0.011060000000001,-0.0530000000000033,-0.00140673,0.0065138
3.243,3.1427,-0.00498009,-0.00351469,0.0162013,0.0110200000000013,-0.0527000000000086,-0.00140234,0.00649264
3.244,3.1427,-0.00496392,-0.0035037,0.0161486,0.0109899999999965,-0.0526999999999817,-0.00139797,0.00647155
3.245,3.1427,-0.0049478,-0.00349274,0.0160962,0.0109600000000012,-0.0524000000000034,-0.0013936,0.00645054
3.246,3.14269,-0.00493173,-0.00348182,0.0160439,0.010920000000001,-0.0523000000000074,-0.00138925,0.00642959
3.247,3.14269,-0.00491571,-0.00347093,0.0159918,0.0108900000000011,-0.0521000000000051,-0.00138492,0.0064087
3.248,3.14269,-0.00489974,-0.00346008,0.0159399,0.0108499999999966,-0.0518999999999832,-0.00138059,0.00638789
3.249,3.14268,-0.00488383,-0.00344926,0.0158881,0.0108200000000011,-0.0518000000000069,-0.00137628,0.00636714
3.25,3.14268,-0.00486797,-0.00343847,0.0158365,0.0107900000000013,-0.0516000000000046,-0.00137199,0.00634646
3.251,3.14268,-0.00485216,-0.00342771,0.0157851,0.010760000000001,-0.0514000000000057,-0.0013677,0.00632585
3.252,3.14267,-0.0048364,-0.00341699,0.0157338,0.0107200000000013,-0.0513000000000063,-0.00136343,0.0063053
3.253,3.14267,-0.00482069,-0.0034063,0.0156827,0.0106899999999963,-0.0510999999999813,-0.00135918,0.00628483
3.254,3.14267,-0.00480503,-0.00339565,0.0156318,0.0106500000000012,-0.0509000000000052,-0.00135493,0.00626441
3.255,3.14266,-0.00478943,-0.00338503,0.015581,0.0106200000000014,-0.0508000000000075,-0.0013507,0.00624407
3.256,3.14266,-0.00477387,-0.00337444,0.0155304,0.0105900000000012,-0.0506000000000052,-0.00134648,0.00622379
3.257,3.14266,-0.00475837,-0.00336388,0.01548,0.0105599999999962,-0.0503999999999822,-0.00134228,0.00620357
3.258,3.14265,-0.00474291,-0.00335336,0.0154297,0.0105200000000011,-0.0503000000000069,-0.00133809,0.00618343
3.259,3.14265,-0.00472751,-0.00334286,0.0153796,0.0105000000000012,-0.0501000000000046,-0.00133391,0.00616334
3.26,3.14265,-0.00471215,-0.0033324,0.0153297,0.010460000000001,-0.0499000000000058,-0.00132974,0.00614333
3.261,3.14264,-0.00469685,-0.00332198,0.0152799,0.0104199999999967,-0.0497999999999825,-0.00132559,0.00612337
3.262,3.14264,-0.00468159,-0.00331158,0.0152303,0.010400000000001,-0.0496000000000058,-0.00132145,0.00610349
3.263,3.14264,-0.00466639,-0.00330122,0.0151808,0.0103600000000012,-0.0495000000000064,-0.00131732,0.00608366
3.264,3.14263,-0.00465123,-0.00329089,0.0151315,0.0103300000000014,-0.0493000000000041,-0.0013132,0.0060639
3.265,3.14263,-0.00463612,-0.00328059,0.0150824,0.0102999999999965,-0.0490999999999852,-0.0013091,0.00604421
3.266,3.14263,-0.00462107,-0.00327032,0.0150334,0.0102700000000009,-0.0490000000000041,-0.00130501,0.00602458
3.267,3.14262,-0.00460606,-0.00326009,0.0149846,0.0102300000000011,-0.0488000000000053,-0.00130093,0.00600501
3.268,3.14262,-0.0045911,-0.00324988,0.0149359,0.0102100000000012,-0.0487000000000058,-0.00129687,0.00598551
3.269,3.14262,-0.00457619,-0.00323971,0.0148874,0.0101699999999969,-0.0484999999999837,-0.00129282,0.00596607
3.27,3.14261,-0.00456132,-0.00322957,0.014839,0.0101400000000007,-0.0484000000000059,-0.00128878,0.00594669
3.271,3.14261,-0.00454651,-0.00321946,0.0147908,0.0101100000000014,-0.0482000000000053,-0.00128475,0.00592738
3.272,3.14261,-0.00453174,-0.00320938,0.0147428,0.0100800000000011,-0.0480000000000047,-0.00128074,0.00590813
3.273,3.1426,-0.00451702,-0.00319933,0.0146949,0.0100499999999968,-0.047899999999984,-0.00127673,0.00588894
3.274,3.1426,-0.00450235,-0.00318932,0.0146472,0.0100100000000011,-0.0477000000000047,-0.00127274,0.00586981
3.275,3.1426,-0.00448773,-0.00317933,0.0145996,0.00999000000000075,-0.0476000000000053,-0.00126877,0.00585075
3.276,3.14259,-0.00447315,-0.00316938,0.0145522,0.00995000000000142,-0.0474000000000065,-0.0012648,0.00583174
3.277,3.14259,-0.00445863,-0.00315945,0.014505,0.00992999999999669,-0.0471999999999832,-0.00126085,0.0058128
3.278,3.14259,-0.00444414,-0.00314956,0.0144579,0.0098900000000009,-0.0471000000000065,-0.0012569,0.00579392
3.279,3.14258,-0.00442971,-0.0031397,0.0144109,0.00986000000000108,-0.0470000000000036,-0.00125298,0.00577511
3.28,3.14258,-0.00441532,-0.00312986,0.0143641,0.00984000000000119,-0.0468000000000065,-0.00124906,0.00575635
3.281,3.14258,-0.00440098,-0.00312006,0.0143175,0.00979999999999664,-0.0465999999999835,-0.00124515,0.00573765
3.282,3.14257,-0.00438669,-0.00311029,0.014271,0.00977000000000117,-0.0465000000000048,-0.00124126,0.00571902
3.283,3.14257,-0.00437244,-0.00310055,0.0142246,0.00974000000000091,-0.0464000000000054,-0.00123738,0.00570044
3.284,3.14257,-0.00435824,-0.00309084,0.0141784,0.00971000000000108,-0.0462000000000048,-0.00123351,0.00568193
3.285,3.14257,-0.00434408,-0.00308116,0.0141324,0.00967999999999696,-0.0459999999999855,-0.00122965,0.00566348
3.286,3.14256,-0.00432997,-0.00307151,0.0140865,0.009650000000001,-0.0459000000000048,-0.00122581,0.00564508
3.287,3.14256,-0.00431591,-0.00306188,0.0140407,0.00963000000000111,-0.0458000000000054,-0.00122198,0.00562675
3.288,3.14256,-0.00430189,-0.00305229,0.0139951,0.00959000000000092,-0.0456000000000048,-0.00121815,0.00560847
3.289,3.14255,-0.00428792,-0.00304273,0.0139497,0.00955999999999685,-0.0453999999999841,-0.00121434,0.00559026
3.29,3.14255,-0.00427399,-0.0030332,0.0139044,0.00953000000000126,-0.0453000000000048,-0.00121055,0.0055721
3.291,3.14255,-0.00426011,-0.0030237,0.0138592,0.00950000000000101,-0.0452000000000054,-0.00120676,0.005554
3.292,3.14254,-0.00424628,-0.00301422,0.0138142,0.00948000000000069,-0.0450000000000049,-0.00120299,0.00553596
3.293,3.14254,-0.00423248,-0.00300478,0.0137694,0.00943999999999716,-0.0447999999999861,-0.00119922,0.00551798
3.294,3.14254,-0.00421874,-0.00299536,0.0137246,0.00942000000000104,-0.0448000000000043,-0.00119547,0.00550006
3.295,3.14254,-0.00420504,-0.00298598,0.0136801,0.00938000000000084,-0.0445000000000043,-0.00119173,0.0054822
3.296,3.14253,-0.00419138,-0.00297662,0.0136356,0.00936000000000095,-0.044500000000006,-0.001188,0.00546439
3.297,3.14253,-0.00417776,-0.00296729,0.0135914,0.00932999999999699,-0.0441999999999847,-0.00118429,0.00544665
3.298,3.14253,-0.0041642,-0.00295799,0.0135472,0.00930000000000087,-0.0442000000000043,-0.00118058,0.00542896
3.299,3.14252,-0.00415067,-0.00294872,0.0135032,0.00927000000000105,-0.0440000000000055,-0.00117689,0.00541132
3.3,3.14252,-0.00413719,-0.00293948,0.0134594,0.00924000000000122,-0.0438000000000049,-0.00117321,0.00539375
3.301,3.14252,-0.00412375,-0.00293027,0.0134157,0.00920999999999687,-0.0436999999999861,-0.00116954,0.00537623
3.302,3.14251,-0.00411036,-0.00292108,0.0133721,0.00919000000000108,-0.0436000000000043,-0.00116588,0.00535877
3.303,3.14251,-0.00409701,-0.00291193,0.0133287,0.00915000000000088,-0.0434000000000038,-0.00116223,0.00534136
3.304,3.14251,-0.0040837,-0.0029028,0.0132854,0.009130000000001,-0.0433000000000061,-0.00115859,0.00532402
3.305,3.14251,-0.00407044,-0.0028937,0.0132422,0.00909999999999713,-0.043199999999984,-0.00115496,0.00530673
3.306,3.1425,-0.00405722,-0.00288463,0.0131992,0.00907000000000091,-0.0430000000000061,-0.00115135,0.00528949
3.307,3.1425,-0.00404404,-0.00287559,0.0131564,0.00904000000000108,-0.0428000000000038,-0.00114775,0.00527231
3.308,3.1425,-0.0040309,-0.00286657,0.0131136,0.00902000000000077,-0.0428000000000055,-0.00114415,0.00525519
3.309,3.14249,-0.00401781,-0.00285758,0.013071,0.00898999999999695,-0.0425999999999861,-0.00114057,0.00523812
3.31,3.14249,-0.00400476,-0.00284863,0.0130286,0.00895000000000118,-0.0424000000000044,-0.001137,0.00522111
3.311,3.14249,-0.00399176,-0.00283969,0.0129863,0.0089400000000008,-0.042300000000005,-0.00113344,0.00520415
3.312,3.14249,-0.00397879,-0.00283079,0.0129441,0.00890000000000103,-0.0422000000000038,-0.00112989,0.00518725
3.313,3.14248,-0.00396587,-0.00282191,0.0129021,0.00887999999999721,-0.0419999999999863,-0.00112636,0.0051704
3.314,3.14248,-0.00395299,-0.00281306,0.0128602,0.00885000000000089,-0.0419000000000038,-0.00112283,0.00515361
3.315,3.14248,-0.00394015,-0.00280424,0.0128184,0.00882000000000107,-0.0418000000000044,-0.00111932,0.00513687
3.316,3.14247,-0.00392735,-0.00279545,0.0127768,0.00879000000000081,-0.0416000000000056,-0.00111581,0.00512018
3.317,3.14247,-0.00391459,-0.00278668,0.0127353,0.00876999999999703,-0.041499999999986,-0.00111232,0.00510355
3.318,3.14247,-0.00390188,-0.00277794,0.0126939,0.0087400000000011,-0.041400000000005,-0.00110883,0.00508698
3.319,3.14247,-0.00388921,-0.00276923,0.0126527,0.00871000000000084,-0.0412000000000045,-0.00110536,0.00507046
3.32,3.14246,-0.00387657,-0.00276054,0.0126116,0.00869000000000096,-0.0411000000000033,-0.0011019,0.00505399
3.321,3.14246,-0.00386398,-0.00275188,0.0125707,0.00865999999999729,-0.0408999999999863,-0.00109845,0.00503757
3.322,3.14246,-0.00385143,-0.00274325,0.0125298,0.00863000000000087,-0.0409000000000045,-0.00109501,0.00502121
3.323,3.14246,-0.00383892,-0.00273465,0.0124891,0.00860000000000105,-0.0407000000000056,-0.00109158,0.0050049
3.324,3.14245,-0.00382646,-0.00272607,0.0124486,0.00858000000000073,-0.0405000000000033,-0.00108816,0.00498865
3.325,3.14245,-0.00381403,-0.00271752,0.0124082,0.00854999999999711,-0.0403999999999877,-0.00108475,0.00497245
3.326,3.14245,-0.00380164,-0.00270899,0.0123679,0.00853000000000102,-0.0403000000000045,-0.00108136,0.0049563
3.327,3.14244,-0.00378929,-0.00270049,0.0123277,0.0085000000000012,-0.0402000000000033,-0.00107797,0.0049402
3.328,3.14244,-0.00377698,-0.00269202,0.0122877,0.00847000000000094,-0.0400000000000045,-0.00107459,0.00492415
3.329,3.14244,-0.00376472,-0.00268357,0.0122478,0.00844999999999687,-0.0398999999999874,-0.00107122,0.00490816
3.33,3.14244,-0.00375249,-0.00267515,0.012208,0.00842000000000123,-0.0398000000000039,-0.00106787,0.00489222
3.331,3.14243,-0.0037403,-0.00266676,0.0121683,0.00839000000000097,-0.0397000000000045,-0.00106452,0.00487633
3.332,3.14243,-0.00372815,-0.00265839,0.0121288,0.00837000000000065,-0.039500000000004,-0.00106119,0.00486049
3.333,3.14243,-0.00371604,-0.00265005,0.0120894,0.00833999999999712,-0.039399999999987,-0.00105786,0.00484471
3.334,3.14243,-0.00370397,-0.00264173,0.0120502,0.00832000000000095,-0.039200000000004,-0.00105455,0.00482897
3.335,3.14242,-0.00369194,-0.00263344,0.012011,0.00829000000000112,-0.039200000000004,-0.00105124,0.00481329
3.336,3.14242,-0.00367995,-0.00262517,0.011972,0.0082700000000008,-0.0390000000000051,-0.00104795,0.00479765
3.337,3.14242,-0.003668,-0.00261693,0.0119331,0.00823999999999732,-0.0388999999999867,-0.00104467,0.00478207
3.338,3.14242,-0.00365609,-0.00260872,0.0118944,0.00821000000000072,-0.0387000000000051,-0.00104139,0.00476654
3.339,3.14241,-0.00364421,-0.00260053,0.0118558,0.00819000000000084,-0.038600000000004,-0.00103813,0.00475106
3.34,3.14241,-0.00363238,-0.00259237,0.0118173,0.00816000000000101,-0.0385000000000046,-0.00103487,0.00473563
3.341,3.14241,-0.00362058,-0.00258423,0.0117789,0.00813999999999751,-0.0383999999999864,-0.00103163,0.00472025
3.342,3.1424,-0.00360882,-0.00257612,0.0117406,0.00811000000000087,-0.038300000000004,-0.0010284,0.00470492
3.343,3.1424,-0.0035971,-0.00256803,0.0117025,0.00809000000000099,-0.0381000000000052,-0.00102517,0.00468964
3.344,3.1424,-0.00358541,-0.00255997,0.0116645,0.00806000000000073,-0.038000000000004,-0.00102196,0.0046744
3.345,3.1424,-0.00357377,-0.00255193,0.0116266,0.00803999999999727,-0.037899999999986,-0.00101876,0.00465922
3.346,3.14239,-0.00356216,-0.00254392,0.0115889,0.00801000000000102,-0.0377000000000058,-0.00101556,0.00464409
3.347,3.14239,-0.00355059,-0.00253593,0.0115512,0.0079900000000007,-0.037700000000004,-0.00101238,0.00462901
3.348,3.14239,-0.00353906,-0.00252797,0.0115137,0.00796000000000087,-0.0375000000000035,-0.00100921,0.00461397
3.349,3.14239,-0.00352756,-0.00252003,0.0114763,0.00793999999999746,-0.0373999999999874,-0.00100604,0.00459899
3.35,3.14238,-0.00351611,-0.00251212,0.0114391,0.00791000000000073,-0.0372000000000035,-0.00100289,0.00458405
3.351,3.14238,-0.00350468,-0.00250423,0.0114019,0.00789000000000085,-0.0372000000000052,-0.000999742,0.00456916
3.352,3.14238,-0.0034933,-0.00249637,0.0113649,0.00786000000000102,-0.0370000000000029,-0.000996607,0.00455432
3.353,3.14238,-0.00348196,-0.00248853,0.011328,0.00783999999999723,-0.0368999999999888,-0.000993482,0.00453953
3.354,3.14237,-0.00347065,-0.00248071,0.0112912,0.00782000000000082,-0.0368000000000041,-0.000990367,0.00452479
3.355,3.14237,-0.00345937,-0.00247292,0.0112545,0.007790000000001,-0.0367000000000029,-0.000987261,0.00451009
3.356,3.14237,-0.00344814,-0.00246515,0.011218,0.00777000000000068,-0.0365000000000041,-0.000984165,0.00449544
3.357,3.14237,-0.00343694,-0.00245741,0.0111815,0.00773999999999742,-0.0364999999999879,-0.000981078,0.00448084
3.358,3.14236,-0.00342577,-0.00244969,0.0111452,0.00772000000000097,-0.0363000000000053,-0.000978001,0.00446629
3.359,3.14236,-0.00341465,-0.002442,0.011109,0.00769000000000071,-0.0362000000000024,-0.000974933,0.00445178
3.36,3.14236,-0.00340356,-0.00243432,0.0110729,0.00768000000000121,-0.0361000000000047,-0.000971875,0.00443732
3.361,3.14236,-0.0033925,-0.00242668,0.011037,0.00763999999999718,-0.0358999999999882,-0.000968827,0.00442291
3.362,3.14235,-0.00338148,-0.00241905,0.0110011,0.00763000000000106,-0.0359000000000041,-0.000965788,0.00440855
3.363,3.14235,-0.0033705,-0.00241145,0.0109654,0.0076000000000008,-0.0357000000000036,-0.000962758,0.00439423
3.364,3.14235,-0.00335955,-0.00240388,0.0109298,0.00757000000000055,-0.0356000000000041,-0.000959738,0.00437996
3.365,3.14235,-0.00334864,-0.00239632,0.0108943,0.00755999999999768,-0.0354999999999872,-0.000956727,0.00436573
3.366,3.14235,-0.00333776,-0.0023888,0.0108589,0.00752000000000084,-0.0354000000000053,-0.000953725,0.00435155
3.367,3.14234,-0.00332692,-0.00238129,0.0108237,0.0075100000000009,-0.035200000000003,-0.000950733,0.00433742
3.368,3.14234,-0.00331612,-0.00237381,0.0107885,0.00748000000000064,-0.0352000000000047,-0.00094775,0.00432333
3.369,3.14234,-0.00330535,-0.00236635,0.0107535,0.00745999999999744,-0.0349999999999886,-0.000944776,0.00430929
3.37,3.14234,-0.00329461,-0.00235891,0.0107186,0.00744000000000087,-0.034900000000003,-0.000941811,0.00429529
3.371,3.14233,-0.00328391,-0.0023515,0.0106837,0.00741000000000104,-0.034900000000003,-0.000938856,0.00428134
3.372,3.14233,-0.00327324,-0.00234411,0.0106491,0.00739000000000073,-0.0346000000000048,-0.00093591,0.00426744
3.373,3.14233,-0.00326261,-0.00233674,0.0106145,0.00736999999999757,-0.0345999999999877,-0.000932972,0.00425358
3.374,3.14233,-0.00325201,-0.0023294,0.01058,0.00734000000000059,-0.0345000000000036,-0.000930044,0.00423976
3.375,3.14232,-0.00324145,-0.00232208,0.0105456,0.00732000000000114,-0.0344000000000042,-0.000927125,0.00422599
3.376,3.14232,-0.00323092,-0.00231478,0.0105114,0.00730000000000082,-0.0342000000000036,-0.000924215,0.00421227
3.377,3.14232,-0.00322043,-0.0023075,0.0104773,0.0072800000000005,-0.0341000000000042,-0.000921315,0.00419858
3.378,3.14232,-0.00320997,-0.00230025,0.0104432,0.00724999999999746,-0.0340999999999891,-0.000918423,0.00418495
3.379,3.14231,-0.00319954,-0.00229302,0.0104093,0.00723000000000079,-0.0339000000000036,-0.00091554,0.00417136
3.38,3.14231,-0.00318915,-0.00228581,0.0103755,0.00721000000000091,-0.0338000000000042,-0.000912666,0.00415781
3.381,3.14231,-0.00317879,-0.00227862,0.0103418,0.00719000000000103,-0.0337000000000031,-0.000909801,0.0041443
3.382,3.14231,-0.00316847,-0.00227146,0.0103082,0.00715999999999759,-0.0335999999999887,-0.000906944,0.00413084
3.383,3.14231,-0.00315818,-0.00226432,0.0102748,0.00714000000000088,-0.0334000000000031,-0.000904097,0.00411743
3.384,3.1423,-0.00314792,-0.0022572,0.0102414,0.00712000000000057,-0.0334000000000048,-0.000901259,0.00410405
3.385,3.1423,-0.00313769,-0.0022501,0.0102081,0.00710000000000068,-0.0333000000000037,-0.000898429,0.00409072
3.386,3.1423,-0.0031275,-0.00224303,0.010175,0.00706999999999772,-0.0330999999999884,-0.000895608,0.00407744
3.387,3.1423,-0.00311734,-0.00223597,0.0101419,0.00706000000000092,-0.0331000000000031,-0.000892796,0.0040642
3.388,3.14229,-0.00310722,-0.00222894,0.010109,0.00703000000000066,-0.0329000000000043,-0.000889992,0.004051
3.389,3.14229,-0.00309713,-0.00222193,0.0100762,0.00701000000000077,-0.0328000000000031,-0.000887197,0.00403784
3.39,3.14229,-0.00308707,-0.00221495,0.0100434,0.00697999999999785,-0.0327999999999903,-0.000884411,0.00402472
3.391,3.14229,-0.00307704,-0.00220798,0.0100108,0.00697000000000057,-0.0326000000000025,-0.000881634,0.00401165
3.392,3.14229,-0.00306704,-0.00220104,0.00997832,0.00694000000000075,-0.0324800000000032,-0.000878865,0.00399862
3.393,3.14228,-0.00305708,-0.00219411,0.00994591,0.00693000000000081,-0.0324100000000036,-0.000876105,0.00398564
3.394,3.14228,-0.00304715,-0.00218721,0.00991361,0.00689999999999748,-0.0322999999999899,-0.000873353,0.00397269
3.395,3.14228,-0.00303726,-0.00218033,0.00988142,0.0068800000000011,-0.0321900000000032,-0.00087061,0.00395979
3.396,3.14228,-0.00302739,-0.00217348,0.00984933,0.00685000000000041,-0.0320900000000038,-0.000867875,0.00394693
3.397,3.14227,-0.00301756,-0.00216664,0.00981734,0.0068400000000009,-0.0319900000000026,-0.000865149,0.00393411
3.398,3.14227,-0.00300776,-0.00215982,0.00978546,0.00681999999999799,-0.0318799999999908,-0.000862431,0.00392133
3.399,3.14227,-0.00299799,-0.00215303,0.00975368,0.00679000000000076,-0.0317800000000021,-0.000859722,0.00390859
3.4,3.14227,-0.00298825,-0.00214626,0.00972201,0.00677000000000044,-0.0316700000000045,-0.000857021,0.0038959
3.401,3.14227,-0.00297854,-0.0021395,0.00969044,0.00676000000000093,-0.0315700000000033,-0.000854329,0.00388325
3.402,3.14226,-0.00296887,-0.00213277,0.00965897,0.00672999999999768,-0.0314699999999899,-0.000851645,0.00387063
3.403,3.14226,-0.00295922,-0.00212606,0.0096276,0.00671000000000079,-0.0313700000000028,-0.000848969,0.00385806
3.404,3.14226,-0.00294961,-0.00211937,0.00959633,0.00669000000000047,-0.0312700000000033,-0.000846302,0.00384553
3.405,3.14226,-0.00294003,-0.00211271,0.00956517,0.00666000000000108,-0.031160000000004,-0.000843642,0.00383304
3.406,3.14226,-0.00293048,-0.00210606,0.00953411,0.00664999999999775,-0.031059999999989,-0.000840991,0.00382059
3.407,3.14225,-0.00292096,-0.00209943,0.00950314,0.00663000000000082,-0.0309700000000034,-0.000838349,0.00380818
3.408,3.14225,-0.00291148,-0.00209283,0.00947228,0.00660000000000056,-0.030860000000004,-0.000835714,0.00379581
3.409,3.14225,-0.00290202,-0.00208624,0.00944152,0.00659000000000062,-0.0307600000000029,-0.000833088,0.00378349
3.41,3.14225,-0.00289259,-0.00207967,0.00941086,0.00656999999999782,-0.0306599999999898,-0.00083047,0.0037712
3.411,3.14224,-0.0028832,-0.00207313,0.0093803,0.00654000000000091,-0.030560000000004,-0.00082786,0.00375895
3.412,3.14224,-0.00287383,-0.0020666,0.00934984,0.00653000000000054,-0.0304600000000029,-0.000825258,0.00374674
3.413,3.14224,-0.0028645,-0.0020601,0.00931947,0.00650000000000071,-0.0303700000000034,-0.000822664,0.00373457
3.414,3.14224,-0.00285519,-0.00205362,0.00928921,0.00647999999999795,-0.0302599999999906,-0.000820078,0.00372244
3.415,3.14224,-0.00284592,-0.00204715,0.00925904,0.00647000000000045,-0.0301700000000028,-0.0008175,0.00371035
3.416,3.14223,-0.00283668,-0.00204071,0.00922897,0.00644000000000106,-0.0300700000000034,-0.000814931,0.0036983
3.417,3.14223,-0.00282746,-0.00203429,0.009199,0.00642000000000074,-0.0299700000000023,-0.000812369,0.00368629
3.418,3.14223,-0.00281828,-0.00202788,0.00916913,0.00640999999999752,-0.0298699999999913,-0.000809815,0.00367432
3.419,3.14223,-0.00280912,-0.0020215,0.00913935,0.00638000000000098,-0.0297800000000034,-0.000807269,0.00366238
3.42,3.14223,-0.0028,-0.00201514,0.00910967,0.00636000000000066,-0.0296800000000022,-0.000804731,0.00365049
3.421,3.14222,-0.00279091,-0.00200879,0.00908009,0.00635000000000072,-0.0295800000000028,-0.000802201,0.00363863
3.422,3.14222,-0.00278184,-0.00200247,0.0090506,0.00631999999999765,-0.0294899999999902,-0.000799679,0.00362681
3.423,3.14222,-0.0027728,-0.00199616,0.00902121,0.00631000000000095,-0.0293900000000039,-0.000797165,0.00361503
3.424,3.14222,-0.0027638,-0.00198988,0.00899191,0.00628000000000069,-0.0293000000000027,-0.000794658,0.00360329
3.425,3.14222,-0.00275482,-0.00198361,0.00896271,0.00627000000000075,-0.0292000000000033,-0.000792159,0.00359159
3.426,3.14221,-0.00274587,-0.00197737,0.0089336,0.00623999999999772,-0.0291099999999909,-0.000789668,0.00357993
3.427,3.14221,-0.00273695,-0.00197114,0.00890459,0.00623000000000055,-0.0290100000000026,-0.000787185,0.0035683
3.428,3.14221,-0.00272806,-0.00196493,0.00887568,0.00621000000000067,-0.0289100000000032,-0.000784709,0.00355671
3.429,3.14221,-0.0027192,-0.00195875,0.00884685,0.00618000000000084,-0.0288300000000037,-0.000782242,0.00354516
3.43,3.14221,-0.00271037,-0.00195258,0.00881812,0.00616999999999794,-0.0287299999999898,-0.000779781,0.00353364
3.431,3.1422,-0.00270157,-0.00194643,0.00878949,0.00615000000000058,-0.0286300000000031,-0.000777329,0.00352217
3.432,3.1422,-0.00269279,-0.0019403,0.00876094,0.0061300000000007,-0.0285500000000036,-0.000774884,0.00351073
3.433,3.1422,-0.00268405,-0.00193419,0.00873249,0.00611000000000082,-0.0284500000000024,-0.000772447,0.00349932
3.434,3.1422,-0.00267533,-0.0019281,0.00870413,0.00608999999999779,-0.0283599999999921,-0.000770017,0.00348796
3.435,3.1422,-0.00266664,-0.00192202,0.00867587,0.00608000000000077,-0.0282600000000018,-0.000767595,0.00347663
3.436,3.1422,-0.00265798,-0.00191597,0.00864769,0.00605000000000073,-0.028180000000004,-0.00076518,0.00346534
3.437,3.14219,-0.00264934,-0.00190994,0.00861961,0.00603000000000063,-0.0280800000000029,-0.000762773,0.00345408
3.438,3.14219,-0.00264074,-0.00190392,0.00859162,0.00601999999999802,-0.027989999999991,-0.000760373,0.00344286
3.439,3.14219,-0.00263216,-0.00189792,0.00856372,0.00600000000000059,-0.0279000000000022,-0.000757981,0.00343168
3.44,3.14219,-0.00262361,-0.00189194,0.00853591,0.00598000000000071,-0.0278100000000027,-0.000755596,0.00342054
3.441,3.14219,-0.00261509,-0.00188598,0.00850819,0.00596000000000061,-0.0277200000000032,-0.000753219,0.00340943
3.442,3.14218,-0.00260659,-0.00188004,0.00848056,0.00593999999999808,-0.0276299999999915,-0.000750849,0.00339835
3.443,3.14218,-0.00259813,-0.00187412,0.00845302,0.00592000000000062,-0.0275400000000025,-0.000748487,0.00338732
3.444,3.14218,-0.00258969,-0.00186821,0.00842556,0.00591000000000068,-0.027460000000003,-0.000746131,0.00337631
3.445,3.14218,-0.00258128,-0.00186233,0.0083982,0.00588000000000064,-0.0273600000000036,-0.000743784,0.00336535
3.446,3.14218,-0.00257289,-0.00185646,0.00837093,0.00586999999999787,-0.0272699999999903,-0.000741443,0.00335442
3.447,3.14217,-0.00256453,-0.00185061,0.00834375,0.00585000000000081,-0.0271800000000029,-0.00073911,0.00334352
3.448,3.14217,-0.0025562,-0.00184478,0.00831665,0.0058300000000005,-0.0271000000000034,-0.000736784,0.00333266
3.449,3.14217,-0.0025479,-0.00183897,0.00828964,0.00581000000000061,-0.0270100000000039,-0.000734465,0.00332184
3.45,3.14217,-0.00253962,-0.00183317,0.00826272,0.0057999999999981,-0.0269199999999907,-0.000732153,0.00331105
3.451,3.14217,-0.00253138,-0.0018274,0.00823589,0.00577000000000063,-0.0268300000000032,-0.000729849,0.0033003
3.452,3.14217,-0.00252315,-0.00182164,0.00820914,0.00576000000000069,-0.0267500000000019,-0.000727552,0.00328958
3.453,3.14216,-0.00251496,-0.0018159,0.00818249,0.00574000000000059,-0.0266500000000025,-0.000725262,0.00327889
3.454,3.14216,-0.00250679,-0.00181017,0.00815591,0.0057299999999981,-0.0265799999999911,-0.000722979,0.00326824
3.455,3.14216,-0.00249865,-0.00180447,0.00812943,0.0057000000000006,-0.0264800000000035,-0.000720703,0.00325763
3.456,3.14216,-0.00249053,-0.00179878,0.00810303,0.00569000000000066,-0.0264000000000022,-0.000718434,0.00324705
3.457,3.14216,-0.00248244,-0.00179311,0.00807671,0.00567000000000056,-0.0263200000000027,-0.000716172,0.0032365
3.458,3.14215,-0.00247438,-0.00178746,0.00805049,0.00564999999999817,-0.0262199999999917,-0.000713918,0.00322599
3.459,3.14215,-0.00246634,-0.00178182,0.00802434,0.00564000000000074,-0.0261500000000037,-0.00071167,0.00321551
3.46,3.14215,-0.00245833,-0.00177621,0.00799828,0.00561000000000048,-0.0260600000000025,-0.000709429,0.00320507
3.461,3.14215,-0.00245034,-0.00177061,0.00797231,0.00560000000000075,-0.025970000000003,-0.000707196,0.00319466
3.462,3.14215,-0.00244238,-0.00176503,0.00794642,0.00557999999999818,-0.025889999999992,-0.000704969,0.00318428
3.463,3.14215,-0.00243445,-0.00175946,0.00792062,0.00557000000000049,-0.0258000000000023,-0.000702749,0.00317394
3.464,3.14214,-0.00242654,-0.00175392,0.00789489,0.00554000000000067,-0.0257300000000027,-0.000700536,0.00316363
3.465,3.14214,-0.00241866,-0.00174839,0.00786926,0.00553000000000051,-0.0256300000000033,-0.000698331,0.00315336
3.466,3.14214,-0.0024108,-0.00174287,0.0078437,0.00551999999999812,-0.0255599999999906,-0.000696131,0.00314312
3.467,3.14214,-0.00240297,-0.00173738,0.00781823,0.00549000000000074,-0.0254700000000025,-0.000693939,0.00313291
3.468,3.14214,-0.00239517,-0.0017319,0.00779284,0.00548000000000059,-0.0253900000000038,-0.000691754,0.00312273
3.469,3.14214,-0.00238739,-0.00172644,0.00776753,0.00546000000000048,-0.0253100000000025,-0.000689575,0.00311259
3.47,3.14213,-0.00237963,-0.001721,0.00774231,0.00543999999999819,-0.0252199999999919,-0.000687403,0.00310248
3.471,3.14213,-0.0023719,-0.00171557,0.00771717,0.00543000000000066,-0.0251400000000027,-0.000685238,0.0030924
3.472,3.14213,-0.0023642,-0.00171016,0.00769211,0.00541000000000056,-0.0250600000000023,-0.00068308,0.00308236
3.473,3.14213,-0.00235652,-0.00170477,0.00766713,0.00539000000000068,-0.0249800000000027,-0.000680928,0.00307235
3.474,3.14213,-0.00234886,-0.00169939,0.00764223,0.00537999999999813,-0.0248999999999921,-0.000678783,0.00306237
3.475,3.14212,-0.00234123,-0.00169403,0.00761741,0.00536000000000063,-0.0248200000000028,-0.000676645,0.00305242
3.476,3.14212,-0.00233363,-0.00168869,0.00759268,0.00534000000000053,-0.0247300000000024,-0.000674514,0.00304251
3.477,3.14212,-0.00232605,-0.00168336,0.00756802,0.00533000000000059,-0.0246600000000028,-0.000672389,0.00303263
3.478,3.14212,-0.00231849,-0.00167805,0.00754344,0.00530999999999835,-0.0245799999999915,-0.000670271,0.00302278
3.479,3.14212,-0.00231096,-0.00167276,0.00751895,0.00529000000000061,-0.024490000000003,-0.000668159,0.00301296
3.48,3.14212,-0.00230346,-0.00166748,0.00749453,0.00528000000000045,-0.0244200000000025,-0.000666054,0.00300317
3.481,3.14211,-0.00229597,-0.00166222,0.00747019,0.00526000000000057,-0.024340000000003,-0.000663955,0.00299342
3.482,3.14211,-0.00228852,-0.00165698,0.00744593,0.00523999999999836,-0.0242599999999918,-0.000661863,0.0029837
3.483,3.14211,-0.00228108,-0.00165175,0.00742175,0.00523000000000052,-0.0241800000000022,-0.000659778,0.00297401
3.484,3.14211,-0.00227367,-0.00164654,0.00739765,0.00521000000000064,-0.0241000000000026,-0.000657699,0.00296435
3.485,3.14211,-0.00226629,-0.00164135,0.00737363,0.00519000000000054,-0.0240200000000031,-0.000655626,0.00295472
3.486,3.14211,-0.00225893,-0.00163617,0.00734968,0.0051799999999983,-0.023949999999992,-0.00065356,0.00294512
3.487,3.1421,-0.00225159,-0.00163101,0.00732582,0.0051600000000005,-0.0238600000000023,-0.000651501,0.00293556
3.488,3.1421,-0.00224427,-0.00162586,0.00730203,0.00515000000000056,-0.0237900000000027,-0.000649448,0.00292602
3.489,3.1421,-0.00223698,-0.00162073,0.00727832,0.00513000000000067,-0.0237100000000032,-0.000647401,0.00291652
3.49,3.1421,-0.00222972,-0.00161562,0.00725468,0.0051099999999983,-0.0236399999999914,-0.00064536,0.00290705
3.491,3.1421,-0.00222247,-0.00161052,0.00723112,0.00510000000000041,-0.0235600000000032,-0.000643326,0.00289761
3.492,3.1421,-0.00221526,-0.00160544,0.00720764,0.00508000000000053,-0.0234800000000019,-0.000641299,0.00288819
3.493,3.1421,-0.00220806,-0.00160037,0.00718423,0.00507000000000059,-0.0234100000000032,-0.000639277,0.00287881
3.494,3.14209,-0.00220089,-0.00159532,0.0071609,0.00504999999999846,-0.0233299999999916,-0.000637262,0.00286946
3.495,3.14209,-0.00219374,-0.00159029,0.00713765,0.00503000000000039,-0.0232500000000033,-0.000635253,0.00286014
3.496,3.14209,-0.00218661,-0.00158527,0.00711447,0.00502000000000066,-0.0231800000000019,-0.000633251,0.00285085
3.497,3.14209,-0.00217951,-0.00158027,0.00709137,0.00500000000000056,-0.0231000000000033,-0.000631255,0.0028416
3.498,3.14209,-0.00217243,-0.00157528,0.00706834,0.00498999999999819,-0.0230299999999917,-0.000629265,0.00283237
3.499,3.14209,-0.00216537,-0.00157031,0.00704539,0.00497000000000074,-0.0229500000000024,-0.000627281,0.00282317
3.5,3.14208,-0.00215834,-0.00156535,0.00702251,0.00496000000000036,-0.0228800000000028,-0.000625303,0.002814
3.501,3.14208,-0.00215133,-0.00156041,0.0069997,0.0049400000000007,-0.0228100000000024,-0.000623332,0.00280486
3.502,3.14208,-0.00214434,-0.00155549,0.00697697,0.00492000000000038,-0.0227300000000028,-0.000621366,0.00279575
3.503,3.14208,-0.00213737,-0.00155058,0.00695432,0.00490999999999847,-0.0226499999999924,-0.000619407,0.00278667
3.504,3.14208,-0.00213043,-0.00154568,0.00693173,0.0049000000000005,-0.0225900000000028,-0.000617454,0.00277762
3.505,3.14208,-0.00212351,-0.0015408,0.00690923,0.00488000000000061,-0.0225000000000024,-0.000615507,0.0027686
3.506,3.14207,-0.00211661,-0.00153594,0.00688679,0.00486000000000051,-0.0224400000000019,-0.000613566,0.0027596
3.507,3.14207,-0.00210974,-0.00153109,0.00686443,0.00484999999999842,-0.0223599999999924,-0.000611631,0.00275064
3.508,3.14207,-0.00210288,-0.00152626,0.00684213,0.00483000000000047,-0.0223000000000027,-0.000609703,0.00274171
3.509,3.14207,-0.00209605,-0.00152144,0.00681992,0.00482000000000053,-0.0222100000000024,-0.00060778,0.0027328
3.51,3.14207,-0.00208924,-0.00151664,0.00679777,0.00480000000000043,-0.0221500000000027,-0.000605863,0.00272393
3.511,3.14207,-0.00208246,-0.00151185,0.00677569,0.00478999999999858,-0.0220799999999925,-0.000603952,0.00271508
3.512,3.14207,-0.00207569,-0.00150707,0.00675369,0.00478000000000055,-0.0220000000000027,-0.000602047,0.00270626
3.513,3.14206,-0.00206895,-0.00150232,0.00673176,0.0047500000000005,-0.0219300000000023,-0.000600148,0.00269747
3.514,3.14206,-0.00206223,-0.00149757,0.0067099,0.0047500000000005,-0.0218600000000018,-0.000598255,0.00268871
3.515,3.14206,-0.00205553,-0.00149284,0.00668811,0.0047299999999983,-0.0217899999999934,-0.000596368,0.00267998
3.516,3.14206,-0.00204885,-0.00148813,0.00666639,0.00471000000000052,-0.0217200000000018,-0.000594487,0.00267127
3.517,3.14206,-0.0020422,-0.00148343,0.00664475,0.00470000000000058,-0.0216400000000031,-0.000592612,0.0026626
3.518,3.14206,-0.00203556,-0.00147875,0.00662317,0.00468000000000048,-0.0215800000000017,-0.000590742,0.00265395
3.519,3.14206,-0.00202895,-0.00147408,0.00660166,0.00466999999999846,-0.0215099999999934,-0.000588879,0.00264533
3.52,3.14205,-0.00202236,-0.00146942,0.00658022,0.00466000000000059,-0.0214400000000017,-0.000587021,0.00263674
3.521,3.14205,-0.00201579,-0.00146478,0.00655886,0.00464000000000049,-0.021360000000003,-0.000585169,0.00262817
3.522,3.14205,-0.00200924,-0.00146015,0.00653756,0.00463000000000055,-0.0213000000000016,-0.000583323,0.00261964
3.523,3.14205,-0.00200272,-0.00145554,0.00651633,0.0046099999999984,-0.0212299999999935,-0.000581482,0.00261113
3.524,3.14205,-0.00199621,-0.00145095,0.00649517,0.00459000000000057,-0.0211600000000024,-0.000579648,0.00260265
3.525,3.14205,-0.00198973,-0.00144636,0.00647408,0.00459000000000035,-0.021090000000002,-0.000577819,0.00259419
3.526,3.14205,-0.00198326,-0.00144179,0.00645305,0.00457000000000047,-0.0210300000000023,-0.000575995,0.00258577
3.527,3.14204,-0.00197682,-0.00143724,0.0064321,0.00454999999999856,-0.0209499999999935,-0.000574178,0.00257737
3.528,3.14204,-0.0019704,-0.0014327,0.00641121,0.00454000000000043,-0.0208900000000023,-0.000572366,0.002569
3.529,3.14204,-0.001964,-0.00142817,0.00639039,0.00453000000000048,-0.0208200000000018,-0.00057056,0.00256066
3.53,3.14204,-0.00195762,-0.00142366,0.00636964,0.0045100000000006,-0.0207500000000022,-0.000568759,0.00255234
3.531,3.14204,-0.00195126,-0.00141917,0.00634896,0.00448999999999851,-0.0206799999999934,-0.000566964,0.00254405
3.532,3.14204,-0.00194492,-0.00141468,0.00632834,0.0044900000000005,-0.0206200000000021,-0.000565175,0.00253579
3.533,3.14204,-0.0019386,-0.00141021,0.00630779,0.0044700000000004,-0.0205500000000025,-0.000563391,0.00252755
3.534,3.14203,-0.00193231,-0.00140576,0.00628731,0.00445000000000052,-0.0204800000000021,-0.000561613,0.00251934
3.535,3.14203,-0.00192603,-0.00140132,0.00626689,0.0044399999999986,-0.0204199999999933,-0.00055984,0.00251116
3.536,3.14203,-0.00191977,-0.00139689,0.00624654,0.00443000000000042,-0.0203500000000019,-0.000558073,0.002503
3.537,3.14203,-0.00191354,-0.00139247,0.00622626,0.00442000000000048,-0.0202800000000024,-0.000556312,0.00249487
3.538,3.14203,-0.00190732,-0.00138808,0.00620604,0.00439000000000043,-0.0202200000000018,-0.000554556,0.00248677
3.539,3.14203,-0.00190112,-0.00138369,0.00618589,0.0043899999999987,-0.0201499999999933,-0.000552805,0.00247869
3.54,3.14203,-0.00189495,-0.00137932,0.0061658,0.00437000000000033,-0.0200900000000026,-0.00055106,0.00247064
3.541,3.14202,-0.00188879,-0.00137496,0.00614578,0.00436000000000061,-0.0200200000000021,-0.00054932,0.00246262
3.542,3.14202,-0.00188266,-0.00137061,0.00612582,0.00435000000000045,-0.0199600000000025,-0.000547586,0.00245462
3.543,3.14202,-0.00187654,-0.00136628,0.00610593,0.00432999999999843,-0.0198899999999932,-0.000545857,0.00244665
3.544,3.14202,-0.00187044,-0.00136196,0.00608611,0.00432000000000063,-0.0198200000000024,-0.000544134,0.0024387
3.545,3.14202,-0.00186437,-0.00135766,0.00606634,0.00430000000000052,-0.0197700000000019,-0.000542416,0.00243078
3.546,3.14202,-0.00185831,-0.00135337,0.00604664,0.00429000000000037,-0.0197000000000023,-0.000540703,0.00242288
3.547,3.14202,-0.00185227,-0.00134909,0.00602701,0.00427999999999852,-0.0196299999999931,-0.000538996,0.00241502
3.548,3.14201,-0.00184626,-0.00134483,0.00600744,0.00426000000000054,-0.0195700000000022,-0.000537294,0.00240717
3.549,3.14201,-0.00184026,-0.00134058,0.00598793,0.00425000000000038,-0.0195100000000025,-0.000535597,0.00239935
3.55,3.14201,-0.00183428,-0.00133634,0.00596849,0.00424000000000044,-0.0194400000000021,-0.000533906,0.00239156
3.551,3.14201,-0.00182832,-0.00133212,0.00594911,0.00421999999999868,-0.0193799999999938,-0.00053222,0.00238379
3.552,3.14201,-0.00182238,-0.0013279,0.00592979,0.00422000000000056,-0.0193200000000019,-0.000530539,0.00237605
3.553,3.14201,-0.00181646,-0.00132371,0.00591053,0.0041900000000003,-0.0192600000000022,-0.000528864,0.00236833
3.554,3.14201,-0.00181056,-0.00131952,0.00589134,0.00419000000000051,-0.0191900000000018,-0.000527193,0.00236064
3.555,3.14201,-0.00180468,-0.00131535,0.00587221,0.00416999999999856,-0.0191299999999936,-0.000525528,0.00235297
3.556,3.142,-0.00179882,-0.00131119,0.00585314,0.00416000000000047,-0.0190700000000025,-0.000523869,0.00234533
3.557,3.142,-0.00179298,-0.00130705,0.00583414,0.00414000000000059,-0.019000000000002,-0.000522214,0.00233771
3.558,3.142,-0.00178715,-0.00130292,0.00581519,0.00413000000000043,-0.0189500000000023,-0.000520564,0.00233012
3.559,3.142,-0.00178134,-0.0012988,0.00579631,0.00411999999999866,-0.0188799999999935,-0.00051892,0.00232255
3.56,3.142,-0.00177556,-0.00129469,0.00577749,0.00411000000000033,-0.0188200000000022,-0.000517281,0.00231501
3.561,3.142,-0.00176979,-0.0012906,0.00575873,0.00409000000000045,-0.0187600000000017,-0.000515647,0.00230749
3.562,3.142,-0.00176404,-0.00128652,0.00574003,0.00408000000000051,-0.018700000000002,-0.000514018,0.0023
3.563,3.14199,-0.00175831,-0.00128245,0.00572139,0.00406999999999854,-0.0186399999999941,-0.000512394,0.00229253
3.564,3.14199,-0.0017526,-0.00127839,0.00570281,0.00406000000000062,-0.0185800000000019,-0.000510775,0.00228508
3.565,3.14199,-0.0017469,-0.00127435,0.0056843,0.00404000000000031,-0.0185100000000023,-0.000509162,0.00227766
3.566,3.14199,-0.00174123,-0.00127032,0.00566584,0.00403000000000058,-0.0184600000000017,-0.000507553,0.00227026
3.567,3.14199,-0.00173557,-0.0012663,0.00564744,0.00401999999999864,-0.0183999999999939,-0.00050595,0.00226289
3.568,3.14199,-0.00172993,-0.0012623,0.0056291,0.00400000000000032,-0.0183400000000024,-0.000504351,0.00225554
3.569,3.14199,-0.00172431,-0.00125831,0.00561082,0.0039900000000006,-0.0182800000000019,-0.000502757,0.00224821
3.57,3.14199,-0.00171871,-0.00125433,0.00559261,0.00398000000000044,-0.0182100000000023,-0.000501169,0.00224091
3.571,3.14198,-0.00171313,-0.00125036,0.00557445,0.00396999999999852,-0.0181599999999936,-0.000499585,0.00223363
3.572,3.14198,-0.00170756,-0.00124641,0.00555635,0.0039500000000004,-0.0181000000000021,-0.000498006,0.00222638
3.573,3.14198,-0.00170202,-0.00124246,0.0055383,0.00395000000000061,-0.0180500000000015,-0.000496433,0.00221915
3.574,3.14198,-0.00169649,-0.00123853,0.00552032,0.00393000000000029,-0.0179800000000028,-0.000494864,0.00221194
3.575,3.14198,-0.00169098,-0.00123462,0.0055024,0.00390999999999868,-0.0179199999999934,-0.0004933,0.00220475
3.576,3.14198,-0.00168548,-0.00123071,0.00548453,0.00391000000000041,-0.0178700000000025,-0.000491741,0.00219759
3.577,3.14198,-0.00168001,-0.00122682,0.00546672,0.00389000000000053,-0.0178100000000011,-0.000490187,0.00219046
3.578,3.14198,-0.00167455,-0.00122294,0.00544897,0.00388000000000037,-0.0177500000000024,-0.000488638,0.00218334
3.579,3.14197,-0.00166911,-0.00121907,0.00543128,0.00386999999999871,-0.017689999999994,-0.000487093,0.00217625
3.58,3.14197,-0.00166369,-0.00121521,0.00541364,0.00386000000000049,-0.0176400000000021,-0.000485554,0.00216918
3.581,3.14197,-0.00165828,-0.00121137,0.00539606,0.00384000000000039,-0.0175800000000016,-0.000484019,0.00216214
3.582,3.14197,-0.0016529,-0.00120754,0.00537854,0.00383000000000044,-0.017520000000002,-0.000482489,0.00215511
3.583,3.14197,-0.00164753,-0.00120372,0.00536108,0.00381999999999881,-0.0174599999999946,-0.000480964,0.00214811
3.584,3.14197,-0.00164217,-0.00119991,0.00534367,0.00381000000000034,-0.0174100000000017,-0.000479443,0.00214114
3.585,3.14197,-0.00163684,-0.00119611,0.00532632,0.0038000000000004,-0.0173500000000021,-0.000477928,0.00213418
3.586,3.14197,-0.00163152,-0.00119233,0.00530902,0.00378000000000052,-0.0173000000000015,-0.000476417,0.00212725
3.587,3.14197,-0.00162622,-0.00118855,0.00529179,0.00377999999999862,-0.0172299999999943,-0.000474911,0.00212034
3.588,3.14196,-0.00162094,-0.00118479,0.0052746,0.00376000000000042,-0.0171900000000022,-0.000473409,0.00211346
3.589,3.14196,-0.00161567,-0.00118104,0.00525748,0.00375000000000048,-0.0171200000000017,-0.000471913,0.00210659
3.59,3.14196,-0.00161042,-0.00117731,0.00524041,0.00373000000000038,-0.017070000000002,-0.000470421,0.00209975
3.591,3.14196,-0.00160519,-0.00117358,0.00522339,0.00372999999999872,-0.0170199999999947,-0.000468933,0.00209293
3.592,3.14196,-0.00159998,-0.00116987,0.00520643,0.00371000000000049,-0.0169600000000018,-0.000467451,0.00208613
3.593,3.14196,-0.00159478,-0.00116617,0.00518952,0.00370000000000033,-0.0169100000000012,-0.000465973,0.00207936
3.594,3.14196,-0.0015896,-0.00116248,0.00517267,0.00369000000000039,-0.0168500000000024,-0.000464499,0.0020726
3.595,3.14196,-0.00158443,-0.0011588,0.00515588,0.00367999999999882,-0.0167899999999944,-0.00046303,0.00206587
3.596,3.14195,-0.00157929,-0.00115513,0.00513914,0.00367000000000029,-0.0167400000000013,-0.000461566,0.00205916
3.597,3.14195,-0.00157415,-0.00115147,0.00512245,0.00366000000000057,-0.0166900000000025,-0.000460106,0.00205247
3.598,3.14195,-0.00156904,-0.00114783,0.00510582,0.00364000000000025,-0.0166300000000019,-0.000458651,0.00204581
3.599,3.14195,-0.00156394,-0.0011442,0.00508924,0.00362999999999891,-0.016579999999994,-0.000457201,0.00203916
3.6,3.14195,-0.00155886,-0.00114057,0.00507272,0.00363000000000031,-0.0165200000000017,-0.000455755,0.00203254
3.601,3.14195,-0.0015538,-0.00113696,0.00505625,0.00361000000000043,-0.016470000000002,-0.000454314,0.00202594
3.602,3.14195,-0.00154875,-0.00113337,0.00503983,0.00359000000000033,-0.0164200000000014,-0.000452877,0.00201936
3.603,3.14195,-0.00154372,-0.00112978,0.00502346,0.00358999999999895,-0.0163699999999945,-0.000451444,0.0020128
3.604,3.14195,-0.0015387,-0.0011262,0.00500715,0.00358000000000038,-0.0163100000000021,-0.000450016,0.00200626
3.605,3.14194,-0.0015337,-0.00112264,0.0049909,0.00356000000000028,-0.0162500000000016,-0.000448593,0.00199974
3.606,3.14194,-0.00152872,-0.00111908,0.00497469,0.0035600000000005,-0.0162100000000018,-0.000447174,0.00199325
3.607,3.14194,-0.00152375,-0.00111554,0.00495854,0.00353999999999883,-0.016149999999995,-0.000445759,0.00198678
3.608,3.14194,-0.0015188,-0.00111201,0.00494244,0.00353000000000024,-0.0161000000000016,-0.000444349,0.00198032
3.609,3.14194,-0.00151387,-0.00110849,0.00492639,0.00352000000000052,-0.0160500000000019,-0.000442944,0.00197389
3.61,3.14194,-0.00150895,-0.00110498,0.0049104,0.00351000000000036,-0.0159900000000022,-0.000441542,0.00196748
3.611,3.14194,-0.00150405,-0.00110148,0.00489445,0.00349999999999886,-0.0159499999999945,-0.000440145,0.00196109
3.612,3.14194,-0.00149916,-0.00109799,0.00487856,0.00349000000000026,-0.0158900000000019,-0.000438753,0.00195472
3.613,3.14194,-0.00149429,-0.00109452,0.00486272,0.00347000000000037,-0.0158400000000013,-0.000437365,0.00194837
3.614,3.14193,-0.00148944,-0.00109105,0.00484693,0.00347000000000037,-0.0157900000000016,-0.000435981,0.00194204
3.615,3.14193,-0.0014846,-0.0010876,0.00483119,0.00344999999999896,-0.0157399999999949,-0.000434602,0.00193574
3.616,3.14193,-0.00147978,-0.00108415,0.00481551,0.00345000000000027,-0.0156800000000014,-0.000433226,0.00192945
3.617,3.14193,-0.00147497,-0.00108072,0.00479987,0.00343000000000039,-0.0156400000000016,-0.000431856,0.00192318
3.618,3.14193,-0.00147018,-0.0010773,0.00478429,0.00342000000000045,-0.015580000000002,-0.000430489,0.00191694
3.619,3.14193,-0.0014654,-0.00107389,0.00476876,0.00340999999999878,-0.0155299999999945,-0.000429127,0.00191071
3.62,3.14193,-0.00146064,-0.00107049,0.00475327,0.00340000000000057,-0.0154900000000017,-0.000427769,0.0019045
3.621,3.14193,-0.00145589,-0.0010671,0.00473784,0.00339000000000019,-0.015430000000002,-0.000426415,0.00189832
3.622,3.14193,-0.00145116,-0.00106372,0.00472246,0.00338000000000046,-0.0153800000000014,-0.000425066,0.00189215
3.623,3.14192,-0.00144645,-0.00106035,0.00470712,0.00336999999999881,-0.0153399999999948,-0.000423721,0.00188601
3.624,3.14192,-0.00144175,-0.00105699,0.00469184,0.00336000000000036,-0.015280000000002,-0.00042238,0.00187988
3.625,3.14192,-0.00143706,-0.00105364,0.00467661,0.00335000000000042,-0.0152300000000014,-0.000421043,0.00187378
3.626,3.14192,-0.0014324,-0.0010503,0.00466142,0.00334000000000026,-0.0151900000000017,-0.00041971,0.00186769
3.627,3.14192,-0.00142774,-0.00104698,0.00464629,0.00332000000000038,-0.015130000000002,-0.000418382,0.00186162
3.628,3.14192,-0.0014231,-0.00104366,0.0046312,0.00331999999999891,-0.0150899999999947,-0.000417058,0.00185558
3.629,3.14192,-0.00141848,-0.00104036,0.00461617,0.0033000000000005,-0.0150300000000017,-0.000415738,0.00184955
3.63,3.14192,-0.00141387,-0.00103706,0.00460118,0.00330000000000028,-0.014990000000002,-0.000414422,0.00184354
3.631,3.14192,-0.00140928,-0.00103378,0.00458624,0.0032800000000004,-0.0149400000000014,-0.00041311,0.00183756
3.632,3.14192,-0.0014047,-0.0010305,0.00457135,0.00327999999999894,-0.0148899999999951,-0.000411802,0.00183159
3.633,3.14191,-0.00140013,-0.00102724,0.00455651,0.0032600000000003,-0.014840000000002,-0.000410498,0.00182564
3.634,3.14191,-0.00139559,-0.00102398,0.00454171,0.0032600000000003,-0.0148000000000013,-0.000409199,0.00181971
3.635,3.14191,-0.00139105,-0.00102074,0.00452697,0.00324000000000041,-0.0147400000000017,-0.000407903,0.0018138
3.636,3.14191,-0.00138653,-0.00101751,0.00451227,0.00322999999999904,-0.0146999999999954,-0.000406612,0.00180791
3.637,3.14191,-0.00138203,-0.00101428,0.00449762,0.00323000000000026,-0.0146500000000013,-0.000405325,0.00180204
3.638,3.14191,-0.00137754,-0.00101107,0.00448302,0.00321000000000037,-0.0146000000000016,-0.000404041,0.00179618
3.639,3.14191,-0.00137306,-0.00100786,0.00446846,0.00321000000000037,-0.0145600000000019,-0.000402762,0.00179035
3.64,3.14191,-0.0013686,-0.00100467,0.00445395,0.00318999999999885,-0.0145099999999949,-0.000401487,0.00178453
3.641,3.14191,-0.00136415,-0.00100149,0.00443949,0.00318000000000033,-0.0144600000000016,-0.000400216,0.00177874
3.642,3.14191,-0.00135972,-0.000998315,0.00442508,0.00317500000000036,-0.0144100000000019,-0.000398948,0.00177296
3.643,3.1419,-0.0013553,-0.000995152,0.00441071,0.00316300000000039,-0.0143700000000012,-0.000397685,0.0017672
3.644,3.1419,-0.0013509,-0.000991999,0.00439639,0.00315299999999904,-0.0143199999999952,-0.000396426,0.00176146
3.645,3.1419,-0.00134651,-0.000988856,0.00438212,0.00314300000000029,-0.0142700000000018,-0.000395171,0.00175574
3.646,3.1419,-0.00134214,-0.000985722,0.00436789,0.00313400000000025,-0.0142300000000012,-0.000393919,0.00175004
3.647,3.1419,-0.00133777,-0.000982599,0.00435371,0.0031230000000004,-0.0141800000000015,-0.000392672,0.00174435
3.648,3.1419,-0.00133343,-0.000979485,0.00433958,0.00311399999999898,-0.0141299999999955,-0.000391428,0.00173869
3.649,3.1419,-0.0013291,-0.000976381,0.00432549,0.00310400000000032,-0.0140900000000011,-0.000390188,0.00173304
3.65,3.1419,-0.00132478,-0.000973287,0.00431145,0.00309400000000038,-0.0140400000000023,-0.000388953,0.00172741
3.651,3.1419,-0.00132047,-0.000970202,0.00429745,0.00308500000000034,-0.0140000000000008,-0.000387721,0.0017218
3.652,3.1419,-0.00131618,-0.000967127,0.0042835,0.00307499999999893,-0.0139499999999958,-0.000386493,0.00171621
3.653,3.14189,-0.00131191,-0.000964062,0.00426959,0.00306500000000035,-0.0139100000000013,-0.000385269,0.00171064
3.654,3.14189,-0.00130764,-0.000961007,0.00425573,0.0030550000000003,-0.0138600000000016,-0.000384048,0.00170508
3.655,3.14189,-0.00130339,-0.000957961,0.00424191,0.00304600000000037,-0.0138200000000018,-0.000382832,0.00169954
3.656,3.14189,-0.00129916,-0.000954925,0.00422814,0.00303599999999897,-0.0137699999999952,-0.000381619,0.00169402
3.657,3.14189,-0.00129494,-0.000951898,0.00421441,0.0030270000000004,-0.0137300000000015,-0.00038041,0.00168852
3.658,3.14189,-0.00129073,-0.000948881,0.00420073,0.00301700000000024,-0.0136800000000018,-0.000379205,0.00168304
3.659,3.14189,-0.00128654,-0.000945873,0.00418709,0.00300800000000042,-0.0136400000000012,-0.000378004,0.00167757
3.66,3.14189,-0.00128236,-0.000942875,0.0041735,0.00299799999999893,-0.0135899999999954,-0.000376806,0.00167212
3.661,3.14189,-0.00127819,-0.000939886,0.00415995,0.00298900000000034,-0.0135500000000017,-0.000375613,0.00166669
3.662,3.14189,-0.00127404,-0.000936906,0.00414644,0.0029800000000003,-0.0135100000000011,-0.000374423,0.00166128
3.663,3.14188,-0.0012699,-0.000933936,0.00413298,0.00297000000000036,-0.0134600000000022,-0.000373236,0.00165588
3.664,3.14188,-0.00126577,-0.000930976,0.00411956,0.002959999999999,-0.0134199999999947,-0.000372054,0.0016505
3.665,3.14188,-0.00126166,-0.000928024,0.00410619,0.0029520000000004,-0.0133700000000019,-0.000370875,0.00164514
3.666,3.14188,-0.00125756,-0.000925082,0.00409286,0.00294200000000024,-0.0133300000000012,-0.0003697,0.0016398
3.667,3.14188,-0.00125347,-0.00092215,0.00407957,0.0029320000000003,-0.0132900000000015,-0.000368528,0.00163447
3.668,3.14188,-0.0012494,-0.000919226,0.00406633,0.00292399999999909,-0.0132399999999959,-0.000367361,0.00162916
3.669,3.14188,-0.00124534,-0.000916312,0.00405313,0.00291400000000034,-0.0132000000000011,-0.000366197,0.00162387
3.67,3.14188,-0.00124129,-0.000913406,0.00403997,0.00290600000000032,-0.0131600000000014,-0.000365036,0.0016186
3.671,3.14188,-0.00123726,-0.00091051,0.00402685,0.00289600000000027,-0.0131200000000016,-0.000363879,0.00161334
3.672,3.14188,-0.00123324,-0.000907623,0.00401378,0.00288699999999906,-0.0130699999999961,-0.000362726,0.0016081
3.673,3.14188,-0.00122923,-0.000904745,0.00400075,0.00287800000000031,-0.0130300000000012,-0.000361577,0.00160288
3.674,3.14187,-0.00122524,-0.000901877,0.00398776,0.00286800000000026,-0.0129900000000015,-0.000360431,0.00159767
3.675,3.14187,-0.00122126,-0.000899017,0.00397482,0.00286000000000035,-0.0129400000000018,-0.000359289,0.00159248
3.676,3.14187,-0.00121729,-0.000896166,0.00396191,0.00285099999999905,-0.0129099999999953,-0.00035815,0.00158731
3.677,3.14187,-0.00121333,-0.000893324,0.00394905,0.00284200000000028,-0.0128600000000014,-0.000357015,0.00158215
3.678,3.14187,-0.00120939,-0.000890491,0.00393623,0.00283300000000036,-0.0128200000000016,-0.000355883,0.00157702
3.679,3.14187,-0.00120546,-0.000887668,0.00392345,0.00282300000000031,-0.012780000000001,-0.000354755,0.00157189
3.68,3.14187,-0.00120154,-0.000884853,0.00391071,0.00281499999999904,-0.0127399999999955,-0.000353631,0.00156679
3.681,3.14187,-0.00119764,-0.000882046,0.00389802,0.00280700000000027,-0.0126900000000019,-0.00035251,0.0015617
3.682,3.14187,-0.00119375,-0.000879249,0.00388536,0.00279700000000033,-0.0126600000000012,-0.000351392,0.00155663
3.683,3.14187,-0.00118987,-0.00087646,0.00387275,0.00278900000000031,-0.0126100000000015,-0.000350278,0.00155157
3.684,3.14187,-0.001186,-0.000873681,0.00386018,0.00277899999999913,-0.0125699999999957,-0.000349168,0.00154653
3.685,3.14186,-0.00118215,-0.00087091,0.00384765,0.00277100000000024,-0.0125300000000011,-0.000348061,0.00154151
3.686,3.14186,-0.00117831,-0.000868147,0.00383516,0.00276300000000033,-0.0124900000000018,-0.000346958,0.0015365
3.687,3.14186,-0.00117448,-0.000865394,0.00382271,0.00275300000000028,-0.0124500000000012,-0.000345858,0.00153151
3.688,3.14186,-0.00117066,-0.000862649,0.0038103,0.00274499999999915,-0.0124099999999959,-0.000344761,0.00152654
3.689,3.14186,-0.00116686,-0.000859913,0.00379793,0.00273600000000023,-0.0123700000000012,-0.000343668,0.00152158
3.69,3.14186,-0.00116307,-0.000857185,0.0037856,0.00272800000000032,-0.0123300000000014,-0.000342579,0.00151664
3.691,3.14186,-0.00115929,-0.000854466,0.00377331,0.00271900000000028,-0.0122900000000012,-0.000341492,0.00151171
3.692,3.14186,-0.00115552,-0.000851756,0.00376106,0.00270999999999916,-0.012249999999996,-0.00034041,0.0015068
3.693,3.14186,-0.00115176,-0.000849054,0.00374885,0.00270200000000023,-0.0122100000000013,-0.00033933,0.00150191
3.694,3.14186,-0.00114802,-0.00084636,0.00373668,0.00269400000000032,-0.0121700000000015,-0.000338254,0.00149703
3.695,3.14186,-0.00114429,-0.000843675,0.00372455,0.00268500000000029,-0.0121300000000013,-0.000337182,0.00149217
3.696,3.14186,-0.00114057,-0.000840999,0.00371246,0.00267599999999906,-0.0120899999999962,-0.000336113,0.00148732
3.697,3.14185,-0.00113687,-0.000838331,0.00370041,0.00266800000000034,-0.0120500000000013,-0.000335047,0.00148249
3.698,3.14185,-0.00113317,-0.000835671,0.0036884,0.00266000000000033,-0.0120100000000011,-0.000333984,0.00147767
3.699,3.14185,-0.00112949,-0.00083302,0.00367642,0.00265100000000029,-0.0119800000000013,-0.000332925,0.00147288
3.7,3.14185,-0.00112582,-0.000830377,0.00366449,0.0026429999999991,-0.0119299999999963,-0.000331869,0.00146809
3.701,3.14185,-0.00112216,-0.000827743,0.0036526,0.00263400000000024,-0.011890000000001,-0.000330817,0.00146332
3.702,3.14185,-0.00111851,-0.000825116,0.00364074,0.00262700000000034,-0.0118600000000016,-0.000329768,0.00145857
3.703,3.14185,-0.00111488,-0.000822498,0.00362892,0.00261800000000031,-0.0118200000000014,-0.000328722,0.00145383
3.704,3.14185,-0.00111126,-0.000819889,0.00361714,0.00260899999999912,-0.0117799999999959,-0.000327679,0.00144911
3.705,3.14185,-0.00110765,-0.000817287,0.0036054,0.00260200000000027,-0.0117400000000014,-0.00032664,0.0014444
3.706,3.14185,-0.00110405,-0.000814694,0.0035937,0.00259300000000024,-0.0117000000000012,-0.000325604,0.00143971
3.707,3.14185,-0.00110046,-0.000812109,0.00358203,0.00258500000000033,-0.0116700000000014,-0.000324571,0.00143504
3.708,3.14185,-0.00109688,-0.000809532,0.0035704,0.00257699999999917,-0.011629999999996,-0.000323541,0.00143038
3.709,3.14184,-0.00109332,-0.000806963,0.00355881,0.00256900000000029,-0.0115900000000014,-0.000322515,0.00142573
3.71,3.14184,-0.00108976,-0.000804402,0.00354726,0.00256100000000027,-0.0115500000000012,-0.000321492,0.0014211
3.711,3.14184,-0.00108622,-0.000801849,0.00353575,0.00255300000000025,-0.0115100000000014,-0.000320472,0.00141648
3.712,3.14184,-0.00108269,-0.000799305,0.00352427,0.00254399999999909,-0.0114799999999961,-0.000319455,0.00141188
3.713,3.14184,-0.00107917,-0.000796768,0.00351283,0.00253700000000033,-0.011440000000001,-0.000318442,0.0014073
3.714,3.14184,-0.00107567,-0.000794239,0.00350143,0.00252900000000031,-0.0114000000000016,-0.000317432,0.00140273
3.715,3.14184,-0.00107217,-0.000791719,0.00349006,0.00252000000000027,-0.0113700000000009,-0.000316425,0.00139817
3.716,3.14184,-0.00106869,-0.000789206,0.00347873,0.00251299999999916,-0.0113299999999962,-0.000315421,0.00139363
3.717,3.14184,-0.00106521,-0.000786701,0.00346744,0.00250500000000025,-0.0112900000000014,-0.00031442,0.0013891
3.718,3.14184,-0.00106175,-0.000784204,0.00345618,0.00249700000000023,-0.0112600000000012,-0.000313422,0.00138459
3.719,3.14184,-0.0010583,-0.000781715,0.00344497,0.00248900000000032,-0.0112100000000014,-0.000312428,0.00138009
3.72,3.14184,-0.00105486,-0.000779234,0.00343378,0.0024809999999992,-0.0111899999999962,-0.000311437,0.00137561
3.721,3.14184,-0.00105143,-0.000776761,0.00342264,0.00247300000000018,-0.0111400000000014,-0.000310448,0.00137114
3.722,3.14183,-0.00104802,-0.000774295,0.00341153,0.00246600000000028,-0.0111100000000012,-0.000309463,0.00136669
3.723,3.14183,-0.00104461,-0.000771838,0.00340046,0.00245700000000036,-0.011070000000001,-0.000308481,0.00136225
3.724,3.14183,-0.00104122,-0.000769388,0.00338942,0.00244999999999916,-0.0110399999999962,-0.000307502,0.00135783
3.725,3.14183,-0.00103783,-0.000766945,0.00337842,0.00244300000000025,-0.0110000000000014,-0.000306527,0.00135342
3.726,3.14183,-0.00103446,-0.000764511,0.00336745,0.00243400000000021,-0.0109700000000011,-0.000305554,0.00134902
3.727,3.14183,-0.0010311,-0.000762084,0.00335652,0.00242700000000032,-0.0109300000000013,-0.000304584,0.00134464
3.728,3.14183,-0.00102775,-0.000759665,0.00334563,0.00241899999999922,-0.0108899999999963,-0.000303618,0.00134027
3.729,3.14183,-0.00102441,-0.000757253,0.00333477,0.00241200000000019,-0.0108600000000013,-0.000302654,0.00133592
3.73,3.14183,-0.00102108,-0.000754849,0.00332394,0.00240400000000028,-0.0108300000000011,-0.000301693,0.00133158
3.731,3.14183,-0.00101776,-0.000752453,0.00331315,0.00239600000000026,-0.0107900000000013,-0.000300736,0.00132726
3.732,3.14183,-0.00101445,-0.000750064,0.0033024,0.0023889999999992,-0.0107499999999963,-0.000299781,0.00132294
3.733,3.14183,-0.00101115,-0.000747683,0.00329168,0.00238100000000035,-0.0107200000000013,-0.00029883,0.00131865
3.734,3.14183,-0.00100787,-0.000745309,0.003281,0.00237400000000024,-0.0106800000000011,-0.000297881,0.00131436
3.735,3.14182,-0.00100459,-0.000742942,0.00327035,0.00236700000000023,-0.0106500000000012,-0.000296936,0.0013101
3.736,3.14182,-0.00100133,-0.000740584,0.00325973,0.00235799999999926,-0.0106199999999963,-0.000295993,0.00130584
3.737,3.14182,-0.000998073,-0.000738232,0.00324915,0.00235200000000021,-0.0105800000000012,-0.000295054,0.0013016
3.738,3.14182,-0.000994829,-0.000735888,0.00323861,0.0023440000000003,-0.0105400000000014,-0.000294117,0.00129737
3.739,3.14182,-0.000991596,-0.000733552,0.0032281,0.00233600000000018,-0.0105100000000012,-0.000293183,0.00129316
3.74,3.14182,-0.000988373,-0.000731222,0.00321762,0.00232999999999926,-0.0104799999999963,-0.000292253,0.00128896
3.741,3.14182,-0.000985161,-0.000728901,0.00320718,0.00232100000000026,-0.0104400000000012,-0.000291325,0.00128477
3.742,3.14182,-0.000981959,-0.000726586,0.00319677,0.00231500000000028,-0.0104100000000013,-0.0002904,0.0012806
3.743,3.14182,-0.000978767,-0.000724279,0.00318639,0.00230700000000026,-0.0103800000000011,-0.000289478,0.00127644
3.744,3.14182,-0.000975586,-0.000721979,0.00317605,0.00229999999999923,-0.0103399999999963,-0.000288559,0.00127229
3.745,3.14182,-0.000972415,-0.000719686,0.00316574,0.00229300000000025,-0.0103100000000015,-0.000287643,0.00126816
3.746,3.14182,-0.000969255,-0.000717401,0.00315547,0.00228500000000023,-0.0102700000000009,-0.00028673,0.00126404
3.747,3.14182,-0.000966104,-0.000715122,0.00314522,0.00227900000000025,-0.0102500000000014,-0.000285819,0.00125994
3.748,3.14182,-0.000962964,-0.000712851,0.00313502,0.00227099999999922,-0.0101999999999963,-0.000284912,0.00125584
3.749,3.14181,-0.000959834,-0.000710588,0.00312484,0.00226300000000032,-0.0101800000000014,-0.000284007,0.00125176
3.75,3.14181,-0.000956715,-0.000708331,0.0031147,0.00225700000000022,-0.0101400000000007,-0.000283105,0.0012477
3.751,3.14181,-0.000953605,-0.000706081,0.00310459,0.00225000000000022,-0.0101100000000014,-0.000282206,0.00124365
3.752,3.14181,-0.000950506,-0.000703839,0.00309452,0.0022420000000002,-0.0100700000000012,-0.00028131,0.00123961
3.753,3.14181,-0.000947416,-0.000701603,0.00308447,0.00223599999999933,-0.0100499999999964,-0.000280417,0.00123558
3.754,3.14181,-0.000944337,-0.000699375,0.00307446,0.0022280000000002,-0.0100100000000011,-0.000279526,0.00123157
3.755,3.14181,-0.000941267,-0.000697154,0.00306448,0.0022210000000003,-0.00998000000000124,-0.000278639,0.00122757
3.756,3.14181,-0.000938208,-0.000694939,0.00305454,0.00221500000000021,-0.00994000000000104,-0.000277754,0.00122358
3.757,3.14181,-0.000935158,-0.000692732,0.00304462,0.00220699999999921,-0.00991999999999675,-0.000276872,0.00121961
3.758,3.14181,-0.000932119,-0.000690532,0.00303474,0.0022000000000003,-0.00988000000000096,-0.000275992,0.00121565
3.759,3.14181,-0.000929089,-0.000688338,0.0030249,0.0021940000000002,-0.00984000000000119,-0.000275116,0.0012117
3.76,3.14181,-0.000926069,-0.000686152,0.00301508,0.00218600000000029,-0.00982000000000131,-0.000274242,0.00120776
3.761,3.14181,-0.000923059,-0.000683972,0.00300529,0.00217999999999923,-0.0097899999999967,-0.000273371,0.00120384
3.762,3.14181,-0.000920058,-0.0006818,0.00299554,0.00217200000000029,-0.00975000000000085,-0.000272503,0.00119993
3.763,3.1418,-0.000917068,-0.000679634,0.00298582,0.00216600000000019,-0.00972000000000102,-0.000271637,0.00119603
3.764,3.1418,-0.000914087,-0.000677475,0.00297613,0.0021590000000003,-0.0096900000000012,-0.000270774,0.00119215
3.765,3.1418,-0.000911116,-0.000675323,0.00296647,0.00215199999999923,-0.00965999999999665,-0.000269914,0.00118827
3.766,3.1418,-0.000908154,-0.000673177,0.00295684,0.00214600000000031,-0.00963000000000111,-0.000269057,0.00118442
3.767,3.1418,-0.000905202,-0.000671039,0.00294725,0.00213800000000018,-0.00959000000000092,-0.000268202,0.00118057
3.768,3.1418,-0.00090226,-0.000668907,0.00293768,0.00213200000000019,-0.00957000000000147,-0.00026735,0.00117673
3.769,3.1418,-0.000899327,-0.000666782,0.00292815,0.00212499999999936,-0.0095299999999966,-0.000266501,0.00117291
3.77,3.1418,-0.000896403,-0.000664663,0.00291865,0.0021190000000002,-0.00950000000000101,-0.000265654,0.0011691
3.771,3.1418,-0.000893489,-0.000662552,0.00290918,0.00211100000000029,-0.00947000000000118,-0.00026481,0.00116531
3.772,3.1418,-0.000890585,-0.000660447,0.00289973,0.0021050000000002,-0.00945000000000086,-0.000263969,0.00116152
3.773,3.1418,-0.00088769,-0.000658348,0.00289032,0.00209899999999928,-0.00940999999999692,-0.00026313,0.00115775
3.774,3.1418,-0.000884804,-0.000656257,0.00288095,0.00209100000000019,-0.0093700000000009,-0.000262294,0.00115399
3.775,3.1418,-0.000881928,-0.000654172,0.0028716,0.00208500000000032,-0.00935000000000101,-0.000261461,0.00115024
3.776,3.1418,-0.000879061,-0.000652093,0.00286228,0.00207900000000022,-0.00932000000000119,-0.00026063,0.0011465
3.777,3.1418,-0.000876204,-0.000650021,0.00285299,0.0020719999999993,-0.0092899999999968,-0.000259802,0.00114278
3.778,3.14179,-0.000873355,-0.000647956,0.00284373,0.00206500000000021,-0.00926000000000111,-0.000258977,0.00113907
3.779,3.14179,-0.000870516,-0.000645897,0.0028345,0.00205900000000023,-0.00923000000000084,-0.000258154,0.00113537
3.78,3.14179,-0.000867686,-0.000643844,0.00282531,0.00205300000000024,-0.00919000000000108,-0.000257333,0.00113168
3.781,3.14179,-0.000864866,-0.000641798,0.00281614,0.00204599999999933,-0.00916999999999712,-0.000256516,0.001128
3.782,3.14179,-0.000862054,-0.000639759,0.002807,0.00203900000000013,-0.00914000000000094,-0.000255701,0.00112434
3.783,3.14179,-0.000859252,-0.000637726,0.00279789,0.00203300000000025,-0.00911000000000111,-0.000254888,0.00112069
3.784,3.14179,-0.000856459,-0.0006357,0.00278881,0.00202600000000025,-0.00908000000000085,-0.000254078,0.00111705
3.785,3.14179,-0.000853674,-0.000633679,0.00277976,0.00202099999999938,-0.00904999999999701,-0.000253271,0.00111342
3.786,3.14179,-0.000850899,-0.000631666,0.00277074,0.00201300000000015,-0.0090200000000012,-0.000252466,0.0011098
3.787,3.14179,-0.000848133,-0.000629658,0.00276175,0.00200800000000029,-0.00899000000000094,-0.000251663,0.0011062
3.788,3.14179,-0.000845376,-0.000627657,0.00275279,0.00200100000000018,-0.00896000000000069,-0.000250864,0.00110261
3.789,3.14179,-0.000842627,-0.000625663,0.00274386,0.00199399999999929,-0.00892999999999733,-0.000250066,0.00109903
3.79,3.14179,-0.000839888,-0.000623674,0.00273495,0.00198900000000031,-0.00891000000000098,-0.000249271,0.00109546
3.791,3.14179,-0.000837157,-0.000621692,0.00272608,0.0019820000000002,-0.00887000000000078,-0.000248479,0.0010919
3.792,3.14179,-0.000834436,-0.000619716,0.00271723,0.00197600000000021,-0.00885000000000089,-0.000247689,0.00108835
3.793,3.14179,-0.000831723,-0.000617747,0.00270842,0.00196899999999934,-0.00880999999999721,-0.000246902,0.00108482
3.794,3.14178,-0.000829019,-0.000615783,0.00269963,0.00196400000000024,-0.00879000000000081,-0.000246117,0.00108129
3.795,3.14178,-0.000826324,-0.000613826,0.00269087,0.00195700000000013,-0.00876000000000098,-0.000245335,0.00107778
3.796,3.14178,-0.000823637,-0.000611875,0.00268214,0.00195100000000025,-0.00873000000000116,-0.000244555,0.00107428
3.797,3.14178,-0.00082096,-0.00060993,0.00267344,0.0019449999999994,-0.00869999999999703,-0.000243778,0.00107079
3.798,3.14178,-0.000818291,-0.000607992,0.00266476,0.00193800000000015,-0.00868000000000101,-0.000243003,0.00106731
3.799,3.14178,-0.00081563,-0.000606059,0.00265611,0.00193300000000018,-0.00865000000000076,-0.00024223,0.00106385
3.8,3.14178,-0.000812978,-0.000604133,0.0026475,0.00192600000000029,-0.00861000000000099,-0.00024146,0.00106039
3.801,3.14178,-0.000810335,-0.000602212,0.00263891,0.00192099999999936,-0.00858999999999729,-0.000240693,0.00105695
3.802,3.14178,-0.000807701,-0.000600298,0.00263034,0.00191400000000021,-0.00857000000000079,-0.000239927,0.00105351
3.803,3.14178,-0.000805075,-0.00059839,0.00262181,0.00190800000000022,-0.00853000000000102,-0.000239165,0.00105009
3.804,3.14178,-0.000802457,-0.000596488,0.0026133,0.00190200000000012,-0.00851000000000114,-0.000238404,0.00104668
3.805,3.14178,-0.000799848,-0.000594592,0.00260482,0.0018959999999994,-0.00847999999999711,-0.000237646,0.00104328
3.806,3.14178,-0.000797248,-0.000592701,0.00259637,0.00189100000000028,-0.00845000000000062,-0.000236891,0.00103989
3.807,3.14178,-0.000794655,-0.000590817,0.00258795,0.00188400000000016,-0.00842000000000123,-0.000236137,0.00103652
3.808,3.14178,-0.000792072,-0.000588939,0.00257955,0.00187800000000018,-0.00840000000000091,-0.000235387,0.00103315
3.809,3.14178,-0.000789496,-0.000587067,0.00257118,0.00187199999999936,-0.00836999999999694,-0.000234638,0.00102979
3.81,3.14178,-0.000786929,-0.0005852,0.00256284,0.00186700000000022,-0.00834000000000126,-0.000233892,0.00102645
3.811,3.14177,-0.000784371,-0.00058334,0.00255453,0.00186000000000022,-0.00831000000000057,-0.000233148,0.00102312
3.812,3.14177,-0.00078182,-0.000581485,0.00254624,0.00185500000000025,-0.00829000000000112,-0.000232407,0.00101979
3.813,3.14177,-0.000779278,-0.000579637,0.00253798,0.00184799999999932,-0.00825999999999719,-0.000231668,0.00101648
3.814,3.14177,-0.000776744,-0.000577794,0.00252974,0.00184300000000027,-0.00824000000000098,-0.000230931,0.00101318
3.815,3.14177,-0.000774219,-0.000575957,0.00252154,0.00183700000000018,-0.00820000000000078,-0.000230197,0.00100989
3.816,3.14177,-0.000771701,-0.000574126,0.00251336,0.00183100000000019,-0.00818000000000089,-0.000229465,0.00100661
3.817,3.14177,-0.000769192,-0.0005723,0.0025052,0.00182599999999941,-0.00815999999999739,-0.000228735,0.00100334
3.818,3.14177,-0.000766691,-0.000570481,0.00249707,0.00181900000000022,-0.00813000000000075,-0.000228008,0.00100008
3.819,3.14177,-0.000764198,-0.000568667,0.00248897,0.00181400000000014,-0.00810000000000093,-0.000227283,0.000996831
3.82,3.14177,-0.000761713,-0.000566859,0.0024809,0.00180800000000026,-0.0080700000000011,-0.00022656,0.000993594
3.821,3.14177,-0.000759236,-0.000565057,0.00247285,0.00180199999999937,-0.00804999999999721,-0.000225839,0.000990366
3.822,3.14177,-0.000756768,-0.00056326,0.00246483,0.00179700000000019,-0.00802000000000096,-0.000225121,0.00098715
3.823,3.14177,-0.000754307,-0.000561469,0.00245683,0.00179100000000021,-0.00800000000000064,-0.000224405,0.000983943
3.824,3.14177,-0.000751854,-0.000559684,0.00244886,0.00178500000000022,-0.00797000000000082,-0.000223691,0.000980748
3.825,3.14177,-0.000749409,-0.000557904,0.00244092,0.00177999999999935,-0.00793999999999746,-0.00022298,0.000977562
3.826,3.14177,-0.000746972,-0.00055613,0.002433,0.00177400000000026,-0.00792000000000111,-0.00022227,0.000974387
3.827,3.14177,-0.000744543,-0.000554361,0.00242511,0.00176900000000018,-0.00789000000000085,-0.000221563,0.000971222
3.828,3.14176,-0.000742122,-0.000552599,0.00241724,0.00176200000000018,-0.00787000000000053,-0.000220858,0.000968068
3.829,3.14176,-0.000739709,-0.000550841,0.0024094,0.00175799999999934,-0.00783999999999766,-0.000220156,0.000964923
3.83,3.14176,-0.000737303,-0.00054909,0.00240158,0.00175100000000022,-0.00782000000000082,-0.000219456,0.000961789
3.831,3.14176,-0.000734906,-0.000547344,0.00239379,0.00174600000000025,-0.007790000000001,-0.000218757,0.000958665
3.832,3.14176,-0.000732516,-0.000545603,0.00238603,0.00174100000000017,-0.00776000000000074,-0.000218062,0.000955552
3.833,3.14176,-0.000730134,-0.000543868,0.00237829,0.00173499999999942,-0.00773999999999742,-0.000217368,0.000952448
3.834,3.14176,-0.000727759,-0.000542138,0.00237057,0.00173000000000022,-0.00772000000000097,-0.000216676,0.000949354
3.835,3.14176,-0.000725393,-0.000540414,0.00236288,0.00172400000000012,-0.00769000000000071,-0.000215987,0.000946271
3.836,3.14176,-0.000723033,-0.000538696,0.00235522,0.00171800000000024,-0.00766000000000089,-0.0002153,0.000943197
3.837,3.14176,-0.000720682,-0.000536982,0.00234758,0.00171399999999942,-0.00763999999999718,-0.000214615,0.000940134
3.838,3.14176,-0.000718338,-0.000535275,0.00233996,0.00170700000000018,-0.00762000000000112,-0.000213932,0.00093708
3.839,3.14176,-0.000716002,-0.000533572,0.00233237,0.00170300000000022,-0.00759000000000086,-0.000213251,0.000934037
3.84,3.14176,-0.000713674,-0.000531875,0.00232481,0.00169700000000013,-0.0075600000000006,-0.000212573,0.000931003
3.841,3.14176,-0.000711353,-0.000530184,0.00231727,0.0016909999999995,-0.00753999999999737,-0.000211896,0.000927979
3.842,3.14176,-0.000709039,-0.000528497,0.00230975,0.00168700000000019,-0.00752000000000084,-0.000211222,0.000924965
3.843,3.14176,-0.000706733,-0.000526817,0.00230226,0.00168000000000018,-0.00749000000000101,-0.00021055,0.000921961
3.844,3.14176,-0.000704435,-0.000525141,0.00229479,0.00167600000000012,-0.0074700000000007,-0.00020988,0.000918966
3.845,3.14176,-0.000702144,-0.000523471,0.00228735,0.0016699999999995,-0.00743999999999757,-0.000209212,0.000915981
3.846,3.14176,-0.00069986,-0.000521806,0.00227993,0.00166500000000016,-0.00742000000000099,-0.000208546,0.000913006
3.847,3.14175,-0.000697584,-0.000520146,0.00227253,0.00166000000000019,-0.00740000000000067,-0.000207883,0.000910041
3.848,3.14175,-0.000695315,-0.000518492,0.00226516,0.0016540000000002,-0.00737000000000085,-0.000207221,0.000907085
3.849,3.14175,-0.000693054,-0.000516842,0.00225782,0.00164999999999941,-0.00733999999999776,-0.000206562,0.000904139
3.85,3.14175,-0.0006908,-0.000515198,0.00225049,0.00164400000000015,-0.00733000000000064,-0.000205904,0.000901202
3.851,3.14175,-0.000688553,-0.00051356,0.00224319,0.00163800000000017,-0.00730000000000082,-0.000205249,0.000898275
3.852,3.14175,-0.000686313,-0.000511926,0.00223592,0.00163400000000021,-0.00727000000000056,-0.000204596,0.000895357
3.853,3.14175,-0.000684081,-0.000510298,0.00222867,0.0016279999999995,-0.00724999999999789,-0.000203945,0.000892449
3.854,3.14175,-0.000681856,-0.000508674,0.00222144,0.00162400000000016,-0.00723000000000079,-0.000203296,0.000889551
3.855,3.14175,-0.000679638,-0.000507056,0.00221423,0.00161800000000018,-0.00721000000000048,-0.000202649,0.000886661
3.856,3.14175,-0.000677427,-0.000505443,0.00220705,0.0016130000000002,-0.00718000000000109,-0.000202004,0.000883782
3.857,3.14175,-0.000675224,-0.000503836,0.00219989,0.0016069999999994,-0.00715999999999759,-0.000201361,0.000880911
3.858,3.14175,-0.000673028,-0.000502233,0.00219276,0.00160300000000015,-0.00713000000000051,-0.00020072,0.00087805
3.859,3.14175,-0.000670839,-0.000500635,0.00218565,0.00159800000000018,-0.00711000000000106,-0.000200081,0.000875198
3.86,3.14175,-0.000668656,-0.000499043,0.00217856,0.0015920000000002,-0.00709000000000074,-0.000199444,0.000872355
3.861,3.14175,-0.000666481,-0.000497455,0.00217149,0.00158799999999954,-0.00706999999999772,-0.000198809,0.000869522
3.862,3.14175,-0.000664314,-0.000495873,0.00216445,0.00158200000000015,-0.0070400000000006,-0.000198176,0.000866698
3.863,3.14175,-0.000662153,-0.000494295,0.00215743,0.00157800000000019,-0.00702000000000072,-0.000197545,0.000863883
3.864,3.14175,-0.000659999,-0.000492723,0.00215044,0.0015720000000001,-0.00699000000000089,-0.000196917,0.000861077
3.865,3.14175,-0.000657852,-0.000491155,0.00214346,0.00156799999999955,-0.00697999999999785,-0.00019629,0.00085828
3.866,3.14175,-0.000655712,-0.000489592,0.00213651,0.00156300000000017,-0.00695000000000069,-0.000195665,0.000855492
3.867,3.14174,-0.000653579,-0.000488035,0.00212958,0.00155700000000013,-0.00693000000000081,-0.000195042,0.000852713
3.868,3.14174,-0.000651453,-0.000486482,0.00212268,0.00155300000000017,-0.00690000000000055,-0.000194421,0.000849944
3.869,3.14174,-0.000649334,-0.000484934,0.00211579,0.00154799999999946,-0.00688999999999755,-0.000193802,0.000847183
3.87,3.14174,-0.000647221,-0.000483392,0.00210893,0.00154200000000016,-0.00686000000000078,-0.000193185,0.000844432
3.871,3.14174,-0.000645116,-0.000481854,0.00210209,0.00153800000000021,-0.0068400000000009,-0.00019257,0.000841689
3.872,3.14174,-0.000643017,-0.000480321,0.00209528,0.00153300000000013,-0.00681000000000064,-0.000191957,0.000838955
3.873,3.14174,-0.000640925,-0.000478793,0.00208848,0.00152799999999953,-0.00679999999999768,-0.000191346,0.00083623
3.874,3.14174,-0.00063884,-0.000477269,0.00208171,0.00152400000000015,-0.00677000000000087,-0.000190736,0.000833514
3.875,3.14174,-0.000636762,-0.000475751,0.00207496,0.00151800000000016,-0.00675000000000099,-0.000190129,0.000830807
3.876,3.14174,-0.00063469,-0.000474237,0.00206823,0.00151400000000015,-0.00673000000000067,-0.000189524,0.000828108
3.877,3.14174,-0.000632625,-0.000472728,0.00206153,0.00150900000000018,-0.00670000000000085,-0.00018892,0.000825419
3.878,3.14174,-0.000630567,-0.000471224,0.00205484,0.00150399999999949,-0.0066899999999975,-0.000188319,0.000822738
3.879,3.14174,-0.000628516,-0.000469725,0.00204818,0.00149900000000019,-0.00666000000000065,-0.000187719,0.000820065
3.88,3.14174,-0.000626471,-0.00046823,0.00204154,0.00149500000000018,-0.00664000000000076,-0.000187121,0.000817402
3.881,3.14174,-0.000624433,-0.00046674,0.00203492,0.00149000000000015,-0.00662000000000088,-0.000186525,0.000814747
3.882,3.14174,-0.000622401,-0.000465255,0.00202832,0.00148499999999952,-0.00659999999999763,-0.000185931,0.0008121
3.883,3.14174,-0.000620376,-0.000463775,0.00202174,0.00148000000000016,-0.00658000000000068,-0.000185339,0.000809463
3.884,3.14174,-0.000618358,-0.000462299,0.00201519,0.00147600000000015,-0.00655000000000085,-0.000184749,0.000806834
3.885,3.14174,-0.000616346,-0.000460828,0.00200866,0.00147100000000018,-0.00653000000000097,-0.000184161,0.000804213
3.886,3.14174,-0.00061434,-0.000459362,0.00200214,0.0014659999999995,-0.0065199999999977,-0.000183574,0.000801601
3.887,3.14174,-0.000612342,-0.0004579,0.00199565,0.00146200000000014,-0.00649000000000077,-0.000182989,0.000798997
3.888,3.14173,-0.000610349,-0.000456443,0.00198918,0.00145700000000017,-0.00647000000000045,-0.000182407,0.000796402
3.889,3.14173,-0.000608363,-0.000454991,0.00198273,0.00145200000000015,-0.006450000000001,-0.000181826,0.000793815
3.89,3.14173,-0.000606384,-0.000453543,0.0019763,0.00144799999999955,-0.00642999999999783,-0.000181247,0.000791237
3.891,3.14173,-0.000604411,-0.000452099,0.0019699,0.00144400000000013,-0.00640000000000043,-0.000180669,0.000788667
3.892,3.14173,-0.000602444,-0.000450661,0.00196351,0.00143800000000019,-0.00639000000000092,-0.000180094,0.000786105
3.893,3.14173,-0.000600484,-0.000449227,0.00195714,0.00143400000000013,-0.0063700000000006,-0.00017952,0.000783552
3.894,3.14173,-0.00059853,-0.000447797,0.0019508,0.00142999999999954,-0.00633999999999796,-0.000178948,0.000781007
3.895,3.14173,-0.000596582,-0.000446372,0.00194448,0.00142500000000015,-0.00632000000000068,-0.000178378,0.00077847
3.896,3.14173,-0.000594641,-0.000444952,0.00193817,0.00142000000000018,-0.00631000000000073,-0.00017781,0.000775942
3.897,3.14173,-0.000592706,-0.000443536,0.00193189,0.00141600000000012,-0.00628000000000069,-0.000177244,0.000773422
3.898,3.14173,-0.000590777,-0.000442124,0.00192563,0.00141199999999953,-0.00625999999999781,-0.000176679,0.000770909
3.899,3.14173,-0.000588855,-0.000440717,0.00191938,0.00140700000000019,-0.00625000000000065,-0.000176116,0.000768405
3.9,3.14173,-0.000586938,-0.000439315,0.00191316,0.00140200000000011,-0.00622000000000083,-0.000175555,0.00076591
3.901,3.14173,-0.000585028,-0.000437917,0.00190696,0.00139800000000016,-0.00620000000000051,-0.000174996,0.000763422
3.902,3.14173,-0.000583124,-0.000436523,0.00190078,0.00139399999999953,-0.0061799999999981,-0.000174439,0.000760942
3.903,3.14173,-0.000581227,-0.000435134,0.00189462,0.00138900000000018,-0.00616000000000052,-0.000173883,0.000758471
3.904,3.14173,-0.000579335,-0.000433749,0.00188847,0.00138500000000017,-0.0061500000000008,-0.000173329,0.000756007
3.905,3.14173,-0.00057745,-0.000432369,0.00188235,0.00138000000000014,-0.00612000000000054,-0.000172777,0.000753552
3.906,3.14173,-0.000575571,-0.000430993,0.00187625,0.00137599999999952,-0.00609999999999795,-0.000172226,0.000751104
3.907,3.14173,-0.000573697,-0.000429621,0.00187017,0.00137200000000018,-0.00608000000000077,-0.000171678,0.000748664
3.908,3.14173,-0.00057183,-0.000428254,0.00186411,0.00136700000000015,-0.00606000000000067,-0.000171131,0.000746233
3.909,3.14173,-0.000569969,-0.000426891,0.00185807,0.00136300000000014,-0.00604000000000057,-0.000170585,0.000743809
3.91,3.14172,-0.000568114,-0.000425532,0.00185204,0.00135899999999953,-0.00602999999999817,-0.000170042,0.000741393
3.911,3.14172,-0.000566265,-0.000424178,0.00184604,0.00135400000000016,-0.00600000000000059,-0.0001695,0.000738985
3.912,3.14172,-0.000564422,-0.000422828,0.00184006,0.00135000000000015,-0.00598000000000071,-0.00016896,0.000736585
3.913,3.14172,-0.000562585,-0.000421482,0.00183409,0.00134600000000015,-0.00597000000000055,-0.000168422,0.000734192
3.914,3.14172,-0.000560754,-0.000420141,0.00182815,0.00134099999999952,-0.00593999999999808,-0.000167885,0.000731808
3.915,3.14172,-0.000558929,-0.000418804,0.00182222,0.00133700000000017,-0.00593000000000056,-0.00016735,0.000729431
3.916,3.14172,-0.00055711,-0.000417471,0.00181632,0.00133300000000016,-0.00590000000000074,-0.000166817,0.000727061
3.917,3.14172,-0.000555296,-0.000416142,0.00181043,0.00132900000000015,-0.00589000000000058,-0.000166285,0.0007247
3.918,3.14172,-0.000553489,-0.000414818,0.00180456,0.00132399999999953,-0.00586999999999809,-0.000165755,0.000722346
3.919,3.14172,-0.000551687,-0.000413498,0.00179872,0.00132000000000017,-0.00584000000000066,-0.000165227,0.00072
3.92,3.14172,-0.000549891,-0.000412182,0.00179289,0.00131600000000016,-0.00583000000000071,-0.000164701,0.000717661
3.921,3.14172,-0.000548101,-0.00041087,0.00178708,0.00131200000000015,-0.00581000000000061,-0.000164176,0.00071533
3.922,3.14172,-0.000546317,-0.000409562,0.00178128,0.00130799999999956,-0.00579999999999788,-0.000163652,0.000713007
3.923,3.14172,-0.000544539,-0.000408258,0.00177551,0.00130400000000013,-0.00577000000000085,-0.000163131,0.000710691
3.924,3.14172,-0.000542766,-0.000406959,0.00176976,0.00129900000000016,-0.00575000000000053,-0.000162611,0.000708382
3.925,3.14172,-0.000540999,-0.000405664,0.00176402,0.0012950000000001,-0.00574000000000059,-0.000162093,0.000706082
3.926,3.14172,-0.000539238,-0.000404373,0.00175831,0.00129099999999957,-0.00570999999999823,-0.000161576,0.000703788
3.927,3.14172,-0.000537483,-0.000403086,0.00175261,0.00128700000000019,-0.0057000000000006,-0.000161061,0.000701502
3.928,3.14172,-0.000535733,-0.000401803,0.00174693,0.00128300000000012,-0.0056800000000005,-0.000160548,0.000699224
3.929,3.14172,-0.000533989,-0.000400524,0.00174127,0.00127900000000017,-0.00566000000000062,-0.000160036,0.000696953
3.93,3.14172,-0.000532251,-0.000399249,0.00173563,0.00127499999999954,-0.00563999999999823,-0.000159526,0.000694689
3.931,3.14172,-0.000530518,-0.000397978,0.00173,0.00127100000000015,-0.00563000000000058,-0.000159018,0.000692432
3.932,3.14172,-0.000528791,-0.000396711,0.0017244,0.00126700000000014,-0.00560000000000054,-0.000158511,0.000690183
3.933,3.14172,-0.000527069,-0.000395449,0.00171881,0.00126200000000017,-0.00559000000000059,-0.000158006,0.000687942
3.934,3.14172,-0.000525353,-0.00039419,0.00171324,0.00125899999999956,-0.00556999999999824,-0.000157502,0.000685707
3.935,3.14171,-0.000523643,-0.000392935,0.00170769,0.00125500000000011,-0.00555000000000061,-0.000157,0.00068348
3.936,3.14171,-0.000521938,-0.000391685,0.00170216,0.00125000000000014,-0.00553000000000051,-0.000156499,0.00068126
3.937,3.14171,-0.000520238,-0.000390438,0.00169664,0.00124700000000015,-0.00552000000000079,-0.000156,0.000679047
3.938,3.14171,-0.000518545,-0.000389195,0.00169114,0.00124299999999959,-0.00549999999999803,-0.000155503,0.000676842
3.939,3.14171,-0.000516856,-0.000387956,0.00168566,0.00123900000000013,-0.00548000000000059,-0.000155007,0.000674643
3.94,3.14171,-0.000515173,-0.000386721,0.0016802,0.00123500000000012,-0.0054600000000007,-0.000154513,0.000672452
3.941,3.14171,-0.000513496,-0.000385491,0.00167476,0.00123000000000015,-0.0054400000000006,-0.000154021,0.000670268
3.942,3.14171,-0.000511824,-0.000384264,0.00166933,0.00122699999999961,-0.00542999999999825,-0.00015353,0.000668091
3.943,3.14171,-0.000510157,-0.00038304,0.00166393,0.00122400000000011,-0.0054000000000004,-0.00015304,0.000665921
3.944,3.14171,-0.000508496,-0.000381821,0.00165854,0.00121900000000014,-0.00539000000000068,-0.000152552,0.000663758
3.945,3.14171,-0.00050684,-0.000380606,0.00165316,0.00121500000000013,-0.00538000000000052,-0.000152066,0.000661602
3.946,3.14171,-0.00050519,-0.000379394,0.00164781,0.0012119999999996,-0.00534999999999832,-0.000151581,0.000659453
3.947,3.14171,-0.000503545,-0.000378187,0.00164247,0.00120700000000016,-0.00534000000000053,-0.000151098,0.000657311
3.948,3.14171,-0.000501905,-0.000376983,0.00163715,0.00120400000000012,-0.00532000000000065,-0.000150616,0.000655176
3.949,3.14171,-0.00050027,-0.000375783,0.00163184,0.00120000000000016,-0.00531000000000049,-0.000150136,0.000653048
3.95,3.14171,-0.000498641,-0.000374587,0.00162656,0.00119599999999957,-0.00527999999999832,-0.000149657,0.000650927
3.951,3.14171,-0.000497017,-0.000373395,0.00162129,0.00119200000000014,-0.00527000000000051,-0.00014918,0.000648812
3.952,3.14171,-0.000495399,-0.000372206,0.00161604,0.00118900000000015,-0.00525000000000062,-0.000148704,0.000646705
3.953,3.14171,-0.000493785,-0.000371021,0.0016108,0.00118500000000009,-0.00524000000000068,-0.00014823,0.000644604
3.954,3.14171,-0.000492177,-0.00036984,0.00160559,0.00118099999999961,-0.00520999999999811,-0.000147758,0.000642511
3.955,3.14171,-0.000490574,-0.000368663,0.00160039,0.00117700000000018,-0.0052000000000007,-0.000147287,0.000640424
3.956,3.14171,-0.000488976,-0.00036749,0.0015952,0.00117300000000011,-0.00519000000000054,-0.000146817,0.000638343
3.957,3.14171,-0.000487384,-0.00036632,0.00159003,0.00117000000000012,-0.00517000000000044,-0.000146349,0.00063627
3.958,3.14171,-0.000485796,-0.000365154,0.00158488,0.00116599999999959,-0.00514999999999827,-0.000145882,0.000634203
3.959,3.14171,-0.000484214,-0.000363992,0.00157975,0.00116200000000016,-0.00513000000000067,-0.000145417,0.000632143
3.96,3.14171,-0.000482637,-0.000362833,0.00157464,0.00115900000000011,-0.00511000000000057,-0.000144953,0.00063009
3.961,3.1417,-0.000481065,-0.000361678,0.00156954,0.00115500000000015,-0.00510000000000063,-0.000144491,0.000628044
3.962,3.1417,-0.000479498,-0.000360527,0.00156445,0.00115099999999958,-0.00508999999999821,-0.00014403,0.000626004
3.963,3.1417,-0.000477936,-0.000359379,0.00155939,0.00114800000000015,-0.00506000000000065,-0.000143571,0.00062397
3.964,3.1417,-0.000476379,-0.000358235,0.00155434,0.00114400000000014,-0.00505000000000049,-0.000143113,0.000621944
3.965,3.1417,-0.000474827,-0.000357095,0.0015493,0.00114000000000013,-0.00504000000000055,-0.000142656,0.000619923
3.966,3.1417,-0.00047328,-0.000355958,0.00154428,0.00113699999999958,-0.00501999999999822,-0.000142202,0.00061791
3.967,3.1417,-0.000471739,-0.000354825,0.00153928,0.00113300000000013,-0.00500000000000056,-0.000141748,0.000615903
3.968,3.1417,-0.000470202,-0.000353696,0.0015343,0.00112900000000012,-0.00498000000000068,-0.000141296,0.000613902
3.969,3.1417,-0.00046867,-0.00035257,0.00152933,0.00112600000000013,-0.00497000000000052,-0.000140845,0.000611908
3.97,3.1417,-0.000467143,-0.000351448,0.00152438,0.00112199999999967,-0.00494999999999822,-0.000140396,0.000609921
3.971,3.1417,-0.000465621,-0.000350329,0.00151944,0.00111900000000007,-0.0049400000000007,-0.000139948,0.00060794
3.972,3.1417,-0.000464104,-0.000349214,0.00151452,0.00111500000000017,-0.00492000000000038,-0.000139502,0.000605965
3.973,3.1417,-0.000462592,-0.000348102,0.00150962,0.00111200000000012,-0.00490000000000071,-0.000139057,0.000603997
3.974,3.1417,-0.000461085,-0.000346994,0.00150473,0.00110799999999962,-0.00488999999999838,-0.000138613,0.000602035
3.975,3.1417,-0.000459583,-0.00034589,0.00149986,0.0011040000000001,-0.00487000000000045,-0.000138171,0.000600079
3.976,3.1417,-0.000458085,-0.000344789,0.001495,0.00110100000000011,-0.00486000000000051,-0.000137731,0.00059813
3.977,3.1417,-0.000456593,-0.000343691,0.00149016,0.00109800000000012,-0.00484000000000063,-0.000137291,0.000596188
3.978,3.1417,-0.000455105,-0.000342597,0.00148534,0.00109399999999968,-0.00481999999999839,-0.000136853,0.000594251
3.979,3.1417,-0.000453622,-0.000341507,0.00148053,0.0010900000000001,-0.00481000000000037,-0.000136417,0.000592321
3.98,3.1417,-0.000452144,-0.00034042,0.00147574,0.0010870000000001,-0.0047900000000007,-0.000135982,0.000590397
3.981,3.1417,-0.000450671,-0.000339336,0.00147096,0.00108400000000017,-0.00478000000000033,-0.000135548,0.000588479
3.982,3.1417,-0.000449202,-0.000338256,0.0014662,0.00107999999999962,-0.00475999999999855,-0.000135115,0.000586568
3.983,3.1417,-0.000447738,-0.00033718,0.00146145,0.00107600000000009,-0.0047500000000005,-0.000134684,0.000584662
3.984,3.1417,-0.000446279,-0.000336106,0.00145672,0.00107400000000012,-0.0047300000000004,-0.000134255,0.000582763
3.985,3.1417,-0.000444825,-0.000335037,0.001452,0.00106900000000014,-0.00472000000000068,-0.000133826,0.000580871
3.986,3.1417,-0.000443375,-0.00033397,0.0014473,0.00106699999999964,-0.00469999999999827,-0.0001334,0.000578984
3.987,3.1417,-0.00044193,-0.000332907,0.00144262,0.0010630000000001,-0.00468000000000069,-0.000132974,0.000577103
3.988,3.1417,-0.00044049,-0.000331848,0.00143795,0.00105900000000015,-0.00467000000000054,-0.00013255,0.000575229
3.989,3.1417,-0.000439055,-0.000330791,0.00143329,0.00105700000000012,-0.00466000000000038,-0.000132127,0.00057336
3.99,3.14169,-0.000437624,-0.000329739,0.00142865,0.00105199999999962,-0.00463999999999843,-0.000131705,0.000571498
3.991,3.14169,-0.000436197,-0.000328689,0.00142403,0.00105000000000011,-0.00462000000000061,-0.000131285,0.000569642
3.992,3.14169,-0.000434776,-0.000327643,0.00141942,0.0010460000000001,-0.00461000000000045,-0.000130866,0.000567791
3.993,3.14169,-0.000433359,-0.0003266,0.00141483,0.00104300000000011,-0.00459000000000057,-0.000130449,0.000565947
3.994,3.14169,-0.000431946,-0.000325561,0.00141025,0.0010389999999997,-0.00457999999999838,-0.000130033,0.000564109
3.995,3.14169,-0.000430538,-0.000324524,0.00140568,0.00103700000000007,-0.00457000000000047,-0.000129618,0.000562276
3.996,3.14169,-0.000429135,-0.000323492,0.00140113,0.00103200000000015,-0.00455000000000059,-0.000129204,0.00056045
3.997,3.14169,-0.000427736,-0.000322462,0.0013966,0.00103000000000012,-0.00453000000000048,-0.000128792,0.00055863
3.998,3.14169,-0.000426342,-0.000321436,0.00139208,0.00102599999999966,-0.00451999999999854,-0.000128381,0.000556815
3.999,3.14169,-0.000424952,-0.000320413,0.00138758,0.00102300000000007,-0.00450000000000044,-0.000127971,0.000555007
4,3.14169,-0.000423566,-0.000319393,0.00138308,0.00102000000000013,-0.00450000000000044,-0.000127563,0.000553204
4.001,3.14169,-0.000422186,-0.000318376,0.00137861,0.00101699999999968,-0.00446999999999863,-0.000127156,0.000551407
4.002,3.14169,-0.000420809,-0.000317363,0.00137415,0.00101300000000057,-0.00446000000000244,-0.00012675,0.000549616
4.003,3.14169,-0.000419437,-0.000316353,0.0013697,0.00100999999999963,-0.00444999999999854,-0.000126346,0.000547831
4.004,3.14169,-0.00041807,-0.000315346,0.00136527,0.00100700000000058,-0.00443000000000238,-0.000125943,0.000546051
4.005,3.14169,-0.000416707,-0.000314343,0.00136085,0.00100299999999963,-0.00441999999999851,-0.000125541,0.000544277
4.006,3.14169,-0.000415348,-0.000313342,0.00135645,0.00100099999999971,-0.00439999999999864,-0.00012514,0.00054251
4.007,3.14169,-0.000413994,-0.000312345,0.00135206,0.00099700000000053,-0.00439000000000238,-0.000124741,0.000540747
4.008,3.14169,-0.000412644,-0.000311351,0.00134769,0.000993999999999652,-0.00436999999999861,-0.000124343,0.000538991
4.009,3.14169,-0.000411299,-0.00031036,0.00134333,0.000990999999999714,-0.00435999999999845,-0.000123946,0.00053724
4.01,3.14169,-0.000409957,-0.000309372,0.00133898,0.000988000000000545,-0.00435000000000238,-0.00012355,0.000535495
4.011,3.14169,-0.000408621,-0.000308388,0.00133465,0.000983999999999661,-0.00432999999999864,-0.000123156,0.000533756
4.012,3.14169,-0.000407288,-0.000307406,0.00133033,0.000982000000000556,-0.00432000000000233,-0.000122763,0.000532022
4.013,3.14169,-0.00040596,-0.000306428,0.00132603,0.000977999999999677,-0.00429999999999861,-0.000122371,0.000530294
4.014,3.14169,-0.000404636,-0.000305453,0.00132174,0.00097499999999963,-0.00428999999999846,-0.000121981,0.000528571
4.015,3.14169,-0.000403317,-0.000304481,0.00131746,0.000972000000000556,-0.00428000000000254,-0.000121591,0.000526855
4.016,3.14169,-0.000402001,-0.000303512,0.0013132,0.0009689999999997,-0.00425999999999843,-0.000121203,0.000525143
4.017,3.14169,-0.00040069,-0.000302546,0.00130895,0.000965999999999654,-0.00424999999999871,-0.000120816,0.000523437
4.018,3.14169,-0.000399383,-0.000301583,0.00130472,0.000963000000000518,-0.00423000000000216,-0.000120431,0.000521737
4.019,3.14169,-0.000398081,-0.000300624,0.0013005,0.000958999999999709,-0.00421999999999868,-0.000120046,0.000520043
4.02,3.14169,-0.000396782,-0.000299667,0.00129629,0.000957000000000528,-0.00421000000000227,-0.000119663,0.000518353
4.021,3.14169,-0.000395488,-0.000298713,0.0012921,0.000953999999999686,-0.00418999999999865,-0.000119281,0.00051667
4.022,3.14168,-0.000394198,-0.000297763,0.00128792,0.000949999999999679,-0.00417999999999872,-0.000118901,0.000514991
4.023,3.14168,-0.000392912,-0.000296815,0.00128375,0.00094800000000049,-0.00417000000000227,-0.000118521,0.000513319
4.024,3.14168,-0.000391631,-0.000295871,0.0012796,0.000943999999999695,-0.00414999999999847,-0.000118143,0.000511651
4.025,3.14168,-0.000390353,-0.000294929,0.00127546,0.000941999999999718,-0.00413999999999875,-0.000117766,0.000509989
4.026,3.14168,-0.00038908,-0.000293991,0.00127134,0.000938000000000489,-0.00412000000000232,-0.00011739,0.000508333
4.027,3.14168,-0.000387811,-0.000293055,0.00126723,0.00093599999999968,-0.00410999999999851,-0.000117015,0.000506682
4.028,3.14168,-0.000386545,-0.000292123,0.00126313,0.000932000000000554,-0.00410000000000243,-0.000116642,0.000505036
4.029,3.14168,-0.000385284,-0.000291194,0.00125905,0.00092899999999968,-0.00407999999999848,-0.000116269,0.000503395
4.03,3.14168,-0.000384027,-0.000290267,0.00125497,0.000926999999999704,-0.00407999999999869,-0.000115898,0.00050176
4.031,3.14168,-0.000382774,-0.000289343,0.00125092,0.000924000000000478,-0.00405000000000226,-0.000115528,0.00050013
4.032,3.14168,-0.000381526,-0.000288423,0.00124687,0.000919999999999704,-0.00404999999999867,-0.000115159,0.000498506
4.033,3.14168,-0.000380281,-0.000287505,0.00124284,0.000917999999999673,-0.00402999999999857,-0.000114792,0.000496887
4.034,3.14168,-0.00037904,-0.00028659,0.00123882,0.000915000000000548,-0.00402000000000221,-0.000114425,0.000495273
4.035,3.14168,-0.000377803,-0.000285679,0.00123482,0.000910999999999674,-0.00399999999999876,-0.00011406,0.000493664
4.036,3.14168,-0.00037657,-0.00028477,0.00123083,0.000909000000000505,-0.00399000000000215,-0.000113696,0.00049206
4.037,3.14168,-0.000375341,-0.000283864,0.00122685,0.000905999999999705,-0.00397999999999867,-0.000113333,0.000490462
4.038,3.14168,-0.000374117,-0.000282961,0.00122288,0.000902999999999713,-0.00396999999999873,-0.000112971,0.000488869
4.039,3.14168,-0.000372896,-0.00028206,0.00121893,0.000901000000000483,-0.00395000000000215,-0.000112611,0.000487281
4.04,3.14168,-0.000371679,-0.000281163,0.00121499,0.000896999999999675,-0.0039399999999987,-0.000112251,0.000485698
4.041,3.14168,-0.000370466,-0.000280269,0.00121106,0.000893999999999737,-0.00392999999999877,-0.000111893,0.00048412
4.042,3.14168,-0.000369257,-0.000279377,0.00120714,0.000892000000000499,-0.00392000000000209,-0.000111536,0.000482548
4.043,3.14168,-0.000368052,-0.000278488,0.00120324,0.00088899999999966,-0.00389999999999874,-0.000111179,0.00048098
4.044,3.14168,-0.00036685,-0.000277602,0.00119935,0.000886000000000509,-0.00389000000000204,-0.000110825,0.000479418
4.045,3.14168,-0.000365653,-0.000276719,0.00119548,0.00088299999999973,-0.00386999999999871,-0.000110471,0.000477861
4.046,3.14168,-0.000364459,-0.000275839,0.00119161,0.000879999999999684,-0.00386999999999871,-0.000110118,0.000476309
4.047,3.14168,-0.00036327,-0.000274961,0.00118776,0.000878000000000487,-0.00385000000000225,-0.000109766,0.000474761
4.048,3.14168,-0.000362084,-0.000274087,0.00118392,0.0008739999999997,-0.00383999999999868,-0.000109416,0.000473219
4.049,3.14168,-0.000360902,-0.000273215,0.0011801,0.000871999999999724,-0.00381999999999881,-0.000109067,0.000471682
4.05,3.14168,-0.000359724,-0.000272346,0.00117628,0.000869000000000449,-0.00382000000000198,-0.000108718,0.00047015
4.051,3.14168,-0.000358549,-0.00027148,0.00117248,0.000865999999999739,-0.00379999999999871,-0.000108371,0.000468623
4.052,3.14168,-0.000357379,-0.000270616,0.00116869,0.000864000000000476,-0.00379000000000214,-0.000108025,0.000467101
4.053,3.14168,-0.000356212,-0.000269755,0.00116492,0.000860999999999717,-0.00376999999999869,-0.00010768,0.000465583
4.054,3.14168,-0.000355049,-0.000268897,0.00116115,0.000857999999999725,-0.0037699999999989,-0.000107337,0.000464071
4.055,3.14168,-0.00035389,-0.000268042,0.0011574,0.000855000000000438,-0.00375000000000193,-0.000106994,0.000462564
4.056,3.14168,-0.000352734,-0.000267189,0.00115366,0.000852999999999756,-0.00373999999999887,-0.000106652,0.000461061
4.057,3.14168,-0.000351582,-0.00026634,0.00114994,0.000848999999999694,-0.00371999999999878,-0.000106312,0.000459563
4.058,3.14167,-0.000350434,-0.000265493,0.00114622,0.00084700000000047,-0.00372000000000187,-0.000105972,0.000458071
4.059,3.14167,-0.00034929,-0.000264648,0.00114252,0.000844999999999741,-0.00369999999999891,-0.000105634,0.000456583
4.06,3.14167,-0.000348149,-0.000263807,0.00113883,0.000841000000000426,-0.00369000000000203,-0.000105297,0.0004551
4.061,3.14167,-0.000347012,-0.000262968,0.00113515,0.000838999999999757,-0.00367999999999882,-0.00010496,0.000453621
4.062,3.14167,-0.000345879,-0.000262131,0.00113148,0.000836999999999726,-0.00366999999999866,-0.000104625,0.000452148
4.063,3.14167,-0.000344749,-0.000261298,0.00112783,0.000833000000000459,-0.00365000000000203,-0.000104291,0.000450679
4.064,3.14167,-0.000343623,-0.000260467,0.00112418,0.000830999999999688,-0.00364999999999879,-0.000103958,0.000449215
4.065,3.14167,-0.000342501,-0.000259638,0.00112055,0.000828999999999711,-0.0036299999999987,-0.000103626,0.000447756
4.066,3.14167,-0.000341382,-0.000258813,0.00111693,0.000825000000000491,-0.00362000000000219,-0.000103295,0.000446301
4.067,3.14167,-0.000340267,-0.00025799,0.00111333,0.000822999999999727,-0.00359999999999867,-0.000102965,0.000444852
4.068,3.14167,-0.000339156,-0.000257169,0.00110973,0.000821000000000426,-0.00360000000000208,-0.000102637,0.000443407
4.069,3.14167,-0.000338048,-0.000256352,0.00110615,0.000816999999999743,-0.00357999999999879,-0.000102309,0.000441966
4.07,3.14167,-0.000336943,-0.000255537,0.00110258,0.000814999999999712,-0.00356999999999886,-0.000101982,0.000440531
4.071,3.14167,-0.000335843,-0.000254724,0.00109901,0.000813000000000458,-0.00357000000000181,-0.000101656,0.0004391
4.072,3.14167,-0.000334745,-0.000253914,0.00109547,0.000809999999999744,-0.00353999999999883,-0.000101332,0.000437673
4.073,3.14167,-0.000333652,-0.000253107,0.00109193,0.000806999999999752,-0.00353999999999883,-0.000101008,0.000436252
4.074,3.14167,-0.000332562,-0.000252302,0.0010884,0.000805000000000436,-0.00353000000000203,-0.000100686,0.000434835
4.075,3.14167,-0.000331475,-0.0002515,0.00108489,0.000801999999999729,-0.0035099999999988,-0.000100364,0.000433422
4.076,3.14167,-0.000330392,-0.0002507,0.00108139,0.000800000000000409,-0.00350000000000197,-0.000100044,0.000432014
4.077,3.14167,-0.000329312,-0.000249903,0.0010779,0.00079699999999976,-0.00348999999999892,-0.0000997241,0.000430611
4.078,3.14167,-0.000328236,-0.000249109,0.00107442,0.000793999999999714,-0.00347999999999877,-0.0000994056,0.000429212
4.079,3.14167,-0.000327163,-0.000248317,0.00107095,0.000792000000000441,-0.00347000000000191,-0.0000990882,0.000427818
4.08,3.14167,-0.000326094,-0.000247528,0.00106749,0.000788999999999745,-0.0034599999999989,-0.0000987717,0.000426428
4.081,3.14167,-0.000325028,-0.000246741,0.00106404,0.000786999999999769,-0.00344999999999874,-0.0000984563,0.000425043
4.082,3.14167,-0.000323966,-0.000245956,0.00106061,0.000785000000000435,-0.00343000000000191,-0.0000981418,0.000423662
4.083,3.14167,-0.000322907,-0.000245175,0.00105719,0.00078099999999973,-0.00341999999999893,-0.0000978284,0.000422286
4.084,3.14167,-0.000321852,-0.000244395,0.00105377,0.000780000000000408,-0.00342000000000175,-0.000097516,0.000420914
4.085,3.14167,-0.0003208,-0.000243618,0.00105037,0.00077699999999975,-0.00339999999999906,-0.0000972045,0.000419547
4.086,3.14167,-0.000319751,-0.000242844,0.00104698,0.000773999999999731,-0.00338999999999868,-0.0000968941,0.000418184
4.087,3.14167,-0.000318706,-0.000242072,0.0010436,0.00077200000000044,-0.00338000000000197,-0.0000965846,0.000416826
4.088,3.14167,-0.000317664,-0.000241303,0.00104024,0.000768999999999735,-0.00335999999999887,-0.0000962761,0.000415472
4.089,3.14167,-0.000316625,-0.000240536,0.00103688,0.000766999999999759,-0.00335999999999887,-0.0000959686,0.000414122
4.09,3.14167,-0.00031559,-0.000239772,0.00103353,0.000764000000000418,-0.00335000000000191,-0.0000956621,0.000412777
4.091,3.14167,-0.000314558,-0.00023901,0.0010302,0.000761999999999736,-0.00332999999999884,-0.0000953566,0.000411436
4.092,3.14167,-0.00031353,-0.00023825,0.00102688,0.000760000000000434,-0.00332000000000186,-0.000095052,0.0004101
4.093,3.14167,-0.000312505,-0.000237493,0.00102356,0.00075699999999974,-0.00331999999999891,-0.0000947484,0.000408768
4.094,3.14167,-0.000311483,-0.000236738,0.00102026,0.000754999999999736,-0.00329999999999882,-0.0000944458,0.00040744
4.095,3.14167,-0.000310464,-0.000235986,0.00101697,0.000752000000000439,-0.0032900000000018,-0.0000941442,0.000406116
4.096,3.14167,-0.000309449,-0.000235236,0.00101369,0.000749999999999741,-0.00327999999999894,-0.0000938435,0.000404797
4.097,3.14167,-0.000308437,-0.000234489,0.00101042,0.000746999999999749,-0.003269999999999,-0.0000935437,0.000403482
4.098,3.14166,-0.000307428,-0.000233744,0.00100716,0.000745000000000407,-0.00326000000000174,-0.0000932449,0.000402171
4.099,3.14166,-0.000306422,-0.000233001,0.00100391,0.000742999999999768,-0.00324999999999891,-0.0000929471,0.000400865
4.1,3.14166,-0.00030542,-0.000232261,0.00100067,0.000740000000000406,-0.00324000000000185,-0.0000926502,0.000399563
4.101,3.14166,-0.000304421,-0.000231523,0.000997446,0.000737999999999745,-0.00322399999999894,-0.0000923543,0.000398265
4.102,3.14166,-0.000303425,-0.000230787,0.000994229,0.000735999999999742,-0.00321699999999895,-0.0000920593,0.000396971
4.103,3.14166,-0.000302433,-0.000230054,0.000991023,0.000733000000000428,-0.00320600000000173,-0.0000917653,0.000395682
4.104,3.14166,-0.000301443,-0.000229323,0.000987827,0.000730999999999746,-0.00319599999999895,-0.0000914722,0.000394396
4.105,3.14166,-0.000300457,-0.000228595,0.000984642,0.000727999999999754,-0.00318499999999889,-0.00009118,0.000393115
4.106,3.14166,-0.000299474,-0.000227868,0.000981467,0.000727000000000411,-0.00317500000000177,-0.0000908887,0.000391838
4.107,3.14166,-0.000298494,-0.000227145,0.000978302,0.000722999999999758,-0.00316499999999901,-0.0000905984,0.000390565
4.108,3.14166,-0.000297517,-0.000226423,0.000975148,0.000722000000000384,-0.00315400000000164,-0.000090309,0.000389296
4.109,3.14166,-0.000296544,-0.000225704,0.000972004,0.000718999999999778,-0.0031439999999989,-0.0000900206,0.000388032
4.11,3.14166,-0.000295573,-0.000224987,0.000968871,0.000716999999999747,-0.00313299999999906,-0.000089733,0.000386771
4.111,3.14166,-0.000294606,-0.000224273,0.000965747,0.000714000000000389,-0.0031240000000017,-0.0000894464,0.000385515
4.112,3.14166,-0.000293642,-0.00022356,0.000962634,0.000712999999999767,-0.00311299999999897,-0.0000891607,0.000384263
4.113,3.14166,-0.000292681,-0.00022285,0.000959531,0.000709999999999775,-0.00310299999999892,-0.0000888759,0.000383014
4.114,3.14166,-0.000291723,-0.000222143,0.000956439,0.000707000000000384,-0.00309200000000172,-0.000088592,0.00038177
4.115,3.14166,-0.000290768,-0.000221437,0.000953356,0.000705999999999767,-0.00308299999999894,-0.000088309,0.00038053
4.116,3.14166,-0.000289816,-0.000220734,0.000950284,0.0007030000000004,-0.00307200000000172,-0.0000880269,0.000379294
4.117,3.14166,-0.000288867,-0.000220033,0.000947221,0.000700999999999744,-0.00306299999999896,-0.0000877457,0.000378062
4.118,3.14166,-0.000287922,-0.000219334,0.000944169,0.000698999999999768,-0.00305199999999901,-0.0000874654,0.000376834
4.119,3.14166,-0.000286979,-0.000218638,0.000941126,0.000696000000000394,-0.00304300000000168,-0.000087186,0.000375609
4.12,3.14166,-0.00028604,-0.000217944,0.000938094,0.000693999999999772,-0.00303199999999902,-0.0000869075,0.000374389
4.121,3.14166,-0.000285103,-0.000217252,0.000935071,0.000691999999999768,-0.00302299999999899,-0.0000866299,0.000373173
4.122,3.14166,-0.000284169,-0.000216562,0.000932058,0.000690000000000377,-0.00301300000000162,-0.0000863532,0.000371961
4.123,3.14166,-0.000283239,-0.000215875,0.000929056,0.000686999999999773,-0.00300199999999899,-0.0000860773,0.000370753
4.124,3.14166,-0.000282311,-0.000215189,0.000926063,0.000686000000000394,-0.00299300000000173,-0.0000858024,0.000369548
4.125,3.14166,-0.000281387,-0.000214506,0.000923079,0.000682999999999765,-0.00298399999999893,-0.0000855283,0.000368348
4.126,3.14166,-0.000280465,-0.000213825,0.000920106,0.000680999999999761,-0.00297299999999909,-0.0000852551,0.000367151
4.127,3.14166,-0.000279547,-0.000213147,0.000917142,0.000678000000000372,-0.00296400000000158,-0.0000849827,0.000365958
4.128,3.14166,-0.000278631,-0.00021247,0.000914188,0.000676999999999781,-0.00295399999999901,-0.0000847113,0.00036477
4.129,3.14166,-0.000277718,-0.000211796,0.000911244,0.000674000000000388,-0.00294400000000169,-0.0000844407,0.000363585
4.13,3.14166,-0.000276808,-0.000211123,0.000908309,0.000672999999999774,-0.00293499999999894,-0.0000841709,0.000362403
4.131,3.14166,-0.000275902,-0.000210453,0.000905384,0.000669999999999755,-0.00292499999999911,-0.000083902,0.000361226
4.132,3.14166,-0.000274998,-0.000209786,0.000902469,0.000667000000000382,-0.00291500000000154,-0.000083634,0.000360053
4.133,3.14166,-0.000274097,-0.00020912,0.000899563,0.000665999999999774,-0.00290599999999903,-0.0000833669,0.000358883
4.134,3.14166,-0.000273199,-0.000208456,0.000896667,0.000663999999999771,-0.00289599999999909,-0.0000831006,0.000357717
4.135,3.14166,-0.000272303,-0.000207795,0.00089378,0.000661000000000366,-0.00288700000000152,-0.0000828351,0.000356555
4.136,3.14166,-0.000271411,-0.000207135,0.000890902,0.00065999999999979,-0.00287799999999914,-0.0000825705,0.000355397
4.137,3.14166,-0.000270522,-0.000206478,0.000888034,0.000657000000000355,-0.00286800000000154,-0.0000823067,0.000354242
4.138,3.14166,-0.000269635,-0.000205823,0.000885176,0.000654999999999794,-0.00285799999999905,-0.0000820438,0.000353092
4.139,3.14166,-0.000268751,-0.00020517,0.000882326,0.000652999999999791,-0.00284999999999904,-0.0000817817,0.000351944
4.14,3.14166,-0.00026787,-0.000204519,0.000879486,0.000651000000000338,-0.00284000000000162,-0.0000815204,0.000350801
4.141,3.14166,-0.000266992,-0.00020387,0.000876656,0.000648999999999783,-0.00282999999999905,-0.00008126,0.000349662
4.142,3.14166,-0.000266117,-0.000203224,0.000873835,0.000645999999999791,-0.00282099999999902,-0.0000810004,0.000348526
4.143,3.14166,-0.000265245,-0.000202579,0.000871022,0.000645000000000349,-0.00281300000000151,-0.0000807417,0.000347393
4.144,3.14165,-0.000264375,-0.000201937,0.00086822,0.000641999999999811,-0.00280199999999916,-0.0000804838,0.000346265
4.145,3.14165,-0.000263508,-0.000201296,0.000865426,0.000641000000000338,-0.00279400000000152,-0.0000802267,0.00034514
4.146,3.14165,-0.000262644,-0.000200658,0.000862641,0.000637999999999804,-0.00278499999999901,-0.0000799704,0.000344019
4.147,3.14165,-0.000261783,-0.000200021,0.000859866,0.000636999999999788,-0.00277499999999907,-0.0000797149,0.000342901
4.148,3.14165,-0.000260924,-0.000199387,0.0008571,0.000634000000000332,-0.00276600000000161,-0.0000794603,0.000341787
4.149,3.14165,-0.000260069,-0.000198755,0.000854342,0.000631999999999792,-0.00275799999999903,-0.0000792064,0.000340677
4.15,3.14165,-0.000259216,-0.000198125,0.000851594,0.000629999999999789,-0.00274799999999909,-0.0000789534,0.00033957
4.151,3.14165,-0.000258366,-0.000197496,0.000848855,0.000629000000000359,-0.00273900000000149,-0.0000787012,0.000338467
4.152,3.14165,-0.000257518,-0.00019687,0.000846125,0.000625999999999781,-0.00272999999999914,-0.0000784498,0.000337367
4.153,3.14165,-0.000256673,-0.000196246,0.000843404,0.000624000000000359,-0.00272100000000152,-0.0000781992,0.000336271
4.154,3.14165,-0.000255831,-0.000195624,0.000840691,0.000621999999999774,-0.00271299999999909,-0.0000779494,0.000335179
4.155,3.14165,-0.000254992,-0.000195004,0.000837988,0.000619999999999797,-0.00270299999999905,-0.0000777004,0.00033409
4.156,3.14165,-0.000254155,-0.000194386,0.000835293,0.000618000000000342,-0.00269500000000153,-0.0000774522,0.000333005
4.157,3.14165,-0.000253321,-0.000193769,0.000832608,0.000616999999999805,-0.00268499999999909,-0.0000772047,0.000331923
4.158,3.14165,-0.00025249,-0.000193155,0.000829931,0.000613999999999786,-0.00267699999999908,-0.0000769581,0.000330845
4.159,3.14165,-0.000251662,-0.000192543,0.000827263,0.000612000000000353,-0.00266800000000153,-0.0000767123,0.00032977
4.16,3.14165,-0.000250836,-0.000191933,0.000824603,0.000609999999999779,-0.00265999999999904,-0.0000764672,0.000328699
4.161,3.14165,-0.000250012,-0.000191325,0.000821953,0.000608000000000342,-0.00265000000000145,-0.000076223,0.000327631
4.162,3.14165,-0.000249192,-0.000190718,0.000819311,0.000606999999999787,-0.00264199999999919,-0.0000759795,0.000326566
4.163,3.14165,-0.000248374,-0.000190114,0.000816678,0.000603999999999822,-0.00263299999999905,-0.0000757368,0.000325505
4.164,3.14165,-0.000247558,-0.000189512,0.000814053,0.000602000000000326,-0.00262500000000148,-0.0000754948,0.000324448
4.165,3.14165,-0.000246746,-0.000188911,0.000811437,0.000600999999999803,-0.00261599999999912,-0.0000752537,0.000323394
4.166,3.14165,-0.000245936,-0.000188313,0.000808829,0.000597999999999783,-0.00260799999999921,-0.0000750133,0.000322343
4.167,3.14165,-0.000245128,-0.000187716,0.000806231,0.000597000000000352,-0.00259800000000136,-0.0000747737,0.000321296
4.168,3.14165,-0.000244323,-0.000187121,0.00080364,0.000594999999999791,-0.00259099999999916,-0.0000745348,0.000320252
4.169,3.14165,-0.000243521,-0.000186529,0.000801058,0.000592000000000325,-0.00258200000000143,-0.0000742967,0.000319212
4.17,3.14165,-0.000242721,-0.000185938,0.000798485,0.000590999999999811,-0.0025729999999991,-0.0000740594,0.000318175
4.171,3.14165,-0.000241924,-0.000185349,0.00079592,0.000588999999999807,-0.0025649999999992,-0.0000738228,0.000317141
4.172,3.14165,-0.000241129,-0.000184762,0.000793364,0.000587000000000325,-0.00255600000000144,-0.000073587,0.000316111
4.173,3.14165,-0.000240337,-0.000184177,0.000790816,0.0005849999999998,-0.00254799999999915,-0.000073352,0.000315084
4.174,3.14165,-0.000239548,-0.000183594,0.000788276,0.000582999999999796,-0.00253999999999914,-0.0000731177,0.00031406
4.175,3.14165,-0.000238761,-0.000183012,0.000785745,0.000582000000000325,-0.00253100000000135,-0.0000728841,0.00031304
4.176,3.14165,-0.000237976,-0.000182433,0.000783221,0.000578999999999816,-0.00252399999999922,-0.0000726513,0.000312023
4.177,3.14165,-0.000237194,-0.000181855,0.000780707,0.000578000000000314,-0.0025140000000014,-0.0000724192,0.000311009
4.178,3.14165,-0.000236415,-0.000181279,0.0007782,0.000575999999999797,-0.00250699999999906,-0.0000721879,0.000309999
4.179,3.14165,-0.000235638,-0.000180706,0.000775702,0.000572999999999832,-0.00249799999999925,-0.0000719573,0.000308992
4.18,3.14165,-0.000234863,-0.000180134,0.000773212,0.000572000000000297,-0.00249000000000134,-0.0000717275,0.000307988
4.181,3.14165,-0.000234091,-0.000179563,0.00077073,0.000570999999999828,-0.00248199999999922,-0.0000714984,0.000306987
4.182,3.14165,-0.000233322,-0.000178995,0.000768256,0.000567999999999809,-0.0024739999999991,-0.00007127,0.00030599
4.183,3.14165,-0.000232555,-0.000178429,0.000765791,0.000566000000000308,-0.00246500000000136,-0.0000710424,0.000304996
4.184,3.14165,-0.00023179,-0.000177864,0.000763333,0.000564999999999817,-0.00245799999999917,-0.0000708155,0.000304005
4.185,3.14165,-0.000231028,-0.000177301,0.000760884,0.000563000000000313,-0.00244900000000143,-0.0000705893,0.000303017
4.186,3.14165,-0.000230269,-0.00017674,0.000758442,0.000560999999999809,-0.00244199999999915,-0.0000703638,0.000302033
4.187,3.14165,-0.000229511,-0.000176181,0.000756009,0.000558999999999806,-0.00243299999999922,-0.0000701391,0.000301051
4.188,3.14165,-0.000228757,-0.000175623,0.000753584,0.000558000000000313,-0.00242500000000136,-0.0000699151,0.000300073
4.189,3.14165,-0.000228004,-0.000175068,0.000751166,0.000554999999999798,-0.0024179999999991,-0.0000696918,0.000299098
4.19,3.14165,-0.000227254,-0.000174514,0.000748757,0.000553999999999837,-0.00240899999999929,-0.0000694692,0.000298127
4.191,3.14165,-0.000226507,-0.000173962,0.000746355,0.000552000000000297,-0.00240200000000131,-0.0000692473,0.000297158
4.192,3.14165,-0.000225762,-0.000173412,0.000743962,0.000549999999999803,-0.00239299999999915,-0.0000690261,0.000296193
4.193,3.14165,-0.000225019,-0.000172863,0.000741576,0.000549000000000329,-0.00238600000000138,-0.0000688057,0.00029523
4.194,3.14165,-0.000224278,-0.000172317,0.000739198,0.000545999999999795,-0.00237799999999913,-0.0000685859,0.000294271
4.195,3.14165,-0.00022354,-0.000171772,0.000736828,0.000544999999999834,-0.00236999999999923,-0.0000683669,0.000293315
4.196,3.14165,-0.000222805,-0.000171229,0.000734466,0.000543000000000285,-0.00236200000000131,-0.0000681485,0.000292362
4.197,3.14164,-0.000222072,-0.000170687,0.000732111,0.000541999999999842,-0.00235499999999921,-0.0000679309,0.000291412
4.198,3.14164,-0.000221341,-0.000170148,0.000729765,0.000538999999999796,-0.00234599999999929,-0.0000677139,0.000290466
4.199,3.14164,-0.000220612,-0.00016961,0.000727426,0.000538000000000312,-0.00233900000000126,-0.0000674977,0.000289522
4.2,3.14164,-0.000219886,-0.000169074,0.000725094,0.000535999999999831,-0.00233199999999918,-0.0000672821,0.000288581
4.201,3.14164,-0.000219162,-0.000168539,0.000722771,0.000535000000000291,-0.00232300000000133,-0.0000670672,0.000287644
4.202,3.14164,-0.00021844,-0.000168007,0.000720455,0.000531999999999823,-0.00231599999999916,-0.0000668531,0.000286709
4.203,3.14164,-0.000217721,-0.000167476,0.000718146,0.000530999999999808,-0.00230899999999926,-0.0000666396,0.000285778
4.204,3.14164,-0.000217004,-0.000166946,0.000715846,0.00053000000000029,-0.00230000000000128,-0.0000664267,0.000284849
4.205,3.14164,-0.000216289,-0.000166419,0.000713552,0.000526999999999828,-0.00229399999999925,-0.0000662146,0.000283924
4.206,3.14164,-0.000215577,-0.000165893,0.000711267,0.000525999999999839,-0.00228499999999922,-0.0000660032,0.000283001
4.207,3.14164,-0.000214867,-0.000165369,0.000708989,0.000524000000000274,-0.00227800000000124,-0.0000657924,0.000282082
4.208,3.14164,-0.000214159,-0.000164846,0.000706718,0.000522999999999847,-0.00227099999999933,-0.0000655823,0.000281165
4.209,3.14164,-0.000213453,-0.000164326,0.000704455,0.000520000000000263,-0.00226300000000122,-0.0000653729,0.000280252
4.21,3.14164,-0.00021275,-0.000163807,0.000702199,0.00051899999999984,-0.00225599999999921,-0.0000651641,0.000279341
4.211,3.14164,-0.000212049,-0.000163289,0.000699951,0.000517999999999824,-0.0022479999999993,-0.000064956,0.000278433
4.212,3.14164,-0.00021135,-0.000162774,0.00069771,0.00051500000000029,-0.00224100000000118,-0.0000647486,0.000277529
4.213,3.14164,-0.000210654,-0.00016226,0.000695477,0.000513999999999817,-0.00223299999999928,-0.0000645419,0.000276627
4.214,3.14164,-0.000209959,-0.000161747,0.00069325,0.000512999999999829,-0.0022269999999993,-0.0000643358,0.000275728
4.215,3.14164,-0.000209267,-0.000161237,0.000691032,0.00051000000000029,-0.00221800000000124,-0.0000641304,0.000274832
4.216,3.14164,-0.000208577,-0.000160728,0.00068882,0.000508999999999821,-0.00221199999999918,-0.0000639256,0.000273939
4.217,3.14164,-0.000207889,-0.00016022,0.000686616,0.000508000000000284,-0.00220400000000123,-0.0000637215,0.000273049
4.218,3.14164,-0.000207204,-0.000159715,0.000684419,0.000504999999999841,-0.00219699999999927,-0.000063518,0.000272162
4.219,3.14164,-0.000206521,-0.000159211,0.000682229,0.000503999999999826,-0.00218999999999927,-0.0000633152,0.000271278
4.22,3.14164,-0.000205839,-0.000158708,0.000680047,0.000503000000000284,-0.0021820000000012,-0.0000631131,0.000270397
4.221,3.14164,-0.000205161,-0.000158207,0.000677872,0.000500999999999833,-0.00217499999999926,-0.0000629116,0.000269518
4.222,3.14164,-0.000204484,-0.000157708,0.000675704,0.00049899999999983,-0.00216799999999937,-0.0000627107,0.000268642
4.223,3.14164,-0.000203809,-0.000157211,0.000673543,0.000497000000000268,-0.00216100000000118,-0.0000625105,0.000267769
4.224,3.14164,-0.000203137,-0.000156715,0.000671389,0.000495999999999838,-0.00215399999999926,-0.0000623109,0.000266899
4.225,3.14164,-0.000202466,-0.00015622,0.000669242,0.000495000000000289,-0.00214700000000117,-0.000062112,0.000266032
4.226,3.14164,-0.000201798,-0.000155728,0.000667103,0.00049199999999983,-0.00213899999999925,-0.0000619137,0.000265168
4.227,3.14164,-0.000201132,-0.000155236,0.00066497,0.00049199999999983,-0.00213299999999937,-0.0000617161,0.000264306
4.228,3.14164,-0.000200468,-0.000154747,0.000662845,0.000489000000000273,-0.00212500000000113,-0.0000615191,0.000263447
4.229,3.14164,-0.000199806,-0.000154259,0.000660726,0.00048799999999985,-0.00211899999999926,-0.0000613227,0.000262591
4.23,3.14164,-0.000199147,-0.000153773,0.000658614,0.000485999999999819,-0.00211199999999937,-0.0000611269,0.000261738
4.231,3.14164,-0.000198489,-0.000153288,0.00065651,0.000485000000000289,-0.00210400000000112,-0.0000609318,0.000260888
4.232,3.14164,-0.000197834,-0.000152805,0.000654412,0.000482999999999827,-0.00209799999999926,-0.0000607373,0.00026004
4.233,3.14164,-0.00019718,-0.000152323,0.000652322,0.000482000000000267,-0.00209000000000121,-0.0000605434,0.000259195
4.234,3.14164,-0.000196529,-0.000151843,0.000650238,0.000479999999999835,-0.00208399999999927,-0.0000603501,0.000258353
4.235,3.14164,-0.00019588,-0.000151364,0.000648161,0.000478999999999847,-0.00207699999999937,-0.0000601575,0.000257513
4.236,3.14164,-0.000195233,-0.000150887,0.000646091,0.000477000000000267,-0.00207000000000111,-0.0000599655,0.000256677
4.237,3.14164,-0.000194588,-0.000150412,0.000644028,0.000474999999999839,-0.00206299999999927,-0.0000597741,0.000255843
4.238,3.14164,-0.000193945,-0.000149938,0.000641971,0.000473999999999824,-0.00205699999999939,-0.0000595833,0.000255011
4.239,3.14164,-0.000193304,-0.000149466,0.000639922,0.000472000000000267,-0.00204900000000109,-0.0000593931,0.000254183
4.24,3.14164,-0.000192665,-0.000148995,0.000637879,0.000470999999999859,-0.00204299999999928,-0.0000592036,0.000253357
4.241,3.14164,-0.000192028,-0.000148526,0.000635843,0.000469000000000245,-0.0020360000000012,-0.0000590146,0.000252534
4.242,3.14164,-0.000191393,-0.000148058,0.000633814,0.00046799999999984,-0.00202899999999929,-0.0000588263,0.000251713
4.243,3.14164,-0.000190761,-0.000147592,0.000631791,0.000465999999999863,-0.0020229999999993,-0.0000586385,0.000250895
4.244,3.14164,-0.00019013,-0.000147127,0.000629775,0.000465000000000261,-0.0020160000000012,-0.0000584514,0.00025008
4.245,3.14164,-0.000189501,-0.000146664,0.000627766,0.000462999999999844,-0.0020089999999993,-0.0000582649,0.000249267
4.246,3.14164,-0.000188874,-0.000146203,0.000625763,0.00046099999999984,-0.00200299999999932,-0.0000580789,0.000248457
4.247,3.14164,-0.00018825,-0.000145742,0.000623767,0.00046100000000025,-0.00199600000000109,-0.0000578936,0.00024765
4.248,3.14164,-0.000187627,-0.000145284,0.000621778,0.000457999999999848,-0.00198899999999932,-0.0000577089,0.000246845
4.249,3.14164,-0.000187006,-0.000144827,0.000619795,0.000457000000000266,-0.0019830000000011,-0.0000575247,0.000246043
4.25,3.14164,-0.000186387,-0.000144371,0.000617818,0.000455999999999845,-0.00197699999999935,-0.0000573412,0.000245243
4.251,3.14164,-0.00018577,-0.000143917,0.000615849,0.000453999999999841,-0.00196899999999934,-0.0000571582,0.000244447
4.252,3.14164,-0.000185155,-0.000143464,0.000613885,0.000453000000000255,-0.00196400000000111,-0.0000569758,0.000243652
4.253,3.14164,-0.000184543,-0.000143013,0.000611929,0.000450999999999849,-0.00195599999999935,-0.000056794,0.00024286
4.254,3.14164,-0.000183932,-0.000142563,0.000609978,0.000450000000000233,-0.00195100000000112,-0.0000566128,0.000242071
4.255,3.14164,-0.000183323,-0.000142115,0.000608035,0.000447999999999857,-0.00194299999999926,-0.0000564322,0.000241285
4.256,3.14164,-0.000182716,-0.000141668,0.000606097,0.000446999999999842,-0.0019379999999994,-0.0000562522,0.000240501
4.257,3.14164,-0.00018211,-0.000141223,0.000604166,0.00044500000000026,-0.00193100000000112,-0.0000560727,0.000239719
4.258,3.14164,-0.000181507,-0.000140779,0.000602242,0.00044399999999985,-0.00192399999999929,-0.0000558938,0.00023894
4.259,3.14164,-0.000180906,-0.000140336,0.000600323,0.000442999999999861,-0.00191899999999933,-0.0000557155,0.000238164
4.26,3.14164,-0.000180307,-0.000139895,0.000598412,0.000441000000000249,-0.00191100000000112,-0.0000555378,0.00023739
4.261,3.14164,-0.000179709,-0.000139456,0.000596506,0.000438999999999854,-0.00190599999999934,-0.0000553606,0.000236618
4.262,3.14163,-0.000179114,-0.000139018,0.000594607,0.000438000000000227,-0.00189900000000103,-0.000055184,0.000235849
4.263,3.14163,-0.00017852,-0.000138581,0.000592714,0.00043699999999985,-0.00189299999999936,-0.000055008,0.000235083
4.264,3.14163,-0.000177928,-0.000138146,0.000590827,0.000434999999999873,-0.00188699999999937,-0.0000548325,0.000234319
4.265,3.14163,-0.000177338,-0.000137712,0.000588947,0.000434000000000216,-0.00188000000000104,-0.0000546576,0.000233558
4.266,3.14163,-0.00017675,-0.000137279,0.000587073,0.00043299999999987,-0.00187399999999939,-0.0000544833,0.000232799
4.267,3.14163,-0.000176164,-0.000136848,0.000585205,0.000430999999999866,-0.00186799999999941,-0.0000543095,0.000232042
4.268,3.14163,-0.00017558,-0.000136419,0.000583343,0.000429000000000216,-0.00186200000000108,-0.0000541363,0.000231288
4.269,3.14163,-0.000174998,-0.00013599,0.000581487,0.000428999999999862,-0.00185599999999933,-0.0000539637,0.000230536
4.27,3.14163,-0.000174417,-0.000135564,0.000579638,0.000426000000000249,-0.00184900000000097,-0.0000537916,0.000229787
4.271,3.14163,-0.000173838,-0.000135138,0.000577795,0.000425999999999843,-0.00184299999999945,-0.0000536201,0.00022904
4.272,3.14163,-0.000173261,-0.000134714,0.000575957,0.000423999999999867,-0.00183799999999938,-0.0000534491,0.000228296
4.273,3.14163,-0.000172686,-0.000134291,0.000574126,0.000423000000000227,-0.001831000000001,-0.0000532786,0.000227554
4.274,3.14163,-0.000172113,-0.00013387,0.000572301,0.000420999999999875,-0.00182499999999939,-0.0000531087,0.000226815
4.275,3.14163,-0.000171542,-0.00013345,0.000570482,0.000419999999999859,-0.00181899999999941,-0.0000529394,0.000226078
4.276,3.14163,-0.000170972,-0.000133032,0.000568669,0.000418000000000227,-0.00181300000000093,-0.0000527706,0.000225343
4.277,3.14163,-0.000170404,-0.000132615,0.000566863,0.000416999999999867,-0.00180599999999943,-0.0000526024,0.000224611
4.278,3.14163,-0.000169838,-0.000132199,0.000565062,0.000416000000000221,-0.00180100000000106,-0.0000524346,0.000223881
4.279,3.14163,-0.000169274,-0.000131784,0.000563267,0.000414999999999863,-0.00179499999999937,-0.0000522675,0.000223153
4.28,3.14163,-0.000168712,-0.000131371,0.000561478,0.00041299999999986,-0.00178899999999938,-0.0000521009,0.000222428
4.281,3.14163,-0.000168151,-0.00013096,0.000559695,0.000411000000000221,-0.00178300000000098,-0.0000519348,0.000221705
4.282,3.14163,-0.000167593,-0.000130549,0.000557918,0.000410999999999856,-0.00177699999999941,-0.0000517692,0.000220984
4.283,3.14163,-0.000167036,-0.00013014,0.000556146,0.000408999999999879,-0.00177199999999944,-0.0000516042,0.000220266
4.284,3.14163,-0.00016648,-0.000129733,0.000554381,0.00040700000000021,-0.00176500000000101,-0.0000514397,0.00021955
4.285,3.14163,-0.000165927,-0.000129326,0.000552622,0.000406999999999876,-0.00175899999999935,-0.0000512757,0.000218837
4.286,3.14163,-0.000165375,-0.000128921,0.000550868,0.000405000000000232,-0.00175400000000094,-0.0000511123,0.000218126
4.287,3.14163,-0.000164825,-0.000128518,0.00054912,0.000402999999999868,-0.00174799999999951,-0.0000509494,0.000217417
4.288,3.14163,-0.000164277,-0.000128115,0.000547378,0.000402999999999868,-0.00174199999999942,-0.000050787,0.00021671
4.289,3.14163,-0.00016373,-0.000127714,0.000545642,0.000401000000000221,-0.00173600000000087,-0.0000506252,0.000216006
4.29,3.14163,-0.000163186,-0.000127315,0.000543912,0.000398999999999861,-0.00172999999999945,-0.0000504638,0.000215304
4.291,3.14163,-0.000162643,-0.000126916,0.000542187,0.000398999999999861,-0.00172499999999948,-0.000050303,0.000214604
4.292,3.14163,-0.000162101,-0.000126519,0.000540468,0.00039700000000021,-0.00171900000000091,-0.0000501427,0.000213907
4.293,3.14163,-0.000161562,-0.000126123,0.000538755,0.000395999999999869,-0.0017129999999994,-0.000049983,0.000213211
4.294,3.14163,-0.000161024,-0.000125729,0.000537047,0.000394000000000242,-0.00170800000000095,-0.0000498237,0.000212518
4.295,3.14163,-0.000160488,-0.000125336,0.000535345,0.00039299999999985,-0.00170199999999945,-0.000049665,0.000211828
4.296,3.14163,-0.000159953,-0.000124944,0.000533649,0.000391999999999888,-0.00169599999999947,-0.0000495067,0.000211139
4.297,3.14163,-0.00015942,-0.000124553,0.000531959,0.000391000000000193,-0.00169000000000087,-0.000049349,0.000210453
4.298,3.14163,-0.000158889,-0.000124164,0.000530274,0.000388999999999869,-0.00168499999999951,-0.0000491918,0.000209769
4.299,3.14163,-0.00015836,-0.000123776,0.000528595,0.000387999999999881,-0.00167899999999942,-0.0000490351,0.000209087
4.3,3.14163,-0.000157832,-0.000123389,0.000526921,0.000387000000000209,-0.00167400000000094,-0.0000488789,0.000208408
4.301,3.14163,-0.000157306,-0.000123004,0.000525253,0.000384999999999889,-0.00166799999999936,-0.0000487232,0.00020773
4.302,3.14163,-0.000156781,-0.000122619,0.00052359,0.000385000000000204,-0.00166300000000098,-0.000048568,0.000207055
4.303,3.14163,-0.000156259,-0.000122236,0.000521933,0.000382999999999858,-0.00165699999999941,-0.0000484133,0.000206382
4.304,3.14163,-0.000155738,-0.000121855,0.000520282,0.000380999999999881,-0.00165099999999953,-0.0000482591,0.000205711
4.305,3.14163,-0.000155218,-0.000121474,0.000518636,0.00038100000000022,-0.00164600000000081,-0.0000481055,0.000205043
4.306,3.14163,-0.0001547,-0.000121095,0.000516995,0.000378999999999864,-0.00164099999999949,-0.0000479523,0.000204376
4.307,3.14163,-0.000154184,-0.000120717,0.00051536,0.000377999999999876,-0.0016349999999995,-0.0000477996,0.000203712
4.308,3.14163,-0.00015367,-0.00012034,0.000513731,0.000377000000000209,-0.00162900000000086,-0.0000476474,0.00020305
4.309,3.14163,-0.000153157,-0.000119965,0.000512106,0.000374999999999884,-0.00162499999999946,-0.0000474957,0.00020239
4.31,3.14163,-0.000152645,-0.000119591,0.000510488,0.000374000000000201,-0.00161800000000089,-0.0000473444,0.000201732
4.311,3.14163,-0.000152136,-0.000119218,0.000508874,0.00037299999999988,-0.0016139999999995,-0.0000471937,0.000201076
4.312,3.14163,-0.000151628,-0.000118846,0.000507266,0.000371999999999878,-0.00160799999999941,-0.0000470435,0.000200423
4.313,3.14163,-0.000151121,-0.000118476,0.000505664,0.000370000000000203,-0.00160200000000096,-0.0000468937,0.000199771
4.314,3.14163,-0.000150616,-0.000118106,0.000504067,0.000369999999999875,-0.00159699999999946,-0.0000467444,0.000199122
4.315,3.14163,-0.000150113,-0.000117738,0.000502475,0.000367999999999871,-0.00159199999999949,-0.0000465956,0.000198474
4.316,3.14163,-0.000149611,-0.000117371,0.000500888,0.000367000000000208,-0.00158700000000082,-0.0000464473,0.000197829
4.317,3.14163,-0.000149111,-0.000117006,0.000499307,0.000364999999999879,-0.00158099999999943,-0.0000462995,0.000197186
4.318,3.14163,-0.000148613,-0.000116641,0.000497731,0.000365000000000203,-0.00157600000000097,-0.0000461522,0.000196545
4.319,3.14163,-0.000148116,-0.000116278,0.00049616,0.000362999999999875,-0.00157099999999938,-0.0000460053,0.000195906
4.32,3.14163,-0.000147621,-0.000115916,0.000494595,0.000361999999999873,-0.00156499999999951,-0.0000458589,0.00019527
4.321,3.14163,-0.000147127,-0.000115555,0.000493034,0.000361000000000206,-0.00156100000000083,-0.000045713,0.000194635
4.322,3.14163,-0.000146634,-0.000115195,0.000491479,0.000359999999999883,-0.00155499999999957,-0.0000455675,0.000194002
4.323,3.14163,-0.000146144,-0.000114837,0.000489929,0.000357999999999879,-0.00154999999999949,-0.0000454225,0.000193371
4.324,3.14163,-0.000145655,-0.00011448,0.000488385,0.000357000000000195,-0.00154400000000077,-0.000045278,0.000192743
4.325,3.14163,-0.000145167,-0.000114124,0.000486845,0.000355999999999889,-0.0015399999999995,-0.000045134,0.000192116
4.326,3.14163,-0.000144681,-0.000113769,0.000485311,0.000355000000000189,-0.00153400000000088,-0.0000449904,0.000191492
4.327,3.14163,-0.000144196,-0.000113415,0.000483782,0.000353999999999885,-0.00152899999999949,-0.0000448473,0.000190869
4.328,3.14163,-0.000143713,-0.000113062,0.000482258,0.000352999999999884,-0.00152399999999947,-0.0000447047,0.000190249
4.329,3.14163,-0.000143232,-0.000112711,0.000480739,0.000351000000000192,-0.00151900000000085,-0.0000445625,0.00018963
4.33,3.14163,-0.000142752,-0.000112361,0.000479225,0.000349999999999878,-0.00151399999999948,-0.0000444208,0.000189014
4.331,3.14163,-0.000142273,-0.000112012,0.000477716,0.00034899999999989,-0.00150899999999951,-0.0000442795,0.000188399
4.332,3.14163,-0.000141797,-0.000111664,0.000476212,0.000348000000000197,-0.00150400000000082,-0.0000441387,0.000187787
4.333,3.14163,-0.000141321,-0.000111317,0.000474713,0.000346999999999872,-0.00149899999999952,-0.0000439984,0.000187176
4.334,3.14163,-0.000140847,-0.000110971,0.00047322,0.000346000000000191,-0.00149300000000081,-0.0000438585,0.000186568
4.335,3.14163,-0.000140375,-0.000110627,0.000471731,0.000343999999999894,-0.00148899999999953,-0.000043719,0.000185961
4.336,3.14163,-0.000139904,-0.000110283,0.000470247,0.00034399999999988,-0.00148399999999945,-0.0000435801,0.000185357
4.337,3.14163,-0.000139434,-0.000109941,0.000468768,0.000342000000000194,-0.00147900000000085,-0.0000434415,0.000184754
4.338,3.14163,-0.000138966,-0.0001096,0.000467295,0.000340999999999888,-0.0014729999999995,-0.0000433034,0.000184154
4.339,3.14163,-0.0001385,-0.00010926,0.000465826,0.000339999999999887,-0.00146899999999949,-0.0000431658,0.000183555
4.34,3.14163,-0.000138034,-0.000108921,0.000464362,0.000339000000000186,-0.00146400000000082,-0.0000430286,0.000182958
4.341,3.14163,-0.000137571,-0.000108584,0.000462903,0.000336999999999881,-0.0014589999999995,-0.0000428919,0.000182363
4.342,3.14163,-0.000137109,-0.000108247,0.000461449,0.000337000000000194,-0.00145400000000082,-0.0000427556,0.00018177
4.343,3.14162,-0.000136648,-0.000107912,0.00046,0.000334999999999877,-0.00144899999999951,-0.0000426197,0.00018118
4.344,3.14162,-0.000136189,-0.000107577,0.000458555,0.000334999999999891,-0.00144499999999956,-0.0000424843,0.00018059
4.345,3.14162,-0.000135731,-0.000107244,0.000457116,0.000333000000000183,-0.0014390000000008,-0.0000423493,0.000180003
4.346,3.14162,-0.000135274,-0.000106912,0.000455681,0.000331999999999899,-0.00143499999999951,-0.0000422148,0.000179418
4.347,3.14162,-0.00013482,-0.000106581,0.000454251,0.000330999999999883,-0.00142999999999949,-0.0000420807,0.000178835
4.348,3.14162,-0.000134366,-0.000106251,0.000452826,0.000330000000000188,-0.00142500000000084,-0.0000419471,0.000178253
4.349,3.14162,-0.000133914,-0.000105922,0.000451406,0.00032899999999988,-0.0014199999999995,-0.0000418138,0.000177674
4.35,3.14162,-0.000133463,-0.000105595,0.00044999,0.000327000000000193,-0.0014160000000008,-0.000041681,0.000177096
4.351,3.14162,-0.000133014,-0.000105268,0.00044858,0.00032699999999989,-0.0014099999999995,-0.0000415487,0.00017652
4.352,3.14162,-0.000132566,-0.000104943,0.000447174,0.000324999999999886,-0.00140599999999955,-0.0000414167,0.000175946
4.353,3.14162,-0.00013212,-0.000104618,0.000445772,0.000325000000000188,-0.00140200000000079,-0.0000412852,0.000175374
4.354,3.14162,-0.000131674,-0.000104295,0.000444376,0.000322999999999882,-0.0013959999999995,-0.0000411542,0.000174804
4.355,3.14162,-0.000131231,-0.000103972,0.000442984,0.000322999999999896,-0.00139199999999955,-0.0000410235,0.000174236
4.356,3.14162,-0.000130789,-0.000103651,0.000441597,0.000321000000000177,-0.00138700000000076,-0.0000408933,0.000173669
4.357,3.14162,-0.000130348,-0.000103331,0.000440214,0.00031999999999989,-0.00138299999999952,-0.0000407635,0.000173104
4.358,3.14162,-0.000129908,-0.000103012,0.000438836,0.000319000000000185,-0.00137800000000078,-0.0000406341,0.000172542
4.359,3.14162,-0.00012947,-0.000102694,0.000437463,0.000317999999999886,-0.00137299999999953,-0.0000405052,0.000171981
4.36,3.14162,-0.000129033,-0.000102377,0.000436095,0.000316999999999898,-0.00136799999999956,-0.0000403767,0.000171421
4.361,3.14162,-0.000128598,-0.000102061,0.000434731,0.000316000000000177,-0.00136400000000077,-0.0000402485,0.000170864
4.362,3.14162,-0.000128164,-0.000101746,0.000433371,0.000314999999999894,-0.00135999999999955,-0.0000401208,0.000170308
4.363,3.14162,-0.000127731,-0.000101433,0.000432017,0.000312999999999891,-0.00135399999999956,-0.0000399936,0.000169754
4.364,3.14162,-0.0001273,-0.00010112,0.000430666,0.000313000000000182,-0.00135100000000072,-0.0000398667,0.000169202
4.365,3.14162,-0.00012687,-0.000100808,0.000429321,0.000311999999999889,-0.00134499999999959,-0.0000397403,0.000168652
4.366,3.14162,-0.000126441,-0.000100498,0.00042798,0.000310000000000174,-0.00134100000000072,-0.0000396142,0.000168104
4.367,3.14162,-0.000126014,-0.000100188,0.000426643,0.000309999999999899,-0.00133699999999957,-0.0000394886,0.000167557
4.368,3.14162,-0.000125588,-0.0000998796,0.000425311,0.000308399999999896,-0.00133199999999955,-0.0000393634,0.000167012
4.369,3.14162,-0.000125163,-0.0000995721,0.000423983,0.000307500000000174,-0.00132800000000072,-0.0000392386,0.000166469
4.37,3.14162,-0.00012474,-0.0000992656,0.00042266,0.000306499999999899,-0.00132299999999957,-0.0000391142,0.000165928
4.371,3.14162,-0.000124318,-0.0000989601,0.000421342,0.000305499999999897,-0.00131799999999955,-0.0000389902,0.000165388
4.372,3.14162,-0.000123897,-0.0000986557,0.000420028,0.000304400000000159,-0.00131400000000071,-0.0000388666,0.00016485
4.373,3.14162,-0.000123478,-0.0000983523,0.000418718,0.0003033999999999,-0.00130999999999959,-0.0000387434,0.000164314
4.374,3.14162,-0.00012306,-0.0000980499,0.000417413,0.000302400000000167,-0.00130500000000073,-0.0000386206,0.00016378
4.375,3.14162,-0.000122643,-0.0000977485,0.000416112,0.00030139999999991,-0.00130099999999956,-0.0000384982,0.000163247
4.376,3.14162,-0.000122228,-0.0000974481,0.000414815,0.000300399999999894,-0.00129699999999955,-0.0000383762,0.000162716
4.377,3.14162,-0.000121813,-0.0000971488,0.000413523,0.000299300000000165,-0.00129200000000073,-0.0000382547,0.000162187
4.378,3.14162,-0.0001214,-0.0000968504,0.000412235,0.000298399999999904,-0.00128799999999958,-0.0000381335,0.00016166
4.379,3.14162,-0.000120989,-0.0000965531,0.000410952,0.000297300000000159,-0.00128300000000069,-0.0000380127,0.000161134
4.38,3.14162,-0.000120579,-0.0000962567,0.000409673,0.0002963999999999,-0.0012789999999996,-0.0000378923,0.00016061
4.381,3.14162,-0.00012017,-0.0000959614,0.000408398,0.000295299999999905,-0.00127499999999959,-0.0000377723,0.000160088
4.382,3.14162,-0.000119762,-0.000095667,0.000407128,0.000294400000000158,-0.0012700000000007,-0.0000376527,0.000159567
4.383,3.14162,-0.000119355,-0.0000953737,0.000405862,0.000293299999999901,-0.00126599999999956,-0.0000375335,0.000159048
4.384,3.14162,-0.00011895,-0.0000950813,0.0004046,0.000292399999999907,-0.00126199999999955,-0.0000374146,0.000158531
4.385,3.14162,-0.000118546,-0.0000947899,0.000403343,0.000291400000000163,-0.0012570000000007,-0.0000372962,0.000158015
4.386,3.14162,-0.000118143,-0.0000944995,0.00040209,0.000290399999999903,-0.00125299999999958,-0.0000371781,0.000157501
4.387,3.14162,-0.000117742,-0.0000942101,0.000400841,0.000289400000000158,-0.00124900000000073,-0.0000370605,0.000156989
4.388,3.14162,-0.000117342,-0.0000939216,0.000399596,0.000288499999999906,-0.00124499999999956,-0.0000369432,0.000156478
4.389,3.14162,-0.000116943,-0.0000936341,0.000398355,0.000287499999999904,-0.00124099999999961,-0.0000368263,0.000155969
4.39,3.14162,-0.000116545,-0.0000933476,0.000397119,0.000286500000000157,-0.00123600000000068,-0.0000367098,0.000155462
4.391,3.14162,-0.000116149,-0.0000930621,0.000395887,0.0002854999999999,-0.00123199999999958,-0.0000365937,0.000154956
4.392,3.14162,-0.000115753,-0.0000927775,0.000394659,0.000284599999999906,-0.00122799999999957,-0.0000364779,0.000154452
4.393,3.14162,-0.000115359,-0.0000924939,0.000393435,0.000283600000000156,-0.00122400000000071,-0.0000363626,0.00015395
4.394,3.14162,-0.000114966,-0.0000922112,0.000392216,0.000282699999999909,-0.0012189999999996,-0.0000362476,0.000153449
4.395,3.14162,-0.000114575,-0.0000919295,0.000391001,0.000281700000000157,-0.00121500000000067,-0.000036133,0.00015295
4.396,3.14162,-0.000114184,-0.0000916488,0.000389789,0.000280699999999905,-0.0012119999999996,-0.0000360187,0.000152452
4.397,3.14162,-0.000113795,-0.000091369,0.000388582,0.00027979999999991,-0.00120699999999957,-0.0000359049,0.000151956
4.398,3.14162,-0.000113407,-0.0000910901,0.000387379,0.000278900000000149,-0.00120300000000069,-0.0000357914,0.000151462
4.399,3.14162,-0.00011302,-0.0000908122,0.00038618,0.000277899999999913,-0.00119899999999956,-0.0000356782,0.000150969
4.4,3.14162,-0.000112635,-0.0000905352,0.000384985,0.000276999999999905,-0.00119499999999961,-0.0000355655,0.000150478
4.401,3.14162,-0.000112251,-0.0000902592,0.000383794,0.000276000000000148,-0.00119100000000066,-0.0000354531,0.000149989
4.402,3.14162,-0.000111867,-0.0000899841,0.000382608,0.000275099999999908,-0.00118599999999963,-0.0000353411,0.000149501
4.403,3.14162,-0.000111485,-0.0000897099,0.000381425,0.000274200000000157,-0.00118300000000063,-0.0000352295,0.000149014
4.404,3.14162,-0.000111104,-0.0000894367,0.000380246,0.000273199999999911,-0.00117899999999963,-0.0000351182,0.00014853
4.405,3.14162,-0.000110725,-0.0000891644,0.000379072,0.000272299999999903,-0.00117399999999961,-0.0000350073,0.000148046
4.406,3.14162,-0.000110346,-0.000088893,0.000377901,0.000271400000000149,-0.00117100000000066,-0.0000348968,0.000147565
4.407,3.14162,-0.000109969,-0.0000886226,0.000376734,0.00027039999999992,-0.00116699999999961,-0.0000347866,0.000147085
4.408,3.14162,-0.000109593,-0.0000883531,0.000375572,0.000269499999999898,-0.00116199999999958,-0.0000346768,0.000146606
4.409,3.14162,-0.000109218,-0.0000880845,0.000374413,0.000268600000000155,-0.00115900000000068,-0.0000345673,0.000146129
4.41,3.14162,-0.000108844,-0.0000878167,0.000373258,0.000267799999999915,-0.00115499999999959,-0.0000344583,0.000145654
4.411,3.14162,-0.000108471,-0.00008755,0.000372108,0.000266700000000143,-0.00115000000000064,-0.0000343495,0.00014518
4.412,3.14162,-0.0001081,-0.0000872841,0.000370961,0.000265899999999918,-0.00114699999999962,-0.0000342412,0.000144708
4.413,3.14162,-0.000107729,-0.0000870191,0.000369818,0.00026499999999991,-0.00114299999999962,-0.0000341331,0.000144237
4.414,3.14162,-0.00010736,-0.000086755,0.000368679,0.000264100000000136,-0.00113900000000062,-0.0000340255,0.000143767
4.415,3.14162,-0.000106992,-0.0000864919,0.000367544,0.000263099999999913,-0.00113499999999966,-0.0000339182,0.0001433
4.416,3.14162,-0.000106625,-0.0000862296,0.000366413,0.000262299999999912,-0.0011309999999996,-0.0000338112,0.000142833
4.417,3.14162,-0.000106259,-0.0000859682,0.000365285,0.000261400000000149,-0.0011280000000006,-0.0000337046,0.000142369
4.418,3.14162,-0.000105895,-0.0000857077,0.000364162,0.000260499999999908,-0.00112299999999963,-0.0000335984,0.000141905
4.419,3.14162,-0.000105531,-0.0000854481,0.000363042,0.000259600000000144,-0.00112000000000064,-0.0000334925,0.000141444
4.42,3.14162,-0.000105169,-0.0000851894,0.000361926,0.000258699999999918,-0.00111599999999963,-0.0000333869,0.000140983
4.421,3.14162,-0.000104807,-0.0000849316,0.000360814,0.00025779999999991,-0.00111199999999963,-0.0000332818,0.000140525
4.422,3.14162,-0.000104447,-0.0000846747,0.000359706,0.000256900000000143,-0.0011080000000006,-0.0000331769,0.000140067
4.423,3.14162,-0.000104088,-0.0000844186,0.000358602,0.000256099999999914,-0.00110399999999961,-0.0000330724,0.000139611
4.424,3.14162,-0.00010373,-0.0000841634,0.000357501,0.000255199999999919,-0.00110099999999967,-0.0000329682,0.000139157
4.425,3.14162,-0.000103373,-0.0000839091,0.000356405,0.000254300000000136,-0.00109600000000057,-0.0000328644,0.000138704
4.426,3.14162,-0.000103017,-0.0000836557,0.000355311,0.000253399999999915,-0.00109399999999968,-0.000032761,0.000138253
4.427,3.14162,-0.000102662,-0.0000834031,0.000354222,0.000252600000000152,-0.00108900000000057,-0.0000326578,0.000137803
4.428,3.14162,-0.000102308,-0.0000831514,0.000353137,0.000251699999999905,-0.00108499999999965,-0.000032555,0.000137355
4.429,3.14162,-0.000101956,-0.0000829006,0.000352055,0.000250799999999924,-0.00108199999999965,-0.0000324526,0.000136908
4.43,3.14162,-0.000101604,-0.0000826506,0.000350977,0.000250000000000131,-0.0010780000000006,-0.0000323505,0.000136462
4.431,3.14162,-0.000101254,-0.0000824015,0.000349903,0.000249099999999928,-0.00107399999999964,-0.0000322487,0.000136018
4.432,3.14162,-0.000100905,-0.0000821532,0.000348832,0.000248299999999913,-0.00107099999999965,-0.0000321473,0.000135575
4.433,3.14162,-0.000100556,-0.0000819058,0.000347765,0.000247400000000137,-0.00106700000000059,-0.0000320462,0.000135134
4.434,3.14162,-0.000100209,-0.0000816593,0.000346702,0.000246499999999909,-0.00106299999999963,-0.0000319454,0.000134694
4.435,3.14162,-0.0000998629,-0.0000814136,0.000345642,0.00024570000000014,-0.00106000000000058,-0.000031845,0.000134256
4.436,3.14162,-0.0000995178,-0.0000811687,0.000344586,0.00024489999999992,-0.00105599999999963,-0.0000317449,0.000133819
4.437,3.14162,-0.0000991737,-0.0000809247,0.000343534,0.000243999999999925,-0.00105199999999968,-0.0000316452,0.000133383
4.438,3.14162,-0.0000988307,-0.0000806815,0.000342485,0.000243200000000126,-0.00104900000000056,-0.0000315457,0.000132949
4.439,3.14162,-0.0000984887,-0.0000804392,0.00034144,0.000242299999999929,-0.00104499999999968,-0.0000314466,0.000132516
4.44,3.14162,-0.0000981478,-0.0000801977,0.000340399,0.000241499999999914,-0.00104099999999962,-0.0000313479,0.000132085
4.441,3.14162,-0.000097808,-0.000079957,0.000339361,0.000240700000000139,-0.0010380000000006,-0.0000312494,0.000131655
4.442,3.14162,-0.0000974691,-0.0000797172,0.000338326,0.000239799999999917,-0.00103499999999963,-0.0000311513,0.000131226
4.443,3.14162,-0.0000971313,-0.0000794782,0.000337296,0.000239000000000128,-0.00103000000000058,-0.0000310535,0.000130799
4.444,3.14162,-0.0000967945,-0.00007924,0.000336269,0.000238199999999928,-0.00102699999999967,-0.0000309561,0.000130373
4.445,3.14162,-0.0000964588,-0.0000790027,0.000335245,0.000237299999999919,-0.00102399999999963,-0.0000308589,0.000129949
4.446,3.14162,-0.0000961241,-0.0000787662,0.000334225,0.000236500000000128,-0.00102000000000058,-0.0000307621,0.000129526
4.447,3.14162,-0.0000957903,-0.0000785305,0.000333208,0.000235699999999916,-0.00101699999999968,-0.0000306656,0.000129104
4.448,3.14162,-0.0000954576,-0.0000782956,0.000332196,0.000234899999999928,-0.00101199999999966,-0.0000305694,0.000128684
4.449,3.14162,-0.000095126,-0.0000780615,0.000331186,0.000234100000000121,-0.00101000000000052,-0.0000304736,0.000128265
4.45,3.14162,-0.0000947953,-0.0000778282,0.00033018,0.000233299999999925,-0.00100599999999967,-0.0000303781,0.000127847
4.451,3.14162,-0.0000944656,-0.0000775958,0.000329178,0.000232400000000123,-0.00100200000000056,-0.0000302828,0.000127431
4.452,3.14161,-0.0000941369,-0.0000773642,0.000328179,0.000231599999999929,-0.000998999999999675,-0.0000301879,0.000127016
4.453,3.14161,-0.0000938093,-0.0000771333,0.000327183,0.000230899999999921,-0.000995999999999683,-0.0000300934,0.000126603
4.454,3.14161,-0.0000934826,-0.0000769033,0.000326191,0.00023000000000013,-0.000992000000000556,-0.0000299991,0.000126191
4.455,3.14161,-0.0000931569,-0.0000766741,0.000325202,0.000229199999999925,-0.000988999999999629,-0.0000299052,0.00012578
4.456,3.14161,-0.0000928322,-0.0000764456,0.000324217,0.000228499999999916,-0.000984999999999676,-0.0000298115,0.00012537
4.457,3.14161,-0.0000925085,-0.000076218,0.000323235,0.000227600000000137,-0.000982000000000556,-0.0000297182,0.000124962
4.458,3.14161,-0.0000921857,-0.0000759912,0.000322257,0.00022679999999992,-0.000977999999999677,-0.0000296252,0.000124555
4.459,3.14161,-0.0000918639,-0.0000757651,0.000321282,0.000226100000000126,-0.000975000000000551,-0.0000295325,0.000124149
4.46,3.14161,-0.0000915432,-0.0000755399,0.000320311,0.000225199999999917,-0.000970999999999677,-0.0000294401,0.000123745
4.461,3.14161,-0.0000912233,-0.0000753154,0.000319342,0.000224499999999936,-0.000968999999999646,-0.000029348,0.000123342
4.462,3.14161,-0.0000909045,-0.0000750917,0.000318378,0.00022370000000012,-0.000964000000000534,-0.0000292562,0.000122941
4.463,3.14161,-0.0000905866,-0.0000748688,0.000317416,0.00022289999999992,-0.000961999999999701,-0.0000291648,0.00012254
4.464,3.14161,-0.0000902696,-0.0000746467,0.000316458,0.000222099999999932,-0.000957999999999694,-0.0000290736,0.000122141
4.465,3.14161,-0.0000899537,-0.0000744253,0.000315503,0.00022140000000012,-0.000955000000000496,-0.0000289828,0.000121743
4.466,3.14161,-0.0000896386,-0.0000742048,0.000314552,0.000220499999999929,-0.000950999999999694,-0.0000288922,0.000121347
4.467,3.14161,-0.0000893246,-0.000073985,0.000313604,0.000219800000000116,-0.000948000000000544,-0.000028802,0.000120952
4.468,3.14161,-0.0000890114,-0.000073766,0.000312659,0.000218999999999933,-0.000944999999999656,-0.000028712,0.000120558
4.469,3.14161,-0.0000886993,-0.0000735477,0.000311718,0.000218299999999925,-0.000940999999999703,-0.0000286224,0.000120165
4.47,3.14161,-0.000088388,-0.0000733302,0.00031078,0.000217500000000116,-0.000938000000000544,-0.0000285331,0.000119774
4.471,3.14161,-0.0000880777,-0.0000731135,0.000309845,0.000216699999999935,-0.000934999999999664,-0.000028444,0.000119384
4.472,3.14161,-0.0000877683,-0.0000728975,0.000308913,0.000215999999999927,-0.000931999999999672,-0.0000283553,0.000118995
4.473,3.14161,-0.0000874599,-0.0000726823,0.000307985,0.000215200000000117,-0.000928000000000543,-0.0000282668,0.000118607
4.474,3.14161,-0.0000871524,-0.0000724679,0.00030706,0.000214399999999924,-0.000924999999999673,-0.0000281787,0.000118221
4.475,3.14161,-0.0000868458,-0.0000722542,0.000306138,0.000213700000000119,-0.0009220000000005,-0.0000280908,0.000117836
4.476,3.14161,-0.0000865401,-0.0000720413,0.000305219,0.000212899999999928,-0.000918999999999689,-0.0000280033,0.000117452
4.477,3.14161,-0.0000862353,-0.0000718291,0.000304304,0.000212199999999934,-0.000914999999999736,-0.000027916,0.000117069
4.478,3.14161,-0.0000859315,-0.0000716177,0.000303392,0.00021140000000012,-0.000912000000000499,-0.0000278291,0.000116688
4.479,3.14161,-0.0000856286,-0.000071407,0.000302483,0.000210699999999924,-0.000908999999999697,-0.0000277424,0.000116308
4.48,3.14161,-0.0000853265,-0.0000711971,0.000301577,0.000209899999999936,-0.000905999999999705,-0.000027656,0.000115929
4.481,3.14161,-0.0000850254,-0.0000709879,0.000300675,0.000209200000000114,-0.000902000000000499,-0.0000275699,0.000115551
4.482,3.14161,-0.0000847252,-0.0000707795,0.000299775,0.000208399999999927,-0.000899999999999667,-0.0000274841,0.000115175
4.483,3.14161,-0.0000844259,-0.0000705718,0.000298879,0.000207700000000117,-0.00089600000000051,-0.0000273986,0.000114799
4.484,3.14161,-0.0000841274,-0.0000703648,0.000297986,0.000206999999999938,-0.000892999999999722,-0.0000273134,0.000114425
4.485,3.14161,-0.0000838299,-0.0000701586,0.000297096,0.000206199999999922,-0.000889999999999676,-0.0000272285,0.000114053
4.486,3.14161,-0.0000835333,-0.0000699531,0.000296209,0.00020550000000011,-0.000887000000000471,-0.0000271439,0.000113681
4.487,3.14161,-0.0000832375,-0.0000697483,0.000295326,0.000204799999999933,-0.00088299999999973,-0.0000270595,0.000113311
4.488,3.14161,-0.0000829426,-0.0000695443,0.000294445,0.000203999999999932,-0.0008809999999997,-0.0000269754,0.000112941
4.489,3.14161,-0.0000826486,-0.000069341,0.000293568,0.000203300000000118,-0.000877000000000471,-0.0000268916,0.000112573
4.49,3.14161,-0.0000823555,-0.0000691384,0.000292693,0.000202599999999929,-0.000874999999999715,-0.0000268081,0.000112206
4.491,3.14161,-0.0000820632,-0.0000689365,0.000291822,0.000201900000000114,-0.000871000000000482,-0.0000267249,0.000111841
4.492,3.14161,-0.0000817718,-0.0000687354,0.000290954,0.000201099999999933,-0.000867999999999716,-0.000026642,0.000111476
4.493,3.14161,-0.0000814813,-0.000068535,0.000290089,0.000200399999999939,-0.000864999999999724,-0.0000265593,0.000111113
4.494,3.14161,-0.0000811917,-0.0000683352,0.000289227,0.000199800000000102,-0.000862000000000498,-0.000026477,0.000110751
4.495,3.14161,-0.0000809029,-0.0000681363,0.000288368,0.000198899999999943,-0.000858999999999686,-0.0000263949,0.00011039
4.496,3.14161,-0.0000806149,-0.000067938,0.000287512,0.000198299999999928,-0.000855999999999694,-0.0000263131,0.00011003
4.497,3.14161,-0.0000803279,-0.0000677404,0.000286659,0.000197600000000109,-0.000853000000000514,-0.0000262315,0.000109672
4.498,3.14161,-0.0000800416,-0.0000675436,0.00028581,0.000196799999999932,-0.000848999999999694,-0.0000261503,0.000109314
4.499,3.14161,-0.0000797562,-0.0000673474,0.000284963,0.000196200000000105,-0.00084700000000047,-0.0000260693,0.000108958
4.5,3.14161,-0.0000794717,-0.000067152,0.000284119,0.000195399999999943,-0.000843999999999726,-0.0000259886,0.000108603
4.501,3.14161,-0.000079188,-0.0000669572,0.000283278,0.000194799999999928,-0.000840999999999734,-0.0000259081,0.000108249
4.502,3.14161,-0.0000789052,-0.0000667632,0.00028244,0.000194000000000113,-0.000838000000000432,-0.000025828,0.000107896
4.503,3.14161,-0.0000786231,-0.0000665698,0.000281606,0.000193399999999939,-0.000833999999999734,-0.0000257481,0.000107544
4.504,3.14161,-0.000078342,-0.0000663772,0.000280774,0.000192600000000095,-0.000832000000000442,-0.0000256685,0.000107193
4.505,3.14161,-0.0000780616,-0.0000661853,0.000279945,0.000191899999999943,-0.000828999999999766,-0.0000255891,0.000106844
4.506,3.14161,-0.0000777821,-0.000065994,0.000279119,0.000191299999999929,-0.000825999999999719,-0.0000255101,0.000106496
4.507,3.14161,-0.0000775034,-0.0000658034,0.000278296,0.000190600000000117,-0.000823000000000458,-0.0000254313,0.000106148
4.508,3.14161,-0.0000772255,-0.0000656136,0.000277476,0.000189799999999933,-0.000819999999999681,-0.0000253527,0.000105802
4.509,3.14161,-0.0000769484,-0.0000654244,0.000276659,0.000189199999999932,-0.000816999999999743,-0.0000252745,0.000105457
4.51,3.14161,-0.0000766722,-0.0000652359,0.000275845,0.000188500000000104,-0.000814000000000474,-0.0000251965,0.000105113
4.511,3.14161,-0.0000763967,-0.0000650481,0.000275033,0.000187799999999942,-0.00081199999999972,-0.0000251188,0.000104771
4.512,3.14161,-0.0000761221,-0.0000648609,0.000274225,0.000187200000000108,-0.000808000000000431,-0.0000250413,0.000104429
4.513,3.14161,-0.0000758483,-0.0000646745,0.000273419,0.000186399999999926,-0.000805999999999736,-0.0000249641,0.000104089
4.514,3.14161,-0.0000755753,-0.0000644887,0.000272617,0.000185799999999939,-0.000801999999999729,-0.0000248872,0.000103749
4.515,3.14161,-0.0000753031,-0.0000643036,0.000271817,0.000185100000000109,-0.000800000000000463,-0.0000248105,0.000103411
4.516,3.14161,-0.0000750316,-0.0000641192,0.00027102,0.000184399999999936,-0.000796999999999706,-0.0000247341,0.000103074
4.517,3.14161,-0.000074761,-0.0000639354,0.000270226,0.000183799999999935,-0.000793999999999768,-0.000024658,0.000102737
4.518,3.14161,-0.0000744912,-0.0000637524,0.000269435,0.00018300000000011,-0.000791000000000425,-0.0000245821,0.000102402
4.519,3.14161,-0.0000742222,-0.00006357,0.000268647,0.000182399999999932,-0.00078799999999973,-0.0000245065,0.000102068
4.52,3.14161,-0.0000739539,-0.0000633882,0.000267861,0.000181800000000106,-0.000786000000000451,-0.0000244311,0.000101735
4.521,3.14161,-0.0000736864,-0.0000632071,0.000267079,0.000181099999999937,-0.000781999999999746,-0.000024356,0.000101404
4.522,3.14161,-0.0000734198,-0.0000630267,0.000266299,0.000180399999999942,-0.000779999999999715,-0.0000242812,0.000101073
4.523,3.14161,-0.0000731539,-0.000062847,0.000265522,0.000179700000000094,-0.000777000000000413,-0.0000242066,0.000100743
4.524,3.14161,-0.0000728887,-0.0000626679,0.000264748,0.000179099999999947,-0.000773999999999785,-0.0000241323,0.000100414
4.525,3.14161,-0.0000726244,-0.0000624895,0.000263977,0.000178399999999939,-0.000770999999999739,-0.0000240582,0.000100087
4.526,3.14161,-0.0000723608,-0.0000623117,0.000263208,0.000177800000000095,-0.000769000000000391,-0.0000239844,0.0000997604
4.527,3.14161,-0.000072098,-0.0000621346,0.000262442,0.000177099999999943,-0.00076599999999977,-0.0000239109,0.0000994349
4.528,3.14161,-0.0000718359,-0.0000619581,0.000261679,0.000176500000000099,-0.000763000000000402,-0.0000238376,0.0000991105
4.529,3.14161,-0.0000715746,-0.0000617823,0.000260919,0.000175799999999934,-0.000759999999999786,-0.0000237645,0.0000987871
4.53,3.14161,-0.0000713141,-0.0000616071,0.000260161,0.000175199999999946,-0.000757999999999701,-0.0000236917,0.0000984648
4.531,3.14161,-0.0000710543,-0.0000614326,0.000259407,0.000174500000000093,-0.000754000000000418,-0.0000236192,0.0000981435
4.532,3.14161,-0.0000707953,-0.0000612587,0.000258654,0.000173899999999951,-0.000752999999999787,-0.0000235469,0.0000978232
4.533,3.14161,-0.000070537,-0.0000610855,0.000257905,0.000173199999999942,-0.000748999999999725,-0.0000234749,0.000097504
4.534,3.14161,-0.0000702795,-0.0000609129,0.000257159,0.000172600000000095,-0.000746000000000396,-0.0000234031,0.0000971858
4.535,3.14161,-0.0000700227,-0.000060741,0.000256415,0.00017189999999994,-0.000743999999999757,-0.0000233316,0.0000968687
4.536,3.14161,-0.0000697666,-0.0000605697,0.000255674,0.000171300000000098,-0.000741000000000423,-0.0000232603,0.0000965525
4.537,3.14161,-0.0000695113,-0.000060399,0.000254935,0.000170699999999938,-0.000738999999999734,-0.0000231892,0.0000962374
4.538,3.14161,-0.0000692568,-0.000060229,0.000254199,0.000169999999999943,-0.000735999999999796,-0.0000231184,0.0000959233
4.539,3.14161,-0.0000690029,-0.0000600596,0.000253466,0.000169400000000099,-0.000733000000000401,-0.0000230479,0.0000956102
4.54,3.14161,-0.0000687498,-0.0000598908,0.000252736,0.000168799999999941,-0.000729999999999758,-0.0000229776,0.0000952981
4.541,3.14161,-0.0000684975,-0.0000597227,0.000252008,0.00016809999999994,-0.000727999999999727,-0.0000229075,0.000094987
4.542,3.14161,-0.0000682458,-0.0000595552,0.000251283,0.000167500000000094,-0.000725000000000433,-0.0000228377,0.000094677
4.543,3.14161,-0.0000679949,-0.0000593883,0.000250561,0.000166899999999944,-0.000721999999999743,-0.0000227682,0.0000943679
4.544,3.14161,-0.0000677447,-0.0000592221,0.000249841,0.000166200000000097,-0.000720000000000406,-0.0000226989,0.0000940598
4.545,3.14161,-0.0000674952,-0.0000590564,0.000249124,0.000165699999999942,-0.000716999999999774,-0.0000226298,0.0000937527
4.546,3.14161,-0.0000672465,-0.0000588914,0.000248409,0.000164999999999941,-0.000714999999999743,-0.0000225609,0.0000934466
4.547,3.14161,-0.0000669984,-0.000058727,0.000247697,0.000164400000000092,-0.000712000000000384,-0.0000224923,0.0000931415
4.548,3.14161,-0.0000667511,-0.0000585633,0.000246988,0.000163699999999945,-0.000708999999999759,-0.000022424,0.0000928374
4.549,3.14161,-0.0000665044,-0.0000584001,0.000246281,0.000163199999999951,-0.000706999999999783,-0.0000223559,0.0000925342
4.55,3.14161,-0.0000662585,-0.0000582376,0.000245577,0.000162500000000087,-0.000704000000000362,-0.000022288,0.000092232
4.551,3.14161,-0.0000660133,-0.0000580757,0.000244876,0.000161899999999949,-0.000700999999999799,-0.0000222204,0.0000919308
4.552,3.14161,-0.0000657688,-0.0000579144,0.000244177,0.000161300000000084,-0.000699000000000389,-0.000022153,0.0000916306
4.553,3.14161,-0.0000655249,-0.0000577537,0.00024348,0.000160699999999946,-0.000696999999999764,-0.0000220858,0.0000913313
4.554,3.14161,-0.0000652818,-0.0000575936,0.000242787,0.000160099999999952,-0.000692999999999757,-0.0000220189,0.000091033
4.555,3.14161,-0.0000650394,-0.0000574342,0.000242095,0.000159400000000085,-0.000692000000000383,-0.0000219522,0.0000907357
4.556,3.14161,-0.0000647976,-0.0000572753,0.000241407,0.00015889999999995,-0.000687999999999788,-0.0000218858,0.0000904393
4.557,3.14161,-0.0000645566,-0.000057117,0.000240721,0.000158299999999942,-0.000685999999999757,-0.0000218195,0.0000901439
4.558,3.14161,-0.0000643162,-0.0000569594,0.000240037,0.000157600000000087,-0.000684000000000388,-0.0000217536,0.0000898494
4.559,3.14161,-0.0000640765,-0.0000568023,0.000239356,0.000157099999999946,-0.000680999999999761,-0.0000216878,0.0000895559
4.56,3.14161,-0.0000638375,-0.0000566459,0.000238678,0.000156400000000091,-0.000678000000000372,-0.0000216223,0.0000892633
4.561,3.14161,-0.0000635991,-0.00005649,0.000238002,0.000155899999999944,-0.000675999999999793,-0.000021557,0.0000889716
4.562,3.14161,-0.0000633615,-0.0000563348,0.000237328,0.00015519999999995,-0.000673999999999762,-0.000021492,0.0000886809
4.563,3.14161,-0.0000631245,-0.0000561801,0.000236657,0.000154700000000086,-0.000671000000000366,-0.0000214272,0.0000883912
4.564,3.14161,-0.0000628882,-0.000056026,0.000235989,0.000154099999999948,-0.000667999999999778,-0.0000213626,0.0000881023
4.565,3.14161,-0.0000626525,-0.0000558725,0.000235323,0.000153499999999953,-0.000665999999999774,-0.0000212982,0.0000878144
4.566,3.14161,-0.0000624175,-0.0000557197,0.000234659,0.000152800000000081,-0.000664000000000387,-0.0000212341,0.0000875274
4.567,3.14161,-0.0000621832,-0.0000555674,0.000233998,0.000152299999999951,-0.000660999999999779,-0.0000211702,0.0000872414
4.568,3.14161,-0.0000619495,-0.0000554157,0.00023334,0.000151700000000085,-0.000658000000000344,-0.0000211065,0.0000869562
4.569,3.14161,-0.0000617165,-0.0000552645,0.000232683,0.000151199999999949,-0.000656999999999798,-0.0000210431,0.000086672
4.57,3.14161,-0.0000614842,-0.000055114,0.00023203,0.000150499999999948,-0.000652999999999764,-0.0000209799,0.0000863887
4.571,3.14161,-0.0000612525,-0.0000549641,0.000231379,0.000149900000000087,-0.000651000000000365,-0.0000209169,0.0000861063
4.572,3.14161,-0.0000610214,-0.0000548147,0.00023073,0.000149399999999946,-0.000648999999999783,-0.0000208541,0.0000858248
4.573,3.14161,-0.000060791,-0.0000546659,0.000230084,0.000148799999999951,-0.000645999999999791,-0.0000207916,0.0000855442
4.574,3.14161,-0.0000605613,-0.0000545177,0.00022944,0.000148200000000082,-0.00064400000000036,-0.0000207292,0.0000852646
4.575,3.14161,-0.0000603322,-0.0000543701,0.000228798,0.000147599999999949,-0.000641999999999784,-0.0000206671,0.0000849858
4.576,3.14161,-0.0000601037,-0.000054223,0.000228159,0.000147100000000086,-0.000639000000000359,-0.0000206053,0.0000847079
4.577,3.14161,-0.0000598758,-0.0000540765,0.000227522,0.000146499999999947,-0.000636999999999788,-0.0000205436,0.0000844309
4.578,3.14161,-0.0000596486,-0.0000539306,0.000226888,0.000145899999999953,-0.000633999999999796,-0.0000204822,0.0000841548
4.579,3.14161,-0.0000594221,-0.0000537853,0.000226256,0.000145300000000081,-0.000632000000000327,-0.000020421,0.0000838796
4.58,3.14161,-0.0000591961,-0.0000536405,0.000225627,0.000144799999999951,-0.0006289999999998,-0.00002036,0.0000836052
4.581,3.14161,-0.0000589708,-0.0000534963,0.000225,0.000144199999999956,-0.000626999999999797,-0.0000202993,0.0000833318
4.582,3.14161,-0.0000587461,-0.0000533527,0.000224375,0.000143600000000076,-0.000625000000000348,-0.0000202387,0.0000830592
4.583,3.14161,-0.0000585221,-0.0000532097,0.000223753,0.000142999999999954,-0.000621999999999774,-0.0000201784,0.0000827875
4.584,3.14161,-0.0000582986,-0.0000530672,0.000223133,0.00014250000000008,-0.000620000000000348,-0.0000201183,0.0000825167
4.585,3.14161,-0.0000580758,-0.0000529252,0.000222515,0.000141999999999952,-0.000617999999999793,-0.0000200584,0.0000822467
4.586,3.14161,-0.0000578536,-0.0000527839,0.0002219,0.000141299999999951,-0.000614999999999801,-0.0000199987,0.0000819777
4.587,3.14161,-0.000057632,-0.0000526431,0.000221287,0.000140800000000082,-0.000613000000000342,-0.0000199393,0.0000817094
4.588,3.14161,-0.000057411,-0.0000525028,0.000220676,0.000140299999999949,-0.000610999999999794,-0.0000198801,0.0000814421
4.589,3.14161,-0.0000571907,-0.0000523631,0.000220068,0.000139699999999955,-0.000607999999999802,-0.000019821,0.0000811756
4.59,3.14161,-0.0000569709,-0.000052224,0.000219462,0.000139100000000077,-0.000606000000000337,-0.0000197622,0.0000809099
4.591,3.14161,-0.0000567518,-0.0000520854,0.000218858,0.000138599999999953,-0.000603999999999795,-0.0000197037,0.0000806451
4.592,3.14161,-0.0000565332,-0.0000519474,0.000218257,0.000138000000000081,-0.000601000000000336,-0.0000196453,0.0000803812
4.593,3.14161,-0.0000563152,-0.0000518099,0.000217658,0.000137499999999951,-0.000598999999999799,-0.0000195871,0.0000801181
4.594,3.14161,-0.0000560979,-0.000051673,0.000217061,0.000136899999999956,-0.000596999999999795,-0.0000195292,0.0000798558
4.595,3.14161,-0.0000558811,-0.0000515367,0.000216466,0.000136300000000076,-0.00059500000000032,-0.0000194714,0.0000795944
4.596,3.14161,-0.000055665,-0.0000514008,0.000215874,0.000135899999999954,-0.000591999999999826,-0.0000194139,0.0000793338
4.597,3.14161,-0.0000554494,-0.0000512656,0.000215284,0.000135199999999953,-0.000589999999999796,-0.0000193566,0.0000790741
4.598,3.14161,-0.0000552344,-0.0000511309,0.000214696,0.000134700000000072,-0.000588000000000314,-0.0000192995,0.0000788152
4.599,3.14161,-0.00005502,-0.0000509967,0.000214111,0.000134199999999958,-0.0005849999999998,-0.0000192426,0.0000785571
4.6,3.14161,-0.0000548062,-0.000050863,0.000213528,0.000133700000000076,-0.000583000000000341,-0.0000191859,0.0000782998
4.601,3.14161,-0.0000545929,-0.00005073,0.000212947,0.000132999999999956,-0.000580999999999792,-0.0000191295,0.0000780434
4.602,3.14161,-0.0000543803,-0.0000505974,0.000212368,0.000132599999999955,-0.000578999999999816,-0.0000190732,0.0000777878
4.603,3.14161,-0.0000541682,-0.0000504654,0.000211792,0.000132000000000071,-0.000576000000000308,-0.0000190171,0.000077533
4.604,3.14161,-0.0000539567,-0.0000503339,0.000211218,0.000131499999999953,-0.00057399999999982,-0.0000189613,0.0000772791
4.605,3.14161,-0.0000537458,-0.000050203,0.000210646,0.000130899999999959,-0.000571999999999816,-0.0000189057,0.0000770259
4.606,3.14161,-0.0000535354,-0.0000500726,0.000210076,0.000130400000000074,-0.000570000000000292,-0.0000188502,0.0000767736
4.607,3.14161,-0.0000533256,-0.0000499427,0.000209508,0.000129899999999957,-0.000567999999999836,-0.000018795,0.000076522
4.608,3.14161,-0.0000531164,-0.0000498134,0.000208943,0.000129300000000071,-0.000565000000000292,-0.00001874,0.0000762713
4.609,3.14161,-0.0000529077,-0.0000496846,0.00020838,0.000128799999999955,-0.000562999999999813,-0.0000186852,0.0000760214
4.61,3.14161,-0.0000526997,-0.0000495563,0.000207819,0.000128299999999961,-0.000560999999999809,-0.0000186306,0.0000757723
4.611,3.14161,-0.0000524921,-0.0000494286,0.00020726,0.000127700000000066,-0.000559000000000329,-0.0000185761,0.0000755239
4.612,3.14161,-0.0000522851,-0.0000493014,0.000206704,0.000127199999999959,-0.000555999999999814,-0.0000185219,0.0000752764
4.613,3.14161,-0.0000520787,-0.0000491747,0.000206149,0.000126699999999958,-0.000554999999999798,-0.0000184679,0.0000750297
4.614,3.1416,-0.0000518728,-0.0000490485,0.000205597,0.000126200000000069,-0.000552000000000324,-0.0000184141,0.0000747837
4.615,3.1416,-0.0000516675,-0.0000489229,0.000205047,0.000125599999999962,-0.000549999999999803,-0.0000183606,0.0000745385
4.616,3.1416,-0.0000514628,-0.0000487978,0.000204499,0.000125100000000066,-0.000548000000000313,-0.0000183072,0.0000742942
4.617,3.1416,-0.0000512585,-0.0000486732,0.000203953,0.000124599999999961,-0.000545999999999822,-0.000018254,0.0000740506
4.618,3.1416,-0.0000510548,-0.0000485492,0.00020341,0.000123999999999959,-0.000542999999999803,-0.000018201,0.0000738077
4.619,3.1416,-0.0000508517,-0.0000484256,0.000202868,0.000123600000000068,-0.000542000000000296,-0.0000181482,0.0000735657
4.62,3.1416,-0.0000506491,-0.0000483026,0.000202329,0.000122999999999958,-0.000538999999999823,-0.0000180956,0.0000733244
4.621,3.1416,-0.0000504471,-0.0000481801,0.000201792,0.000122499999999957,-0.000536999999999819,-0.0000180432,0.0000730839
4.622,3.1416,-0.0000502455,-0.0000480581,0.000201257,0.000122000000000071,-0.000535000000000318,-0.000017991,0.0000728442
4.623,3.1416,-0.0000500445,-0.0000479366,0.000200724,0.000121499999999962,-0.000532999999999812,-0.000017939,0.0000726052
4.624,3.1416,-0.0000498441,-0.0000478157,0.000200193,0.000120900000000068,-0.00053100000000028,-0.0000178872,0.0000723671
4.625,3.1416,-0.0000496442,-0.0000476952,0.000199664,0.00012049999999996,-0.000528999999999831,-0.0000178356,0.0000721296
4.626,3.1416,-0.0000494448,-0.0000475753,0.000199138,0.000119899999999959,-0.000525999999999839,-0.0000177842,0.0000718929
4.627,3.1416,-0.0000492459,-0.0000474558,0.000198613,0.000119500000000064,-0.00052500000000029,-0.000017733,0.000071657
4.628,3.1416,-0.0000490475,-0.0000473369,0.000198091,0.000118899999999964,-0.000521999999999805,-0.000017682,0.0000714218
4.629,3.1416,-0.0000488497,-0.0000472185,0.00019757,0.000118400000000061,-0.000521000000000306,-0.0000176312,0.0000711874
4.63,3.1416,-0.0000486524,-0.0000471006,0.000197052,0.000117899999999962,-0.000517999999999824,-0.0000175806,0.0000709538
4.631,3.1416,-0.0000484556,-0.0000469832,0.000196536,0.000117399999999961,-0.000515999999999821,-0.0000175301,0.0000707208
4.632,3.1416,-0.0000482593,-0.0000468663,0.000196022,0.000116900000000064,-0.000514000000000301,-0.0000174799,0.0000704886
4.633,3.1416,-0.0000480636,-0.00004675,0.00019551,0.000116299999999965,-0.000511999999999813,-0.0000174299,0.0000702572
4.634,3.1416,-0.0000478683,-0.0000466341,0.000195,0.000115899999999958,-0.000509999999999837,-0.00001738,0.0000700265
4.635,3.1416,-0.0000476736,-0.0000465187,0.000194492,0.000115400000000066,-0.000508000000000284,-0.0000173304,0.0000697965
4.636,3.1416,-0.0000474793,-0.0000464038,0.000193986,0.000114899999999963,-0.000505999999999829,-0.0000172809,0.0000695673
4.637,3.1416,-0.0000472856,-0.0000462894,0.000193482,0.000114400000000064,-0.000504000000000273,-0.0000172316,0.0000693388
4.638,3.1416,-0.0000470924,-0.0000461756,0.00019298,0.000113799999999961,-0.000501999999999822,-0.0000171825,0.000069111
4.639,3.1416,-0.0000468997,-0.0000460622,0.00019248,0.00011339999999996,-0.000499999999999845,-0.0000171337,0.000068884
4.64,3.1416,-0.0000467074,-0.0000459493,0.000191982,0.000112900000000066,-0.000498000000000284,-0.000017085,0.0000686577
4.641,3.1416,-0.0000465157,-0.0000458369,0.000191486,0.000112399999999958,-0.000495999999999838,-0.0000170365,0.0000684321
4.642,3.1416,-0.0000463245,-0.000045725,0.000190993,0.000111899999999964,-0.000492999999999819,-0.0000169881,0.0000682072
4.643,3.1416,-0.0000461337,-0.0000456136,0.000190501,0.000111400000000062,-0.000492000000000267,-0.00001694,0.000067983
4.644,3.1416,-0.0000459435,-0.0000455027,0.000190011,0.000110899999999962,-0.000489999999999854,-0.0000168921,0.0000677595
4.645,3.1416,-0.0000457537,-0.0000453923,0.000189523,0.000110400000000059,-0.000488000000000256,-0.0000168443,0.0000675368
4.646,3.1416,-0.0000455644,-0.0000452823,0.000189038,0.000109999999999967,-0.000484999999999858,-0.0000167968,0.0000673148
4.647,3.1416,-0.0000453756,-0.0000451729,0.000188554,0.000109399999999959,-0.000483999999999815,-0.0000167494,0.0000670934
4.648,3.1416,-0.0000451873,-0.0000450639,0.000188072,0.000109000000000062,-0.000482000000000267,-0.0000167022,0.0000668728
4.649,3.1416,-0.0000449995,-0.0000449555,0.000187592,0.000108399999999964,-0.000479999999999862,-0.0000166552,0.0000666529
4.65,3.1416,-0.0000448121,-0.0000448475,0.000187114,0.000107999999999964,-0.000477999999999831,-0.0000166084,0.0000664337
4.651,3.1416,-0.0000446253,-0.00004474,0.000186638,0.000107500000000058,-0.00047600000000025,-0.0000165617,0.0000662151
4.652,3.1416,-0.0000444389,-0.000044633,0.000186164,0.000106999999999968,-0.000473999999999851,-0.0000165153,0.0000659973
4.653,3.1416,-0.0000442529,-0.0000445265,0.000185692,0.000106500000000055,-0.000472000000000267,-0.000016469,0.0000657802
4.654,3.1416,-0.0000440675,-0.0000444204,0.000185222,0.000106099999999967,-0.000469999999999844,-0.000016423,0.0000655637
4.655,3.1416,-0.0000438825,-0.0000443148,0.000184754,0.000105599999999966,-0.00046799999999984,-0.0000163771,0.000065348
4.656,3.1416,-0.000043698,-0.0000442098,0.000184288,0.000105000000000058,-0.00046600000000025,-0.0000163314,0.0000651329
4.657,3.1416,-0.0000435139,-0.0000441051,0.000183824,0.000104699999999964,-0.00046399999999986,-0.0000162858,0.0000649185
4.658,3.1416,-0.0000433303,-0.000044001,0.000183362,0.000104099999999963,-0.000461999999999829,-0.0000162405,0.0000647048
4.659,3.1416,-0.0000431472,-0.0000438974,0.000182901,0.000103600000000061,-0.000461000000000277,-0.0000161953,0.0000644917
4.66,3.1416,-0.0000429645,-0.0000437942,0.000182443,0.000103199999999961,-0.000457999999999848,-0.0000161503,0.0000642794
4.661,3.1416,-0.0000427823,-0.0000436915,0.000181986,0.000102700000000059,-0.000457000000000239,-0.0000161055,0.0000640677
4.662,3.1416,-0.0000426006,-0.0000435892,0.000181531,0.000102299999999967,-0.000454999999999856,-0.0000160609,0.0000638567
4.663,3.1416,-0.0000424193,-0.0000434875,0.000181079,0.000101699999999965,-0.000451999999999837,-0.0000160165,0.0000636463
4.664,3.1416,-0.0000422384,-0.0000433862,0.000180628,0.000101300000000055,-0.00045100000000025,-0.0000159722,0.0000634366
4.665,3.1416,-0.000042058,-0.0000432854,0.000180179,0.000100799999999971,-0.000448999999999845,-0.0000159282,0.0000632276
4.666,3.1416,-0.0000418781,-0.000043185,0.000179732,0.000100399999999963,-0.000446999999999869,-0.0000158843,0.0000630193
4.667,3.1416,-0.0000416985,-0.0000430852,0.000179287,9.98000000000573E-05,-0.000445000000000233,-0.0000158405,0.0000628116
4.668,3.1416,-0.0000415195,-0.0000429858,0.000178843,9.93999999999679E-05,-0.00044399999999985,-0.000015797,0.0000626045
4.669,3.1416,-0.0000413409,-0.0000428868,0.000178402,9.90000000000551E-05,-0.000441000000000249,-0.0000157536,0.0000623981
4.67,3.1416,-0.0000411627,-0.0000427884,0.000177962,9.83999999999661E-05,-0.000439999999999869,-0.0000157105,0.0000621924
4.671,3.1416,-0.0000409849,-0.0000426903,0.000177525,9.80999999999655E-05,-0.00043699999999985,-0.0000156675,0.0000619873
4.672,3.1416,-0.0000408076,-0.0000425928,0.000177089,9.7500000000051E-05,-0.000436000000000222,-0.0000156246,0.0000617829
4.673,3.1416,-0.0000406308,-0.0000424957,0.000176655,9.70999999999704E-05,-0.000433999999999858,-0.000015582,0.0000615791
4.674,3.1416,-0.0000404543,-0.0000423991,0.000176223,9.65999999999695E-05,-0.000431999999999854,-0.0000155395,0.000061376
4.675,3.1416,-0.0000402783,-0.0000423029,0.000175793,9.62000000000542E-05,-0.00043000000000026,-0.0000154972,0.0000611735
4.676,3.1416,-0.0000401027,-0.0000422073,0.000175364,9.55999999999676E-05,-0.000428999999999835,-0.0000154551,0.0000609716
4.677,3.1416,-0.0000399276,-0.000042112,0.000174937,9.53000000000517E-05,-0.000427000000000238,-0.0000154131,0.0000607704
4.678,3.1416,-0.0000397529,-0.0000420172,0.000174513,9.47999999999662E-05,-0.000423999999999867,-0.0000153714,0.0000605698
4.679,3.1416,-0.0000395786,-0.0000419229,0.00017409,9.4299999999972E-05,-0.000422999999999851,-0.0000153298,0.0000603698
4.68,3.1416,-0.0000394047,-0.0000418291,0.000173669,9.38000000000476E-05,-0.000421000000000248,-0.0000152883,0.0000601705
4.681,3.1416,-0.0000392312,-0.0000417357,0.000173249,9.33999999999703E-05,-0.000419999999999859,-0.0000152471,0.0000599718
4.682,3.1416,-0.0000390582,-0.0000416427,0.000172832,9.29999999999696E-05,-0.000416999999999867,-0.000015206,0.0000597737
4.683,3.1416,-0.0000388856,-0.0000415502,0.000172416,9.25000000000508E-05,-0.000416000000000221,-0.0000151651,0.0000595762
4.684,3.1416,-0.0000387134,-0.0000414582,0.000172002,9.19999999999677E-05,-0.000413999999999848,-0.0000151244,0.0000593794
4.685,3.1416,-0.0000385416,-0.0000413666,0.00017159,9.16000000000551E-05,-0.000412000000000237,-0.0000150838,0.0000591832
4.686,3.1416,-0.0000383702,-0.0000412754,0.00017118,9.11999999999662E-05,-0.000409999999999868,-0.0000150434,0.0000589876
4.687,3.1416,-0.0000381992,-0.0000411847,0.000170771,9.06999999999721E-05,-0.000408999999999852,-0.0000150032,0.0000587926
4.688,3.1416,-0.0000380287,-0.0000410945,0.000170365,9.02000000000513E-05,-0.000406000000000221,-0.0000149632,0.0000585982
4.689,3.1416,-0.0000378585,-0.0000410047,0.00016996,8.97999999999704E-05,-0.000404999999999872,-0.0000149233,0.0000584045
4.69,3.1416,-0.0000376887,-0.0000409154,0.000169556,8.92999999999695E-05,-0.000403999999999884,-0.0000148836,0.0000582113
4.691,3.1416,-0.0000375194,-0.0000408265,0.000169155,8.89000000000477E-05,-0.000401000000000221,-0.0000148441,0.0000580188
4.692,3.1416,-0.0000373504,-0.000040738,0.000168755,8.8499999999968E-05,-0.000399999999999849,-0.0000148047,0.0000578268
4.693,3.1416,-0.0000371819,-0.00004065,0.000168357,8.8000000000052E-05,-0.000398000000000226,-0.0000147655,0.0000576355
4.694,3.1416,-0.0000370137,-0.0000405625,0.000167961,8.74999999999729E-05,-0.000395999999999869,-0.0000147265,0.0000574447
4.695,3.1416,-0.000036846,-0.0000404754,0.000167567,8.70999999999654E-05,-0.000393999999999865,-0.0000146876,0.0000572546
4.696,3.1416,-0.0000366786,-0.0000403887,0.000167174,8.67000000000484E-05,-0.000393000000000226,-0.000014649,0.000057065
4.697,3.1416,-0.0000365116,-0.0000403025,0.000166783,8.61999999999705E-05,-0.000390999999999873,-0.0000146104,0.0000568761
4.698,3.1416,-0.000036345,-0.0000402167,0.000166394,8.57999999999765E-05,-0.000388999999999869,-0.0000145721,0.0000566877
4.699,3.1416,-0.0000361788,-0.0000401313,0.000166007,8.54000000000448E-05,-0.000387000000000209,-0.0000145339,0.0000564999
4.7,3.1416,-0.000036013,-0.0000400464,0.000165621,8.48999999999681E-05,-0.000385999999999877,-0.0000144959,0.0000563127
4.701,3.1416,-0.0000358476,-0.000039962,0.000165237,8.44000000000489E-05,-0.000384000000000215,-0.000014458,0.0000561261
4.702,3.1416,-0.0000356826,-0.0000398779,0.000164855,8.40999999999734E-05,-0.00038199999999987,-0.0000144203,0.0000559401
4.703,3.1416,-0.0000355179,-0.0000397944,0.000164474,8.34999999999722E-05,-0.000380999999999854,-0.0000143828,0.0000557546
4.704,3.1416,-0.0000353536,-0.0000397112,0.000164095,8.32000000000456E-05,-0.000379000000000214,-0.0000143455,0.0000555697
4.705,3.1416,-0.0000351897,-0.0000396285,0.000163718,8.26999999999708E-05,-0.000376999999999874,-0.0000143083,0.0000553854
4.706,3.1416,-0.0000350262,-0.0000395462,0.000163343,8.22999999999768E-05,-0.00037499999999987,-0.0000142713,0.0000552017
4.707,3.1416,-0.000034863,-0.0000394643,0.000162969,8.1900000000042E-05,-0.000374000000000214,-0.0000142344,0.0000550185
4.708,3.1416,-0.0000347002,-0.0000393829,0.000162597,8.13999999999751E-05,-0.000371999999999878,-0.0000141977,0.000054836
4.709,3.1416,-0.0000345378,-0.0000393019,0.000162226,8.10000000000463E-05,-0.000371000000000219,-0.0000141612,0.0000546539
4.71,3.1416,-0.0000343758,-0.0000392214,0.000161858,8.04999999999734E-05,-0.000367999999999871,-0.0000141248,0.0000544725
4.711,3.1416,-0.0000342141,-0.0000391413,0.000161491,8.00999999999727E-05,-0.000366999999999883,-0.0000140886,0.0000542916
4.712,3.1416,-0.0000340528,-0.0000390616,0.000161125,7.97000000000427E-05,-0.000366000000000192,-0.0000140526,0.0000541112
4.713,3.1416,-0.0000338919,-0.0000389823,0.000160762,7.92999999999712E-05,-0.000362999999999875,-0.0000140167,0.0000539314
4.714,3.1416,-0.0000337313,-0.0000389035,0.0001604,7.87999999999771E-05,-0.000361999999999887,-0.000013981,0.0000537522
4.715,3.1416,-0.0000335711,-0.000038825,0.000160039,7.85000000000394E-05,-0.000361000000000192,-0.0000139454,0.0000535735
4.716,3.1416,-0.0000334112,-0.0000387471,0.000159681,7.78999999999754E-05,-0.000357999999999879,-0.00001391,0.0000533954
4.717,3.1416,-0.0000332517,-0.0000386695,0.000159323,7.76000000000437E-05,-0.000358000000000197,-0.0000138748,0.0000532178
4.718,3.1416,-0.0000330926,-0.0000385924,0.000158968,7.70999999999739E-05,-0.000354999999999887,-0.0000138397,0.0000530408
4.719,3.1416,-0.0000329338,-0.0000385156,0.000158614,7.67999999999733E-05,-0.000353999999999872,-0.0000138048,0.0000528643
4.72,3.1416,-0.0000327753,-0.0000384394,0.000158262,7.62000000000399E-05,-0.000352000000000208,-0.00001377,0.0000526884
4.721,3.1416,-0.0000326173,-0.0000383635,0.000157912,7.58999999999785E-05,-0.000349999999999892,-0.0000137354,0.0000525129
4.722,3.1416,-0.0000324595,-0.000038288,0.000157563,7.54999999999777E-05,-0.000348999999999876,-0.000013701,0.0000523381
4.723,3.1416,-0.0000323021,-0.000038213,0.000157215,7.50000000000366E-05,-0.000348000000000197,-0.0000136667,0.0000521637
4.724,3.1416,-0.0000321451,-0.0000381384,0.00015687,7.4599999999976E-05,-0.000344999999999869,-0.0000136326,0.0000519899
4.725,3.1416,-0.0000319884,-0.0000380642,0.000156526,7.42000000000412E-05,-0.000344000000000186,-0.0000135987,0.0000518167
4.726,3.1416,-0.000031832,-0.0000379905,0.000156183,7.36999999999744E-05,-0.000342999999999892,-0.0000135649,0.0000516439
4.727,3.1416,-0.000031676,-0.0000379171,0.000155843,7.33999999999738E-05,-0.0003399999999999,-0.0000135312,0.0000514717
4.728,3.1416,-0.0000315204,-0.0000378442,0.000155503,7.29000000000444E-05,-0.000340000000000175,-0.0000134977,0.0000513
4.729,3.1416,-0.000031365,-0.0000377716,0.000155166,7.25999999999723E-05,-0.000336999999999881,-0.0000134644,0.0000511288
4.73,3.1416,-0.00003121,-0.0000376995,0.00015483,7.20999999999782E-05,-0.000335999999999893,-0.0000134312,0.0000509582
4.731,3.1416,-0.0000310554,-0.0000376278,0.000154495,7.17000000000411E-05,-0.000335000000000202,-0.0000133982,0.000050788
4.732,3.1416,-0.000030901,-0.0000375566,0.000154162,7.11999999999765E-05,-0.000332999999999874,-0.0000133653,0.0000506184
4.733,3.1416,-0.0000307471,-0.0000374857,0.000153831,7.09000000000389E-05,-0.000331000000000191,-0.0000133326,0.0000504493
4.734,3.1416,-0.0000305934,-0.0000374152,0.000153501,7.04999999999752E-05,-0.000329999999999882,-0.0000133001,0.0000502807
4.735,3.1416,-0.0000304401,-0.0000373452,0.000153173,6.99999999999743E-05,-0.000327999999999905,-0.0000132677,0.0000501126
4.736,3.1416,-0.000030287,-0.0000372756,0.000152847,6.96000000000421E-05,-0.000326000000000164,-0.0000132354,0.000049945
4.737,3.1416,-0.0000301344,-0.0000372063,0.000152521,6.92999999999729E-05,-0.000325999999999901,-0.0000132033,0.0000497779
4.738,3.1416,-0.000029982,-0.0000371375,0.000152198,6.87999999999788E-05,-0.000322999999999882,-0.0000131714,0.0000496114
4.739,3.1416,-0.00002983,-0.0000370691,0.000151876,6.84000000000388E-05,-0.00032200000000018,-0.0000131396,0.0000494453
4.74,3.1416,-0.0000296783,-0.0000370011,0.000151556,6.79999999999773E-05,-0.00031999999999989,-0.000013108,0.0000492797
4.741,3.1416,-0.0000295269,-0.0000369335,0.000151237,6.76000000000366E-05,-0.000319000000000185,-0.0000130765,0.0000491146
4.742,3.1416,-0.0000293758,-0.0000368663,0.000150919,6.71999999999758E-05,-0.000317999999999886,-0.0000130452,0.00004895
4.743,3.1416,-0.000029225,-0.0000367995,0.000150604,6.67999999999819E-05,-0.000314999999999894,-0.000013014,0.0000487859
4.744,3.1416,-0.0000290746,-0.0000367331,0.000150289,6.64000000000333E-05,-0.000315000000000174,-0.000012983,0.0000486222
4.745,3.1416,-0.0000289244,-0.0000366671,0.000149977,6.59999999999804E-05,-0.000311999999999902,-0.0000129521,0.0000484591
4.746,3.1416,-0.0000287746,-0.0000366015,0.000149665,6.55999999999796E-05,-0.000311999999999902,-0.0000129214,0.0000482964
4.747,3.1416,-0.0000286251,-0.0000365363,0.000149356,6.52000000000368E-05,-0.000309000000000158,-0.0000128908,0.0000481342
4.748,3.1416,-0.0000284759,-0.0000364715,0.000149047,6.47999999999781E-05,-0.00030899999999991,-0.0000128604,0.0000479725
4.749,3.1416,-0.000028327,-0.0000364071,0.000148741,6.44000000000346E-05,-0.000306000000000163,-0.0000128301,0.0000478113
4.75,3.1416,-0.0000281784,-0.000036343,0.000148435,6.40999999999768E-05,-0.000305999999999891,-0.0000128,0.0000476505
4.751,3.1416,-0.0000280302,-0.0000362794,0.000148131,6.35999999999827E-05,-0.000303999999999915,-0.00001277,0.0000474902
4.752,3.1416,-0.0000278822,-0.0000362162,0.000147829,6.32000000000313E-05,-0.000302000000000152,-0.0000127402,0.0000473304
4.753,3.1416,-0.0000277345,-0.0000361534,0.000147528,6.27999999999812E-05,-0.000300999999999923,-0.0000127105,0.000047171
4.754,3.1416,-0.0000275871,-0.000036091,0.000147229,6.24000000000359E-05,-0.000299000000000157,-0.0000126809,0.0000470121
4.755,3.1416,-0.00002744,-0.0000360289,0.000146931,6.20999999999731E-05,-0.000297999999999903,-0.0000126516,0.0000468537
4.756,3.1416,-0.0000272933,-0.0000359673,0.000146635,6.15999999999857E-05,-0.0002959999999999,-0.0000126223,0.0000466957
4.757,3.1416,-0.0000271468,-0.000035906,0.00014634,6.13000000000329E-05,-0.000295000000000146,-0.0000125932,0.0000465381
4.758,3.1416,-0.0000270006,-0.0000358451,0.000146046,6.08999999999777E-05,-0.000293999999999923,-0.0000125643,0.000046381
4.759,3.1416,-0.0000268547,-0.0000357846,0.000145754,6.04999999999769E-05,-0.000291999999999892,-0.0000125354,0.0000462244
4.76,3.1416,-0.0000267091,-0.0000357245,0.000145463,6.01000000000363E-05,-0.000291000000000162,-0.0000125068,0.0000460682
4.761,3.1416,-0.0000265638,-0.0000356648,0.000145174,5.96999999999822E-05,-0.0002889999999999,-0.0000124783,0.0000459125
4.762,3.1416,-0.0000264187,-0.0000356055,0.000144887,5.93000000000274E-05,-0.000287000000000151,-0.0000124499,0.0000457571
4.763,3.1416,-0.000026274,-0.0000355465,0.0001446,5.89999999999809E-05,-0.000286999999999924,-0.0000124216,0.0000456023
4.764,3.1416,-0.0000261295,-0.0000354879,0.000144315,5.85999999999802E-05,-0.000284999999999893,-0.0000123935,0.0000454478
4.765,3.1416,-0.0000259854,-0.0000354297,0.000144032,5.82000000000379E-05,-0.000283000000000167,-0.0000123656,0.0000452938
4.766,3.1416,-0.0000258415,-0.0000353719,0.00014375,5.77999999999787E-05,-0.000281999999999901,-0.0000123378,0.0000451402
4.767,3.1416,-0.0000256979,-0.0000353145,0.000143469,5.73999999999779E-05,-0.000280999999999912,-0.0000123101,0.0000449871
4.768,3.1416,-0.0000255545,-0.0000352574,0.000143189,5.71000000000349E-05,-0.000280000000000146,-0.0000122826,0.0000448343
4.769,3.1416,-0.0000254115,-0.0000352007,0.000142911,5.66999999999766E-05,-0.00027799999999992,-0.0000122552,0.000044682
4.77,3.1416,-0.0000252687,-0.0000351444,0.000142635,5.63000000000327E-05,-0.000276000000000135,-0.0000122279,0.0000445301
4.771,3.1416,-0.0000251262,-0.0000350885,0.00014236,5.58999999999819E-05,-0.000274999999999901,-0.0000122008,0.0000443786
4.772,3.1416,-0.000024984,-0.0000350329,0.000142086,5.55999999999814E-05,-0.000273999999999913,-0.0000121738,0.0000442275
4.773,3.1416,-0.0000248421,-0.0000349777,0.000141813,5.52000000000297E-05,-0.000273000000000167,-0.000012147,0.0000440769
4.774,3.1416,-0.0000247004,-0.0000349228,0.000141542,5.48999999999868E-05,-0.000270999999999894,-0.0000121203,0.0000439266
4.775,3.1416,-0.000024559,-0.0000348684,0.000141272,5.43999999999791E-05,-0.000269999999999906,-0.0000120937,0.0000437767
4.776,3.1416,-0.0000244178,-0.0000348143,0.000141004,5.41000000000266E-05,-0.000268000000000167,-0.0000120673,0.0000436272
4.777,3.1416,-0.000024277,-0.0000347605,0.000140737,5.37999999999848E-05,-0.000266999999999914,-0.000012041,0.0000434782
4.778,3.1416,-0.0000241364,-0.0000347071,0.000140471,5.34000000000315E-05,-0.000266000000000134,-0.0000120148,0.0000433295
4.779,3.1416,-0.000023996,-0.0000346541,0.000140207,5.29999999999833E-05,-0.000263999999999921,-0.0000119888,0.0000431812
4.78,3.1416,-0.000023856,-0.0000346014,0.000139943,5.26999999999828E-05,-0.000263999999999894,-0.0000119629,0.0000430332
4.781,3.1416,-0.0000237161,-0.0000345491,0.000139682,5.23000000000285E-05,-0.000261000000000161,-0.0000119371,0.0000428857
4.782,3.1416,-0.0000235766,-0.0000344972,0.000139421,5.18999999999813E-05,-0.000260999999999902,-0.0000119115,0.0000427385
4.783,3.1416,-0.0000234373,-0.0000344456,0.000139162,5.15999999999807E-05,-0.000258999999999926,-0.000011886,0.0000425917
4.784,3.1416,-0.0000232983,-0.0000343943,0.000138904,5.13000000000325E-05,-0.000258000000000139,-0.0000118606,0.0000424453
4.785,3.1416,-0.0000231595,-0.0000343434,0.000138647,5.08999999999794E-05,-0.000256999999999922,-0.0000118354,0.0000422993
4.786,3.1416,-0.000023021,-0.0000342929,0.000138391,5.05000000000303E-05,-0.000256000000000134,-0.0000118102,0.0000421536
4.787,3.1416,-0.0000228827,-0.0000342427,0.000138137,5.01999999999781E-05,-0.000253999999999903,-0.0000117852,0.0000420082
4.788,3.1416,-0.0000227447,-0.0000341928,0.000137884,4.98999999999843E-05,-0.000252999999999915,-0.0000117604,0.0000418632
4.789,3.1416,-0.000022607,-0.0000341433,0.000137633,4.95000000000276E-05,-0.000251000000000161,-0.0000117356,0.0000417186
4.79,3.1416,-0.0000224695,-0.0000340941,0.000137382,4.9199999999983E-05,-0.000250999999999911,-0.000011711,0.0000415743
4.791,3.1416,-0.0000223322,-0.0000340453,0.000137133,4.87999999999891E-05,-0.000248999999999907,-0.0000116865,0.0000414303
4.792,3.1416,-0.0000221952,-0.0000339968,0.000136885,4.85000000000248E-05,-0.000248000000000139,-0.0000116622,0.0000412867
4.793,3.1416,-0.0000220584,-0.0000339486,0.000136638,4.81999999999812E-05,-0.000246999999999931,-0.0000116379,0.0000411434
4.794,3.1416,-0.0000219219,-0.0000339008,0.000136392,4.78000000000297E-05,-0.000246000000000134,-0.0000116138,0.0000410005
4.795,3.1416,-0.0000217856,-0.0000338533,0.000136148,4.74999999999799E-05,-0.000243999999999911,-0.0000115898,0.0000408579
4.796,3.1416,-0.0000216496,-0.0000338061,0.000135904,4.71999999999861E-05,-0.000243999999999911,-0.0000115659,0.0000407155
4.797,3.1416,-0.0000215138,-0.0000337592,0.000135662,4.69000000000272E-05,-0.00024200000000015,-0.0000115421,0.0000405735
4.798,3.1416,-0.0000213783,-0.0000337127,0.000135421,4.64999999999848E-05,-0.000240999999999919,-0.0000115185,0.0000404319
4.799,3.1416,-0.000021243,-0.0000336665,0.000135181,4.61999999999842E-05,-0.000239999999999904,-0.0000114949,0.0000402905
4.8,3.1416,-0.0000211079,-0.0000336206,0.000134943,4.59000000000244E-05,-0.000238000000000139,-0.0000114715,0.0000401494
4.801,3.1416,-0.0000209731,-0.000033575,0.000134705,4.55999999999831E-05,-0.000237999999999927,-0.0000114482,0.0000400086
4.802,3.1416,-0.0000208385,-0.0000335298,0.000134469,4.52000000000293E-05,-0.000236000000000133,-0.000011425,0.0000398681
4.803,3.1416,-0.0000207042,-0.0000334848,0.000134233,4.4999999999982E-05,-0.000235999999999924,-0.0000114019,0.0000397279
4.804,3.1416,-0.0000205701,-0.0000334402,0.000133999,4.4599999999988E-05,-0.00023399999999992,-0.000011379,0.0000395879
4.805,3.1416,-0.0000204362,-0.0000333958,0.000133766,4.44000000000203E-05,-0.000233000000000111,-0.0000113561,0.0000394483
4.806,3.1416,-0.0000203025,-0.0000333518,0.000133534,4.39999999999869E-05,-0.000231999999999916,-0.0000113334,0.0000393089
4.807,3.1416,-0.0000201691,-0.000033308,0.000133302,4.37999999999865E-05,-0.000231999999999943,-0.0000113107,0.0000391697
4.808,3.1416,-0.0000200359,-0.0000332646,0.000133072,4.34000000000244E-05,-0.000230000000000117,-0.0000112882,0.0000390308
4.809,3.1416,-0.000019903,-0.0000332214,0.000132843,4.31999999999854E-05,-0.000228999999999924,-0.0000112657,0.0000388922
4.81,3.1416,-0.0000197703,-0.0000331785,0.000132615,4.2900000000023E-05,-0.000228000000000138,-0.0000112434,0.0000387538
4.811,3.1416,-0.0000196378,-0.0000331359,0.000132388,4.25999999999843E-05,-0.00022699999999992,-0.0000112212,0.0000386157
4.812,3.1416,-0.0000195055,-0.0000330936,0.000132162,4.22999999999905E-05,-0.000225999999999905,-0.000011199,0.0000384778
4.813,3.1416,-0.0000193734,-0.0000330516,0.000131937,4.20000000000205E-05,-0.000225000000000144,-0.000011177,0.0000383401
4.814,3.1416,-0.0000192416,-0.0000330099,0.000131713,4.16999999999894E-05,-0.000223999999999928,-0.000011155,0.0000382026
4.815,3.1416,-0.00001911,-0.0000329684,0.00013149,4.14999999999823E-05,-0.000222999999999913,-0.0000111332,0.0000380654
4.816,3.1416,-0.0000189786,-0.0000329272,0.000131268,4.12000000000251E-05,-0.000222000000000122,-0.0000111114,0.0000379283
4.817,3.1416,-0.0000188475,-0.0000328862,0.000131046,4.09999999999881E-05,-0.000221999999999925,-0.0000110898,0.0000377915
4.818,3.1416,-0.0000187165,-0.0000328455,0.000130826,4.07000000000169E-05,-0.000220000000000116,-0.0000110682,0.0000376548
4.819,3.1416,-0.0000185858,-0.0000328051,0.000130607,4.0399999999987E-05,-0.000218999999999933,-0.0000110467,0.0000375183
4.82,3.1416,-0.0000184553,-0.0000327649,0.000130388,4.01999999999866E-05,-0.000218999999999933,-0.0000110253,0.000037382
4.821,3.1416,-0.000018325,-0.0000327249,0.00013017,4.00000000000218E-05,-0.000218000000000111,-0.000011004,0.0000372459
4.822,3.1416,-0.000018195,-0.0000326852,0.000129953,3.96999999999925E-05,-0.000216999999999929,-0.0000109828,0.0000371099
4.823,3.1416,-0.0000180651,-0.0000326458,0.000129737,3.93999999999851E-05,-0.000215999999999941,-0.0000109616,0.0000369741
4.824,3.1416,-0.0000179355,-0.0000326065,0.000129522,3.93000000000199E-05,-0.000215000000000116,-0.0000109406,0.0000368384
4.825,3.1416,-0.0000178061,-0.0000325675,0.000129307,3.89999999999844E-05,-0.000214999999999925,-0.0000109196,0.0000367028
4.826,3.1416,-0.0000176769,-0.0000325287,0.000129093,3.88000000000253E-05,-0.000214000000000127,-0.0000108986,0.0000365674
4.827,3.1416,-0.0000175479,-0.0000324901,0.00012888,3.85999999999837E-05,-0.000212999999999922,-0.0000108778,0.0000364321
4.828,3.1416,-0.0000174191,-0.0000324518,0.000128668,3.82999999999899E-05,-0.000211999999999933,-0.000010857,0.0000362969
4.829,3.1416,-0.0000172906,-0.0000324136,0.000128456,3.82000000000236E-05,-0.000212000000000122,-0.0000108363,0.0000361618
4.83,3.1416,-0.0000171622,-0.0000323757,0.000128245,3.78999999999824E-05,-0.000210999999999918,-0.0000108156,0.0000360268
4.831,3.1416,-0.0000170341,-0.0000323379,0.000128035,3.77999999999889E-05,-0.00020999999999993,-0.000010795,0.0000358919
4.832,3.1416,-0.0000169062,-0.0000323003,0.000127825,3.7600000000022E-05,-0.000210000000000116,-0.0000107745,0.000035757
4.833,3.1416,-0.0000167785,-0.0000322629,0.000127616,3.73999999999882E-05,-0.000208999999999941,-0.000010754,0.0000356222
4.834,3.1416,-0.0000166509,-0.0000322257,0.000127407,3.72000000000209E-05,-0.0002090000000001,-0.0000107336,0.0000354875
4.835,3.1416,-0.0000165236,-0.0000321886,0.000127199,3.70999999999876E-05,-0.000207999999999926,-0.0000107132,0.0000353528
4.836,3.1416,-0.0000163965,-0.0000321517,0.000126992,3.68999999999873E-05,-0.000206999999999938,-0.0000106929,0.0000352181
4.837,3.1416,-0.0000162697,-0.000032115,0.000126785,3.67000000000195E-05,-0.000207000000000121,-0.0000106726,0.0000350834
4.838,3.1416,-0.000016143,-0.0000320784,0.000126578,3.65999999999867E-05,-0.000206999999999938,-0.0000106524,0.0000349487
4.839,3.1416,-0.0000160165,-0.000032042,0.000126372,3.63999999999863E-05,-0.000205999999999922,-0.0000106322,0.000034814
4.84,3.1416,-0.0000158902,-0.0000320056,0.000126167,3.64000000000254E-05,-0.000205000000000116,-0.000010612,0.0000346793
4.841,3.1416,-0.0000157642,-0.0000319695,0.000125961,3.60999999999858E-05,-0.000205999999999922,-0.0000105919,0.0000345446
4.842,3.1416,-0.0000156383,-0.0000319334,0.000125757,3.61000000000178E-05,-0.000204000000000127,-0.0000105718,0.0000344098
4.843,3.1416,-0.0000155127,-0.0000318974,0.000125552,3.59999999999924E-05,-0.000204999999999934,-0.0000105517,0.0000342749
4.844,3.1416,-0.0000153872,-0.0000318615,0.000125348,3.58999999999854E-05,-0.000203999999999918,-0.0000105317,0.00003414
4.845,3.1416,-0.000015262,-0.0000318257,0.000125144,3.5800000000017E-05,-0.000204000000000127,-0.0000105116,0.000034005
4.846,3.1416,-0.0000151369,-0.00003179,0.00012494,3.56999999999918E-05,-0.000203999999999918,-0.0000104916,0.0000338699
4.847,3.1416,-0.0000150121,-0.0000317544,0.000124737,3.55999999999849E-05,-0.00020299999999993,-0.0000104716,0.0000337346
4.848,3.1416,-0.0000148875,-0.0000317188,0.000124534,3.56000000000233E-05,-0.00020300000000011,-0.0000104516,0.0000335992
4.849,3.1416,-0.000014763,-0.0000316833,0.00012433,3.54999999999847E-05,-0.000203999999999946,-0.0000104316,0.0000334637
4.85,3.1416,-0.0000146388,-0.0000316479,0.000124127,3.54000000000227E-05,-0.00020300000000011,-0.0000104115,0.000033328
4.851,3.1416,-0.0000145148,-0.0000316124,0.000123924,3.54999999999847E-05,-0.00020299999999993,-0.0000103915,0.0000331921
4.852,3.1416,-0.000014391,-0.000031577,0.000123721,3.53999999999913E-05,-0.00020299999999993,-0.0000103715,0.000033056
4.853,3.1416,-0.0000142673,-0.0000315416,0.000123518,3.54000000000159E-05,-0.00020300000000011,-0.0000103514,0.0000329197
4.854,3.1416,-0.0000141439,-0.0000315062,0.000123315,3.53999999999913E-05,-0.00020299999999993,-0.0000103314,0.0000327832
4.855,3.1416,-0.0000140207,-0.0000314708,0.000123112,3.53999999999913E-05,-0.00020299999999993,-0.0000103113,0.0000326464
4.856,3.1416,-0.0000138977,-0.0000314353,0.000122909,3.55000000000162E-05,-0.00020300000000011,-0.0000102911,0.0000325093
4.857,3.1416,-0.0000137749,-0.0000313998,0.000122705,3.54999999999914E-05,-0.000203999999999946,-0.000010271,0.000032372
4.858,3.1416,-0.0000136523,-0.0000313643,0.000122502,3.55000000000162E-05,-0.00020300000000011,-0.0000102507,0.0000322343
4.859,3.1416,-0.0000135299,-0.0000313287,0.000122298,3.55999999999916E-05,-0.000203999999999946,-0.0000102305,0.0000320963
4.86,3.1416,-0.0000134077,-0.000031293,0.000122093,3.5699999999985E-05,-0.000204999999999907,-0.0000102102,0.0000319579
4.861,3.1416,-0.0000132857,-0.0000312572,0.000121889,3.5800000000017E-05,-0.000204000000000127,-0.0000101898,0.0000318191
4.862,3.1416,-0.0000131639,-0.0000312213,0.000121684,3.58999999999922E-05,-0.000204999999999934,-0.0000101693,0.00003168
4.863,3.1416,-0.0000130423,-0.0000311853,0.000121478,3.59999999999856E-05,-0.000205999999999922,-0.0000101488,0.0000315404
4.864,3.1416,-0.000012921,-0.0000311492,0.000121272,3.61000000000178E-05,-0.000206000000000119,-0.0000101282,0.0000314004
4.865,3.1416,-0.0000127998,-0.0000311129,0.000121065,3.62999999999929E-05,-0.000206999999999938,-0.0000101075,0.0000312599
4.866,3.1416,-0.0000126788,-0.0000310765,0.000120858,3.64000000000187E-05,-0.000207000000000108,-0.0000100867,0.0000311189
4.867,3.1416,-0.0000125581,-0.0000310398,0.00012065,3.66999999999869E-05,-0.000207999999999926,-0.0000100659,0.0000309774
4.868,3.1416,-0.0000124375,-0.000031003,0.000120441,3.67999999999871E-05,-0.000208999999999941,-0.0000100449,0.0000308353
4.869,3.1416,-0.0000123172,-0.0000309659,0.000120231,3.71000000000206E-05,-0.000210000000000116,-0.0000100237,0.0000306927
4.87,3.1416,-0.0000121971,-0.0000309286,0.000120021,3.7299999999988E-05,-0.00020999999999993,-0.0000100025,0.0000305494
4.871,3.1416,-0.0000120772,-0.000030891,0.000119809,3.75999999999886E-05,-0.00021199999999992,-0.00000998115,0.0000304055
4.872,3.1416,-0.0000119575,-0.0000308532,0.000119596,3.78000000000225E-05,-0.000213000000000124,-0.00000995964,0.000030261
4.873,3.1416,-0.000011838,-0.000030815,0.000119383,3.81999999999829E-05,-0.000212999999999922,-0.00000993798,0.0000301157
4.874,3.1416,-0.0000117187,-0.0000307766,0.000119168,3.84000000000242E-05,-0.00021500000000013,-0.00000991617,0.0000299698
4.875,3.1416,-0.0000115996,-0.0000307378,0.000118952,3.8799999999984E-05,-0.000215999999999927,-0.00000989418,0.000029823
4.876,3.1416,-0.0000114808,-0.0000306986,0.000118734,3.91999999999915E-05,-0.000217999999999917,-0.00000987202,0.0000296755
4.877,3.1416,-0.0000113622,-0.000030659,0.000118516,3.96000000000207E-05,-0.000218000000000124,-0.00000984968,0.0000295271
4.878,3.1416,-0.0000112438,-0.0000306191,0.000118295,3.98999999999861E-05,-0.000220999999999923,-0.00000982713,0.0000293779
4.879,3.1416,-0.0000111256,-0.0000305787,0.000118073,4.04000000000229E-05,-0.000222000000000122,-0.00000980438,0.0000292278
4.88,3.14159,-0.0000110076,-0.0000305379,0.00011785,4.07999999999877E-05,-0.000222999999999927,-0.00000978141,0.0000290768
4.881,3.14159,-0.0000108899,-0.0000304965,0.000117625,4.13999999999855E-05,-0.00022499999999993,-0.00000975822,0.0000289247
4.882,3.14159,-0.0000107724,-0.0000304547,0.000117398,4.180000000002E-05,-0.000227000000000122,-0.00000973478,0.0000287717
4.883,3.14159,-0.0000106551,-0.0000304123,0.000117169,4.23999999999873E-05,-0.000228999999999924,-0.00000971109,0.0000286176
4.884,3.14159,-0.0000105381,-0.0000303694,0.000116938,4.28999999999849E-05,-0.000230999999999928,-0.00000968714,0.0000284624
4.885,3.14159,-0.0000104212,-0.0000303259,0.000116704,4.35000000000246E-05,-0.000234000000000128,-0.00000966291,0.0000283061
4.886,3.14159,-0.0000103047,-0.0000302817,0.000116469,4.41999999999873E-05,-0.000234999999999922,-0.00000963839,0.0000281485
4.887,3.14159,-0.0000101883,-0.0000302369,0.000116231,4.48000000000248E-05,-0.000238000000000125,-0.00000961357,0.0000279898
4.888,3.14159,-0.0000100722,-0.0000301915,0.000115991,4.53999999999827E-05,-0.000239999999999931,-0.00000958844,0.0000278298
4.889,3.14159,-0.00000995632,-0.0000301453,0.000115749,4.61999999999842E-05,-0.000241999999999908,-0.00000956298,0.0000276684
4.89,3.14159,-0.0000098407,-0.0000300983,0.000115503,4.70000000000275E-05,-0.000246000000000147,-0.00000953718,0.0000275057
4.891,3.14159,-0.00000972532,-0.0000300506,0.000115255,4.76999999999836E-05,-0.000247999999999919,-0.00000951101,0.0000273415
4.892,3.14159,-0.00000961019,-0.0000300021,0.000115004,4.84999999999851E-05,-0.000250999999999911,-0.00000948448,0.0000271759
4.893,3.14159,-0.00000949532,-0.0000299527,0.00011475,4.94000000000273E-05,-0.000254000000000142,-0.00000945755,0.0000270087
4.894,3.14159,-0.0000093807,-0.0000299024,0.000114493,5.02999999999817E-05,-0.000256999999999908,-0.00000943023,0.0000268399
4.895,3.14159,-0.00000926634,-0.0000298512,0.000114233,5.12000000000288E-05,-0.000260000000000145,-0.00000940248,0.0000266695
4.896,3.14159,-0.00000915224,-0.000029799,0.000113969,5.21999999999818E-05,-0.000263999999999908,-0.00000937429,0.0000264974
4.897,3.14159,-0.0000090384,-0.0000297458,0.000113701,5.31999999999837E-05,-0.000267999999999915,-0.00000934565,0.0000263235
4.898,3.14159,-0.00000892484,-0.0000296916,0.00011343,5.42000000000303E-05,-0.000271000000000148,-0.00000931653,0.0000261478
4.899,3.14159,-0.00000881155,-0.0000296362,0.000113155,5.5399999999981E-05,-0.000274999999999915,-0.00000928692,0.0000259702
4.9,3.14159,-0.00000869853,-0.0000295797,0.000112876,5.64999999999797E-05,-0.000278999999999909,-0.0000092568,0.0000257906
4.901,3.14159,-0.0000085858,-0.0000295221,0.000112593,5.76000000000329E-05,-0.000283000000000154,-0.00000922615,0.000025609
4.902,3.14159,-0.00000847335,-0.0000294632,0.000112305,5.88999999999807E-05,-0.000287999999999898,-0.00000919494,0.0000254253
4.903,3.14159,-0.00000836119,-0.000029403,0.000112013,6.02000000000332E-05,-0.000292000000000165,-0.00000916316,0.0000252395
4.904,3.14159,-0.00000824933,-0.0000293415,0.000111717,6.14999999999788E-05,-0.0002959999999999,-0.00000913079,0.0000250513
4.905,3.14159,-0.00000813777,-0.0000292786,0.000111415,6.2899999999978E-05,-0.000301999999999897,-0.00000909781,0.0000248609
4.906,3.14159,-0.00000802651,-0.0000292143,0.000111109,6.43000000000377E-05,-0.000306000000000176,-0.00000906418,0.0000246681
4.907,3.14159,-0.00000791555,-0.0000291484,0.000110797,6.58999999999768E-05,-0.000311999999999889,-0.00000902989,0.0000244727
4.908,3.14159,-0.00000780492,-0.0000290811,0.00011048,6.72999999999794E-05,-0.000316999999999898,-0.00000899491,0.0000242748
4.909,3.14159,-0.0000076946,-0.0000290121,0.000110157,6.90000000000371E-05,-0.000323000000000183,-0.00000895922,0.0000240743
4.91,3.14159,-0.00000758461,-0.0000289414,0.000109829,7.06999999999756E-05,-0.000327999999999891,-0.00000892279,0.000023871
4.911,3.14159,-0.00000747495,-0.0000288691,0.000109494,7.23000000000394E-05,-0.000335000000000175,-0.0000088856,0.0000236649
4.912,3.14159,-0.00000736563,-0.0000287949,0.000109153,7.41999999999753E-05,-0.000340999999999888,-0.00000884761,0.0000234558
4.913,3.14159,-0.00000725665,-0.0000287189,0.000108806,7.59999999999752E-05,-0.000346999999999886,-0.00000880881,0.0000232437
4.914,3.14159,-0.00000714802,-0.0000286409,0.000108452,7.80000000000449E-05,-0.0003540000000002,-0.00000876915,0.0000230285
4.915,3.14159,-0.00000703975,-0.000028561,0.000108091,7.98999999999723E-05,-0.000360999999999871,-0.00000872862,0.0000228101
4.916,3.14159,-0.00000693184,-0.0000284789,0.000107723,8.2099999999973E-05,-0.000367999999999884,-0.00000868717,0.0000225883
4.917,3.14159,-0.00000682431,-0.0000283948,0.000107348,8.41000000000447E-05,-0.000375000000000203,-0.00000864479,0.0000223631
4.918,3.14159,-0.00000671716,-0.0000283084,0.000106964,8.63999999999709E-05,-0.000383999999999873,-0.00000860142,0.0000221343
4.919,3.14159,-0.00000661039,-0.0000282197,0.000106573,8.87000000000505E-05,-0.00039100000000022,-0.00000855705,0.0000219019
4.92,3.14159,-0.00000650402,-0.0000281287,0.000106174,9.09999999999693E-05,-0.000398999999999861,-0.00000851164,0.0000216657
4.921,3.14159,-0.00000639805,-0.0000280352,0.000105766,9.34999999999705E-05,-0.000407999999999864,-0.00000846515,0.0000214255
4.922,3.14159,-0.00000629249,-0.0000279391,0.000105349,9.61000000000505E-05,-0.000417000000000237,-0.00000841754,0.0000211814
4.923,3.14159,-0.00000618736,-0.0000278405,0.000104924,9.85999999999698E-05,-0.000424999999999855,-0.00000836878,0.000020933
4.924,3.14159,-0.00000608265,-0.0000277391,0.000104488,0.000101399999999965,-0.000435999999999848,-0.00000831883,0.0000206804
4.925,3.14159,-0.00000597839,-0.0000276348,0.000104044,0.00010430000000006,-0.000444000000000257,-0.00000826764,0.0000204233
4.926,3.14159,-0.00000587458,-0.0000275277,0.000103589,0.000107099999999962,-0.000454999999999843,-0.00000821518,0.0000201617
4.927,3.14159,-0.00000577122,-0.0000274176,0.000103123,0.000110100000000062,-0.000466000000000264,-0.0000081614,0.0000198953
4.928,3.14159,-0.00000566834,-0.0000273043,0.000102647,0.000113299999999963,-0.000475999999999841,-0.00000810626,0.000019624
4.929,3.14159,-0.00000556594,-0.0000271878,0.00010216,0.000116499999999959,-0.000486999999999835,-0.00000804972,0.0000193477
4.93,3.14159,-0.00000546403,-0.000027068,0.000101661,0.000119800000000068,-0.000499000000000273,-0.00000799172,0.0000190663
4.931,3.14159,-0.00000536262,-0.0000269447,0.000101151,0.000123299999999958,-0.000509999999999837,-0.00000793222,0.0000187794
4.932,3.14159,-0.00000526173,-0.0000268179,0.000100628,0.000126799999999958,-0.00052299999999982,-0.00000787117,0.0000184871
4.933,3.14159,-0.00000516138,-0.0000266875,0.000100093,0.00013040000000007,-0.000535000000000291,-0.00000780852,0.0000181891
4.934,3.14159,-0.00000506156,-0.0000265532,0.0000995443,0.000134299999999958,-0.000548699999999821,-0.00000774422,0.0000178851
4.935,3.14159,-0.0000049623,-0.000026415,0.0000989824,0.000138200000000075,-0.000561900000000317,-0.00000767821,0.0000175752
4.936,3.14159,-0.00000486361,-0.0000262727,0.0000984065,0.000142299999999953,-0.000575899999999803,-0.00000761043,0.0000172589
4.937,3.14159,-0.0000047655,-0.0000261263,0.0000978163,0.00014639999999995,-0.00059019999999981,-0.00000754083,0.0000169363
4.938,3.14159,-0.00000466798,-0.0000259755,0.0000972113,0.000150800000000086,-0.000605000000000334,-0.00000746936,0.000016607
4.939,3.14159,-0.00000457108,-0.0000258203,0.0000965909,0.000155199999999946,-0.000620399999999784,-0.00000739594,0.0000162708
4.94,3.14159,-0.00000447481,-0.0000256604,0.0000959548,0.000159899999999948,-0.000636099999999793,-0.00000732051,0.0000159276
4.941,3.14159,-0.00000437919,-0.0000254958,0.0000953023,0.00016460000000009,-0.000652500000000363,-0.00000724302,0.0000155771
4.942,3.14159,-0.00000428422,-0.0000253263,0.0000946329,0.000169499999999946,-0.000669399999999767,-0.0000071634,0.000015219
4.943,3.14159,-0.00000418993,-0.0000251517,0.0000939462,0.000174600000000097,-0.000686700000000389,-0.00000708157,0.0000148533
4.944,3.14159,-0.00000409634,-0.0000249719,0.0000932415,0.000179799999999938,-0.000704699999999758,-0.00000699747,0.0000144795
4.945,3.14159,-0.00000400346,-0.0000247867,0.0000925183,0.000185199999999938,-0.000723199999999759,-0.00000691101,0.0000140975
4.946,3.14159,-0.00000391132,-0.0000245959,0.000091776,0.000190800000000107,-0.000742300000000419,-0.00000682214,0.000013707
4.947,3.14159,-0.00000381993,-0.0000243993,0.000091014,0.000196599999999935,-0.000761999999999736,-0.00000673077,0.0000133078
4.948,3.14159,-0.00000372931,-0.0000241968,0.0000902317,0.000202499999999933,-0.00078229999999974,-0.00000663682,0.0000128996
4.949,3.14159,-0.00000363948,-0.0000239881,0.0000894283,0.000208700000000112,-0.000803400000000445,-0.00000654021,0.0000124821
4.95,3.14159,-0.00000355046,-0.0000237731,0.0000886033,0.000214999999999929,-0.000824999999999731,-0.00000644086,0.0000120549
4.951,3.14159,-0.00000346229,-0.0000235516,0.000087756,0.000221500000000124,-0.000847300000000464,-0.00000633867,0.000011618
4.952,3.14159,-0.00000337497,-0.0000233233,0.0000868857,0.000228299999999923,-0.000870299999999713,-0.00000623357,0.0000111708
4.953,3.14159,-0.00000328853,-0.0000230881,0.0000859915,0.000235199999999922,-0.000894199999999697,-0.00000612545,0.0000107131
4.954,3.14159,-0.000003203,-0.0000228457,0.0000850729,0.000242400000000134,-0.000918600000000518,-0.00000601422,0.0000102447
4.955,3.14159,-0.0000031184,-0.0000225958,0.000084129,0.000249899999999916,-0.000943899999999688,-0.00000589979,0.00000976504
4.956,3.14159,-0.00000303476,-0.0000223384,0.0000831591,0.000257399999999916,-0.000969899999999668,-0.00000578205,0.00000927393
4.957,3.14159,-0.0000029521,-0.000022073,0.0000821622,0.000265400000000146,-0.00099690000000055,-0.0000056609,0.00000877099
4.958,3.14159,-0.00000287046,-0.0000217996,0.0000811376,0.000273399999999908,-0.00102459999999967,-0.00000553624,0.00000825584
4.959,3.14159,-0.00000278985,-0.0000215177,0.0000800845,0.000281900000000158,-0.00105310000000058,-0.00000540795,0.00000772813
4.96,3.14159,-0.00000271031,-0.0000212272,0.0000790018,0.000290499999999903,-0.00108269999999963,-0.00000527592,0.00000718745
4.961,3.14159,-0.00000263187,-0.0000209278,0.0000778888,0.000299399999999899,-0.00111299999999963,-0.00000514003,0.00000663343
4.962,3.14159,-0.00000255455,-0.0000206192,0.0000767444,0.00030860000000017,-0.00114440000000064,-0.00000500016,0.00000606564
4.963,3.14159,-0.0000024784,-0.0000203011,0.0000755677,0.000318099999999893,-0.00117669999999961,-0.0000048562,0.00000548368
4.964,3.14159,-0.00000240344,-0.0000199732,0.0000743577,0.000327899999999891,-0.00120999999999959,-0.000004708,0.00000488711
4.965,3.14159,-0.00000232971,-0.0000196353,0.0000731134,0.000337900000000186,-0.00124430000000069,-0.00000455545,0.00000427548
4.966,3.14159,-0.00000225724,-0.0000192869,0.0000718336,0.000348399999999885,-0.00127979999999957,-0.0000043984,0.00000364834
4.967,3.14159,-0.00000218606,-0.0000189278,0.0000705173,0.0003591000000002,-0.00131630000000074,-0.00000423672,0.00000300521
4.968,3.14159,-0.00000211623,-0.0000185576,0.0000691634,0.000370199999999875,-0.00135389999999954,-0.00000407026,0.00000234562
4.969,3.14159,-0.00000204776,-0.000018176,0.0000677707,0.000381599999999872,-0.00139269999999953,-0.00000389888,0.00000166905
4.97,3.14159,-0.00000198071,-0.0000177827,0.0000663379,0.00039330000000022,-0.00143280000000081,-0.00000372242,0.000000975002
4.971,3.14159,-0.00000191511,-0.0000173773,0.000064864,0.000405399999999862,-0.00147389999999951,-0.00000354072,0.000000262936
4.972,3.14159,-0.00000185101,-0.0000169593,0.0000633476,0.000417999999999862,-0.00151639999999948,-0.00000335363,-0.000000467692
4.973,3.14159,-0.00000178845,-0.0000165285,0.0000617873,0.000430800000000238,-0.00156030000000086,-0.00000316097,-0.00000121745
4.974,3.14159,-0.00000172747,-0.0000160843,0.000060182,0.00044419999999985,-0.00160529999999947,-0.00000296258,-0.0000019869
4.975,3.14159,-0.00000166811,-0.0000156265,0.00005853,0.000457800000000255,-0.00165200000000092,-0.00000275828,-0.00000277666
4.976,3.14159,-0.00000161044,-0.0000151546,0.0000568302,0.000471899999999842,-0.00169979999999943,-0.00000254789,-0.00000358733
4.977,3.14159,-0.00000155449,-0.0000146681,0.0000550809,0.000486499999999839,-0.00174929999999941,-0.00000233122,-0.00000441956
4.978,3.14159,-0.00000150031,-0.0000141666,0.0000532806,0.000501500000000278,-0.001800300000001,-0.00000210808,-0.00000527398
4.979,3.14159,-0.00000144796,-0.0000136496,0.0000514279,0.000516999999999826,-0.00185269999999938,-0.00000187827,-0.00000615127
4.98,3.14159,-0.00000139749,-0.0000131167,0.000049521,0.000532899999999823,-0.00190689999999936,-0.00000164159,-0.00000705213
4.981,3.14159,-0.00000134895,-0.0000125674,0.0000475584,0.000549300000000304,-0.00196260000000109,-0.00000139781,-0.00000797725
4.982,3.14159,-0.00000130241,-0.0000120011,0.0000455383,0.000566299999999811,-0.00202009999999933,-0.00000114674,-0.00000892739
4.983,3.14159,-0.00000125792,-0.0000114174,0.000043459,0.000583700000000323,-0.00207930000000115,-0.000000888142,-0.00000990329
4.984,3.14159,-0.00000121553,-0.0000108157,0.0000413186,0.000601699999999799,-0.00214039999999928,-0.000000621788,-0.0000109057
4.985,3.14159,-0.00000117532,-0.0000101955,0.0000391154,0.000620199999999794,-0.00220319999999926,-0.00000034744,-0.0000119355
4.986,3.14159,-0.00000113734,-0.00000955611,0.0000368473,0.000639390000000353,-0.00226810000000126,-0.0000000648561,-0.0000129934
4.987,3.14159,-0.00000110167,-0.00000889706,0.0000345125,0.00065904999999978,-0.00233479999999922,0.000000226216,-0.0000140804
4.988,3.14159,-0.00000106836,-0.00000821772,0.0000321089,0.000679339999999773,-0.0024035999999992,0.000000526035,-0.0000151972
4.989,3.14159,-0.00000103749,-0.00000751745,0.0000296343,0.000700270000000389,-0.00247460000000137,0.000000834867,-0.0000163449
4.99,3.14159,-0.00000100914,-0.00000679563,0.0000270867,0.000721819999999759,-0.00254759999999915,0.00000115299,-0.0000175242
4.991,3.14159,-0.000000983369,-0.0000060516,0.0000244639,0.000744030000000413,-0.00262280000000145,0.00000148068,-0.0000187362
4.992,3.14159,-0.000000960261,-0.00000528468,0.0000217634,0.000766919999999744,-0.0027004999999991,0.00000181823,-0.0000199819
4.993,3.14159,-0.000000939894,-0.00000449417,0.000018983,0.000790509999999736,-0.00278039999999907,0.00000216594,-0.0000212622
4.994,3.14159,-0.000000922348,-0.00000367934,0.0000161203,0.000814830000000451,-0.00286270000000159,0.00000252412,-0.0000225782
4.995,3.14159,-0.000000907707,-0.00000283947,0.0000131727,0.000839869999999719,-0.00294759999999901,0.00000289308,-0.000023931
4.996,3.14159,-0.000000896058,-0.00000197379,0.0000101377,0.000865679999999711,-0.00303499999999899,0.00000327315,-0.0000253217
4.997,3.14159,-0.000000887489,-0.00000108152,0.00000701267,0.000892270000000495,-0.00312503000000173,0.00000366464,-0.0000267512
4.998,3.14159,-0.000000882092,-0.000000161841,0.00000379484,0.000919678999999693,-0.00321782999999893,0.00000406787,-0.0000282208
4.999,3.14159,-0.00000087996,0.000000786062,0.000000481446,0.000947903000000525,-0.00331339400000184,0,0
